,Unnamed: 0,EXT_SOURCE_MEAN,EXT_SOURCE_MIN,EXT_SOURCE_MAX,EXT_SOURCE_3,EXT_SOURCE_2,EMPLOY_YEARS,DAYS_EMPLOYED,BUREAU_DEBT_CREDIT_RATIO,EMPLOY_TO_AGE_RATIO,AMT_GOODS_PRICE,BUREAU_ACTIVE_RATIO,AGE,DAYS_BIRTH,BUREAU_DAYS_CREDIT_MAX,BUREAU_DAYS_CREDIT_MIN,GOODS_CREDIT_RATIO,PREV_CREDIT_APPLICATION_RATIO_MEAN,PREV_REFUSAL_RATE,PREV_APPROVAL_RATE,INST_PCT_LATE,AMT_CREDIT,ORGANIZATION_TYPE_GROUPED,NAME_INCOME_TYPE,INST_PAYMENT_RATIO_MEAN,PREV_REFUSED_COUNT,INST_DPD_MEAN,REGION_RATING_CLIENT_W_CITY,NAME_EDUCATION_TYPE,REGION_RATING_CLIENT,LAST_PHONE_CHANGE_YEARS,DAYS_LAST_PHONE_CHANGE,BUREAU_DAYS_CREDIT_UPDATE_MAX,PREV_DAYS_DECISION_MIN,BUREAU_N_CLOSED,DAYS_ID_PUBLISH,ID_PUBLISH_YEARS,INST_PAYMENT_RATIO_STD,INST_DPD_MAX,EXT_SOURCE_STD,REGION_POPULATION_RELATIVE,INST_DPD_SUM,ORGANIZATION_TYPE_FREQ,FLAG_EMPLOY_ANOMALY,FLAG_EMP_PHONE,INST_PCT_LATE_EARLY,POS_PAID_LAST_2M_SUM,POS_PAID_LAST_3M_SUM,REG_CITY_NOT_WORK_CITY,AMT_ANNUITY,HOUSING_TOTALAREA,POS_PAID_LAST_1M_SUM,POS_PAID_LAST_2M_MEAN,HOUSING_QUALITY_SCORE,CREDIT_TERM,REGISTRATION_YEARS,DAYS_REGISTRATION,HOUSING_FLOORSMAX,INST_N_PAYMENTS_90D,POS_PAID_LAST_3M_MEAN,POS_PAID_LAST_1M_MEAN,HOUSING_ELEVATORS,INST_N_PAYMENTS_180D,HOUSING_YEARS_BEGINEXPLUATATION,HOUSING_LIVINGAREA,HOUSING_APARTMENTS,BUREAU_CREDIT_SUM_MEAN,PREV_CNT_PAYMENT_MEAN,BUREAU_N_ACTIVE,INST_N_PAYMENTS_60D,HOUSING_INFO_COMPLETENESS,POS_N_LOANS,HOUSING_TOTALAREA_WAS_MISSING,HOUSING_QUALITY_SCORE_WAS_MISSING,HOUSING_ENTRANCES_WAS_MISSING,HOUSING_FLOORSMAX_WAS_MISSING,HOUSING_LANDAREA,POS_PAID_LAST_6M_SUM,REG_CITY_NOT_LIVE_CITY,HOUSING_YEARS_BEGINEXPLUATATION_WAS_MISSING,HOUSING_ELEVATORS_WAS_MISSING,HOUSING_APARTMENTS_WAS_MISSING,HOUSING_YEARS_BUILD,NAME_FAMILY_STATUS,HOUSING_BASEMENTAREA,HOUSING_NONLIVINGAREA,HOUSING_NONLIVINGAREA_WAS_MISSING,HOUSING_LIVINGAREA_WAS_MISSING,BUREAU_CREDIT_SUM_SUM,CC_DRAWINGS_ATM_SUM,POS_DPD_MEAN,PREV_AMT_APPLICATION_MEAN,INST_DAYS_ENTRY_PAYMENT_MAX,HOUSING_BASEMENTAREA_WAS_MISSING,AMT_REQ_CREDIT_BUREAU_YEAR,POS_PAID_LAST_6M_MEAN,HOUSING_ENTRANCES,AMT_REQ_CREDIT_BUREAU_QRT,INST_N_PAYMENTS_30D,POS_N_COMPLETED,POS_INSTALMENT_FUTURE_TREND_MEAN,POS_DPD_MAX,BUREAU_N_LOANS,HOUSING_LANDAREA_WAS_MISSING,PREV_AMT_CREDIT_MEAN,NAME_HOUSING_TYPE,NAME_CONTRACT_TYPE,INST_N_PAYMENTS_365D,TOTAL_DOCUMENTS_SUBMITTED,HOUSING_FLOORSMIN,INST_N_PAYMENTS,HOUSING_LIVINGAPARTMENTS,POS_DPD_TREND_MEAN,DEF_30_CNT_SOCIAL_CIRCLE,PREV_DAYS_DECISION_MAX,POS_DPD_TREND_MAX,HOUSING_YEARS_BUILD_WAS_MISSING,AMT_REQ_CREDIT_BUREAU_MON,LIVE_CITY_NOT_WORK_CITY,AMT_REQ_CREDIT_BUREAU_HOUR,AMT_REQ_CREDIT_BUREAU_WEEK,AMT_REQ_CREDIT_BUREAU_DAY,DEF_60_CNT_SOCIAL_CIRCLE,BUREAU_N_CREDIT_TYPES,CREDIT_INCOME_RATIO,INST_AMT_PAYMENT_SUM_60D,INST_AMT_PAYMENT_SUM_30D,HOUSING_FLOORSMIN_WAS_MISSING,HOUSING_COMMONAREA,HOUSING_LIVINGAPARTMENTS_WAS_MISSING,AMT_INCOME_TOTAL,HAS_BUREAU_HISTORY,BUREAU_HAS_BAD_DEBT,HOUSING_NONLIVINGAPARTMENTS_WAS_MISSING,HOUSING_COMMONAREA_WAS_MISSING,EXT_SOURCE_NAN_COUNT,BUREAU_DEBT_SUM,PREV_APP_COUNT,FLAG_WORK_PHONE
Unnamed: 0,1.0,0.0009318963697168439,0.0020221527614622484,-0.00026356854639709635,-0.00034393840250148224,0.0019774656897980154,0.00024195406811212166,0.00024195406811212166,-0.0012109239855701513,0.00026484295041294143,-0.0014897052278866963,-0.0009253724516327584,0.001562029700195402,0.001562029700195402,-0.0028825808917555583,-0.0008836314958166972,0.0009285638187485727,0.0013074466143400405,-0.0020018660178087464,-0.001010995598980461,-0.000969911301858355,-0.0027720302332477557,-0.001810011039502635,0.002721056226193585,-0.0021842890922266316,-0.0026585525285931183,-0.002912434664302922,0.0010327665417067082,-0.0004386365874854873,0.0009048024330534637,0.0009608860105374351,0.0009608860105374351,-0.002749928321535724,0.0008272511122273624,0.0005783928139910314,0.000179301676016657,0.000179301676016657,-0.0025944974204174863,-0.0038912978397410833,0.0007558136381979437,-0.000277152255245991,-0.003571373665765946,0.001828008000633786,0.001365925821156728,0.001334872104153545,-0.0022519815873217335,0.0035427934093218805,0.0043014100021683535,0.0015831017072644442,-0.0014545872812704638,0.0025006597246024064,0.0050420716816914155,0.000856683691250881,0.0014822236414930219,0.0007399964046213809,0.0005534446791256363,0.0005534446791256363,0.00411616540614404,-0.004393024548132187,0.0010309220544580879,0.005670230069597592,0.003993828777433127,-0.004469081612360437,0.0021236647518726565,0.0014508985655863295,0.0011697436824879724,-0.0009263587892279154,2.687528348049669e-05,4.368949528184305e-05,-0.0043807127157833884,0.0012943798533246059,0.0042568336853605416,0.0011840438429148981,0.0010002119937370852,0.0011386756655707867,0.0008787462180398069,-0.0016869646791627911,0.004295359939048614,0.0018845528415681364,0.0008093953542572471,0.001411287988264153,0.0015239789947043495,-0.0008820159039077981,-0.0025764827595295965,4.637602980892016e-05,0.0007772916882148011,0.0007529086067819074,0.001401624604609285,-0.0004594847349125958,-0.002309031978778781,-0.001500097440191058,-0.00017660390320894335,-0.0014751233273665061,0.0009526571817517544,-0.005394615814257235,0.0015197659419718822,-0.0020114390386238436,-0.0018848454610671547,-0.0036471972842278097,0.00445942079499824,0.001701608665043978,0.0010249582009084002,0.0007285606042320434,0.0008721145081117811,0.000459330675833865,-0.0026510440100843977,0.001652924135348321,-0.004458851694210763,0.002462026592851509,0.0016986002282218353,0.0011201004530524464,0.0006961117810380477,-0.0020038763073553165,-0.000112102575872566,-0.0015504229009561663,-9.650650357133294e-05,-0.00017791863639496312,-3.5171035840520255e-05,-6.570319327334136e-05,-0.0011297634152454387,-0.0011297634152454387,-0.0011297634152454387,-0.001290787820568381,-0.0021174134264068515,-0.0004552714828029723,0.0006205214721571612,0.001064638627743479,-2.010764223415614e-05,0.001087766145783468,0.0008295568059548346,0.00013046311359594888,-0.001441585425073593,-0.0014415854250754375,-0.00023116392641377804,0.0006279917569003274,-2.8511817049911772e-05,-0.0004819277904271472,-0.0020318668913330523,0.0004138324155317684
EXT_SOURCE_MEAN,0.0009318963697168439,1.0,0.8645130247345512,0.813278666938507,0.5852829303055519,0.7171738625330063,0.17831470657715978,0.17831470657715978,0.21133338956826545,0.1214757256733594,0.14105969485812786,0.21334505112164484,0.2746548928378493,0.2746548928378493,0.25165925386434246,0.21860102780656684,0.0872751422726206,0.0941404562834737,0.11914562470679757,0.1113742469671569,0.08458774008353342,0.11193379898007522,0.10223055312266052,0.12312300553624285,0.08450740258504807,0.120681080864004,0.07217181704062473,0.21651320486368547,0.09808219143450649,0.22097822682714632,0.18692026386535807,0.18692026386535807,0.20195488244035265,0.10922185935581658,0.1060487082587154,0.12731787898824665,0.12731787898824665,0.06961707667931884,0.05513562938051477,0.2658275517624013,0.19014648513601373,0.05843532723221138,0.09645800746358645,0.09693812707913502,0.09696308232855483,0.0717198202339062,0.025102173182802657,0.027823888639859524,0.1298091558610036,0.05838153785434997,0.11671368707360937,0.026330674819486654,0.018029320312000156,0.11525748078810923,0.03887434194855541,0.13121730276141874,0.13121730276141874,0.10967059366834579,0.040752624488008315,0.016575616767156656,0.030678291628357734,0.10899073084306146,0.039787342165296044,0.10205834293803588,0.10039116662835315,0.10807194295702882,0.06331010305943584,0.0050802283380206315,0.13414493880576006,0.04077968813679824,0.108157335802912,0.03590025495123313,0.10773774731931589,0.10771167934886233,0.10680578671711527,0.10687481163113002,0.10505286906646412,0.03451544285663824,0.09761241158997015,0.10648134307856913,0.10532806514403317,0.10536022001327681,0.09553168875220726,0.09155450842677305,0.09041101791398294,0.09564038661995958,0.09838309951376237,0.10342471280821605,0.048645281022396306,0.026137871016144548,0.03817551007165552,0.08924819828607303,0.012008484248277008,0.08941333000427086,0.052303275762933525,0.013517577756467062,0.08490257774388225,0.029507280624710294,0.03314957307482966,0.028496536287588376,0.027341925806965747,0.03601699294548339,0.05489030337768166,0.0795769392446257,0.07805120459493646,0.1121085850488354,0.002744952135026918,0.03174866152368153,0.001110131968074883,0.07510961595958528,0.058629292788215666,0.07019820743849361,0.0317163358345444,0.04517366504899485,0.07987816147345408,0.031158516822471487,0.07002196710121632,0.04247158906569772,0.08724662456506979,0.05329578601512417,0.05329578601512417,0.05329578601512417,0.04529258853675284,0.057615842703916655,0.029240222315690078,0.0794929607956584,0.07433342865292555,0.06713497464830628,0.06265482506454782,0.06411476526862232,0.08280979610732171,0.04104668636123575,0.041046686361236,0.06213107613346357,0.0600411955203905,0.02466892039607984,0.12353589640017794,0.05903613698027361,0.05949964463938781
EXT_SOURCE_MIN,0.0020221527614622484,0.8645130247345512,1.0,0.48719957732472136,0.5222926585152348,0.6316159419419253,0.14917601152864238,0.14917601152864238,0.17159967874295037,0.09793131074502506,0.11890941034772054,0.16583287914308537,0.2518420332008152,0.2518420332008152,0.20961589407122364,0.15274922784687364,0.07575700887757772,0.0741976965336247,0.11620126155457859,0.10469311249323297,0.08237436975506073,0.0937683410141578,0.09310637103863131,0.10991221414763926,0.08039207391997359,0.12039761294352912,0.07126552591388742,0.1747177394754384,0.05706300450054504,0.17706826969486303,0.14119884279960795,0.14119884279960795,0.17075056123748086,0.07724871611151281,-0.012017967596356932,0.10041679828306914,0.10041679828306914,0.0673538651998602,0.05829865618069883,0.5662972231452621,0.14681601049011275,0.06234613223984447,0.09756925607358648,0.09740556242499657,0.09738722409099375,0.06652511820625721,0.016825634824514685,0.018110420633713976,0.10742932603207515,0.04961827505828268,0.08672041995246561,0.02024275558294169,0.019030744262680473,0.085735444334106,0.037054962013083975,0.12456859017157434,0.12456859017157434,0.0831421989055112,0.04006481236673292,0.01864883733220702,0.028049790957406114,0.08373793295325119,0.03984209242628534,0.07633225625152101,0.07488491974698905,0.08017165629594065,0.028264163397029224,0.002955533464514948,0.17198929395754486,0.03895715072141051,0.07867906579380687,0.01781981893880943,0.0786180222903442,0.07859483440000464,0.07799840276207501,0.07827656792972604,0.0812817481882376,0.02295921945570977,0.08463153154109951,0.07776821980124783,0.07662890009706598,0.07719663625874774,0.07445587593992875,0.07659916761234836,0.06542246096288672,0.06928820592661218,0.07133638439472033,0.07529254329030358,-0.0742746925052148,0.02880637941913015,0.03714601075177356,0.07149307296430824,0.018214474529313924,0.06326157547319006,0.01033352382563318,0.0154072802178786,0.06256169666428994,-0.010441270679787808,0.031195242054361635,0.00959515371428373,0.027427615440627873,0.03719682846955754,-0.06998535411694258,0.05527956272735785,0.06167652413633196,0.09848048822470555,0.0035339564177319593,0.03227912867954559,0.0032377360917043717,0.05587215658340874,0.04627309743251314,0.04998865631212939,0.031629330081754004,0.0383216954745334,0.06991170370792048,0.03243821002370644,0.04766935710885005,-0.05022849960610391,0.07032786294291284,-0.08434513031488719,-0.08434513031488719,-0.08434513031488719,0.03858000895205576,-0.06799048515234088,0.02350313878295001,0.06865408215665382,0.0651745081202439,0.045491228577933626,0.042430031159442806,0.04261226725876244,0.04939220769777021,-0.09306879088345325,-0.09306879088345267,0.04110008083553062,0.039678243028688547,-0.20110306244691728,0.17825947044540283,0.0611252071716109,0.05709856899089062
EXT_SOURCE_MAX,-0.00026356854639709635,0.813278666938507,0.48719957732472136,1.0,0.49544343211452924,0.6154987297668363,0.1602466370482372,0.1602466370482372,0.19911353370032459,0.1147102496880362,0.12461934510206574,0.21050130708559636,0.22012259623363345,0.22012259623363345,0.23064501408741842,0.23356121813345262,0.07458998354423522,0.09104319274005925,0.08888325795782374,0.08718095539419662,0.062149853079654656,0.09999516500512959,0.08464370576757305,0.10409797733909833,0.06421149189952427,0.08612761181404267,0.051854431121275156,0.2048069049578416,0.11429082011188499,0.21059077841852858,0.1830854443848146,0.1830854443848146,0.18495586729195654,0.115567579164476,0.2168112911643251,0.12372869702063376,0.12372869702063376,0.05171634043362156,0.03510967164101158,-0.17019901225061024,0.18899015295818336,0.03677078726452438,0.06920108920453191,0.07009637723521797,0.07013736193587816,0.05623736568781355,0.028775092544225278,0.03224557904148841,0.11772326765963848,0.05188034733489735,0.1166670144203627,0.027154367719994625,0.012325764949273342,0.11548612859557811,0.030550684055021468,0.10193348659559708,0.10193348659559708,0.10812710155539104,0.030799598765362937,0.01079095768300973,0.025684119353620194,0.10595789153373276,0.029114713219321155,0.10145282241507575,0.09981777900002362,0.10854573622795775,0.08417271063315279,0.006029253716943601,0.0531724015674727,0.032475455573977664,0.11091607181143066,0.047478712193928026,0.11021031954196811,0.11020547762684293,0.10918674307134581,0.10898156354020573,0.10158812208771958,0.03853510822722188,0.08392263485093106,0.10897049098852724,0.10776177070765311,0.1075908007508061,0.09163992477181929,0.08230825751524998,0.09342027549256034,0.09778770257194946,0.10059454287722334,0.10587790686703828,0.18166942586654328,0.01677733647751248,0.027602729981465846,0.08428907690060418,0.0014523374712117694,0.09431720218234674,0.08853597175852357,0.008842309849767267,0.08633756785179304,0.07204530244080383,0.02609586302624242,0.042768106173705356,0.018301356856930417,0.023802654278141287,0.19115671139756948,0.08444192426868641,0.0748774728059552,0.09440761543365896,0.00048756992994026914,0.022515805114824605,-0.0019200421433868328,0.0755350505360005,0.055494638734417685,0.07341842156587951,0.022294548298627936,0.03930326077367692,0.06903156861234278,0.020774148872573495,0.07648206903395277,0.14475835010973728,0.08084606073033972,0.20747353141722863,0.20747353141722863,0.20747353141722863,0.039729023584047264,0.19629729402574994,0.026987648019905518,0.06843844666937275,0.06321743304094977,0.0736200434372593,0.06751697341723566,0.07116077664656985,0.09779169136534176,0.19377601952428936,0.19377601952429024,0.06916777098423231,0.06679779349233239,0.2956776928826455,0.025967646890008363,0.03889603062474018,0.04560483419470077
EXT_SOURCE_3,-0.00034393840250148224,0.5852829303055519,0.5222926585152348,0.49544343211452924,1.0,0.10551761135735656,0.12883209232285328,0.12883209232285328,0.3116117773222705,0.10251827681790872,0.09158321861088285,0.33219383693168414,0.17818759122165956,0.17818759122165956,0.3627123203978914,0.23904649168662723,0.04548596205775296,0.07390556777077656,0.156745110311855,0.1647586148515591,0.10522120938351176,0.06646474661798446,0.08793176307342387,0.08850529677912918,0.09269715820841148,0.16734463575378097,0.0865927323139675,0.004584263239181943,-0.012684047051004928,0.00512345428699936,0.08829962333466299,0.08829962333466299,0.3280034114514356,0.10801234158055847,0.15699677352940092,0.12460645343108523,0.12460645343108523,0.07841414313105459,0.07383155784268897,0.21942050676511515,-0.0015979979554943402,0.07323336746138276,0.10388713018965413,0.09997389938423414,0.09999185216812406,0.09240847992185637,0.046173056374251224,0.045687934501626705,0.07362729805674248,0.032211922980927975,0.012677636976420676,0.047101622055465434,0.04437541773766257,0.013542428864428526,0.05856124628290515,0.09289191212909705,0.09289191212909705,0.009593484898150085,0.0576734325488531,0.04269802727062096,0.054205313114884204,0.011332695479888296,0.059925287007966316,0.020166913831531602,0.011567689752964617,0.011249146104384123,0.00715028701879388,0.048961322235552926,0.2602079277692321,0.054692668429619395,0.014274563237064837,0.044736350143310316,0.01398375801147447,0.014229252265634753,0.01402955715690681,0.014503750881289473,0.029238048991870002,0.04549603178016485,0.07099853041582799,0.013690803261828087,0.014076759850730139,0.01386711535430797,0.03345018085829901,0.05724348355442681,0.011578539673513763,0.011177915546608696,0.012323140615440594,0.013148193613997593,0.04597541434304714,0.050886676664529264,0.04565346918443281,0.01730866300241225,0.022406265862401395,0.011472843185496987,0.08451773468175974,0.03512780788343126,0.01211785499201688,0.05281209466199884,0.043752911334544585,0.02807908091376202,0.040970979783211105,0.046620726012883335,0.12055612755101892,0.01060133812672664,0.01536354333018287,0.06425651687163758,-0.00764730160696231,0.055464189332578455,-0.006720453170749195,0.007926848221985338,0.018924921029809607,0.008608435592390199,0.036249088881144684,0.0324147000773556,0.10110125850227751,0.041421565066716334,0.01001373743593445,0.05923381009246053,0.04126891940248873,0.1196907744312909,0.1196907744312909,0.1196907744312909,0.030720532897473257,0.1506061020194199,0.03262091661897887,0.04024877090942501,0.03856303927960848,0.009672380370811482,0.008720232722805884,0.009086120254982174,-0.033720683158408586,0.10700210859854212,0.10700210859854223,0.008317958384191507,0.007404513041520753,0.07314580101819423,0.22183533796045113,0.07175876856372038,0.055699076665574734
EXT_SOURCE_2,0.0019774656897980154,0.7171738625330063,0.6316159419419253,0.6154987297668363,0.10551761135735656,1.0,0.09795204133107356,0.09795204133107356,0.044193423408855556,0.06850341048354364,0.09977456479257354,0.040073400699390915,0.09549761892229512,0.09549761892229512,0.07391570619424083,0.0964847259362197,0.07172761730452422,0.07046207636846077,0.039606875270268425,0.027459163267637834,0.03808248155227912,0.08834452647832555,0.008443605216334102,0.04301991152458355,0.040063835418869743,0.03969378601028854,0.036434178293123176,0.3160537866136062,0.12785911079728443,0.3229609226614114,0.1837744735467269,0.1837744735467269,0.029151675325400573,0.052162675214279385,0.05639522215810968,0.05383043127381072,0.05383043127381072,0.03289255997557888,0.026935698938138,0.17521621749948205,0.2894427513357802,0.032004726117114364,-0.01801855438574213,-0.01403542424828789,-0.013992088417833486,0.03046305955596531,0.006389626374509045,0.008390640329894415,0.08083990942071342,0.049113531381281626,0.1493600761188368,0.003811834580068191,-0.003697307998087868,0.14719986448353167,0.007399869636512825,0.0650936009945751,0.0650936009945751,0.14196788897614662,0.013564685194241154,-0.003497704889644303,0.000268214665555784,0.14043096707490077,0.011279871716560811,0.11370810829177909,0.12588066918679297,0.14012387295651071,0.10110428185500857,-0.007497178905215045,-0.0012385255005771887,0.0159129743894844,0.13550102807882747,0.0043970765907422335,0.13541180288649993,0.13529120391455218,0.1342275313333326,0.13384986274552482,0.10522881197917483,0.007416699804724533,0.04436792833241287,0.13394906728405168,0.13163584305752232,0.13206175525775832,0.08296603678817914,0.03913480562899724,0.1108840055014209,0.11994366718067413,0.12273222012216096,0.12997239406218936,0.0801728202482904,0.0016574612561889657,0.019944411597812715,0.08232069206270758,-0.0015670827693852587,0.11232046261600998,0.02995448548030815,-0.003388921708666734,0.10680616088609399,0.019830892033637783,0.01432982153621995,0.01159977059356748,0.00032008091373889334,0.017911803219978803,0.0433820047474097,0.09896571933817118,0.07264134071303059,0.056505044968676546,0.014383898499013222,0.009149026786089098,0.012004690157780766,0.09635304224657293,0.04703781073085877,0.08720276459125482,0.018825944274887305,0.03377249121079509,0.03677385819803496,0.01525480514233688,0.08644050681502079,0.051959621463320754,0.0632671454961108,0.040932981197386475,0.040932981197386475,0.040932981197386475,0.0355692787445753,0.023976714282493858,0.010419927012244604,0.06057828938263129,0.055434487197377244,0.08253459798460121,0.07361251908251086,0.07867537655751969,0.13646401079847503,0.036780367494537294,0.036780367494536156,0.07633490448005531,0.07340287046889048,0.06218433423753116,-0.027985028525468914,0.0338331081186958,0.018449910961659596
EMPLOY_YEARS,0.00024195406811212166,0.17831470657715978,0.14917601152864238,0.1602466370482372,0.12883209232285328,0.09795204133107356,1.0,1.0,0.06837443514439184,0.942802279786526,0.09266864387775574,0.08443851084347881,0.26836926808907724,0.26836926808907724,0.04293893106858243,0.20442499556030694,0.025677151408246255,0.024120775406711172,0.03727844590142812,0.04419805756108102,-0.0009908309080925712,0.055957766509374965,0.14100218044832535,0.08467338343808689,0.011923658234665057,0.0061125949472751505,-0.018747702818729336,-0.007994420926944613,-0.003064913448314805,-0.010214383848135387,0.16195244691364225,0.16195244691364225,-0.01106404090014168,0.15725478814703517,0.14798933670907724,0.11256884711892949,0.11256884711892949,0.006821264533443772,-0.037844302791904934,0.03807229219880194,-0.011490588615102569,-0.04608771255551304,0.0737566188751588,0.04505265490015414,0.04509403167660346,0.0076332797202527235,0.01240420088519252,0.0214091659487097,0.13954034805332763,0.0138180951450334,0.017301769168892995,0.020288449961495505,-0.003590766601426726,0.0183305544710436,-0.00453506926828055,0.13216814235640406,0.13216814235640406,0.009925706440221636,0.00864882491472905,-0.00422526628552699,0.02753437645420106,0.010620648233206173,0.006757226856276823,0.031464726337035766,0.017312443063494904,0.016760603690971376,0.060741761724432894,-0.032992089592242854,-0.08065497545449497,0.008994827505676137,0.023013811772750144,0.10034650098714168,0.022580999959507436,0.02229721773651029,0.022509378799351613,0.0223350105323357,0.05243140923869094,0.050243462369759836,0.12021020587781345,0.022661387709876933,0.021043367298337206,0.02161360474196672,0.05529888892378426,0.11485523753986444,0.024421301154607396,0.018714781252129137,0.021768420666547543,0.021718082679092445,0.12175643676643612,-0.02175493419563725,-0.01470431626555247,0.06430980063828654,-0.012139193445071224,0.02273652775631281,0.009171723984303532,-0.0011088573695269956,0.021218840583830403,0.02744336280485862,0.0031451410415765167,0.08636407961978464,0.016990471554406642,-0.02488465842945424,0.06830937292823827,0.021343268467762636,0.05712255616068595,0.11214252281697962,-0.042073237238460896,-0.0043669051700657045,-0.05232431292953938,0.00836821052141168,0.06426488240594033,0.013518277281974406,-0.01597663180844391,0.010897076845433645,0.03632324665280431,-0.021966179453860733,0.018137874158334462,0.057976017379592334,0.0829870991318732,0.07019390176918355,0.07019390176918355,0.07019390176918355,0.011624619448327959,0.049070292496257044,0.021039226656086426,0.05854771768643944,0.054971071326135115,0.017516105732730675,0.016676312946630103,0.01708526603663582,0.04348599829303808,0.06884368236896955,0.06884368236896578,0.01689330914139058,0.017248543674133213,0.012264653438413719,-0.07917234503867805,-0.041187820088005665,-0.002159904487558905
DAYS_EMPLOYED,0.00024195406811212166,0.17831470657715978,0.14917601152864238,0.1602466370482372,0.12883209232285328,0.09795204133107356,1.0,1.0,0.06837443514439184,0.942802279786526,0.09266864387775574,0.08443851084347881,0.26836926808907724,0.26836926808907724,0.04293893106858243,0.20442499556030694,0.025677151408246255,0.024120775406711172,0.03727844590142812,0.04419805756108102,-0.0009908309080925712,0.055957766509374965,0.14100218044832535,0.08467338343808689,0.011923658234665057,0.0061125949472751505,-0.018747702818729336,-0.007994420926944613,-0.003064913448314805,-0.010214383848135387,0.16195244691364225,0.16195244691364225,-0.01106404090014168,0.15725478814703517,0.14798933670907724,0.11256884711892949,0.11256884711892949,0.006821264533443772,-0.037844302791904934,0.03807229219880194,-0.011490588615102569,-0.04608771255551304,0.0737566188751588,0.04505265490015414,0.04509403167660346,0.0076332797202527235,0.01240420088519252,0.0214091659487097,0.13954034805332763,0.0138180951450334,0.017301769168892995,0.020288449961495505,-0.003590766601426726,0.0183305544710436,-0.00453506926828055,0.13216814235640406,0.13216814235640406,0.009925706440221636,0.00864882491472905,-0.00422526628552699,0.02753437645420106,0.010620648233206173,0.006757226856276823,0.031464726337035766,0.017312443063494904,0.016760603690971376,0.060741761724432894,-0.032992089592242854,-0.08065497545449497,0.008994827505676137,0.023013811772750144,0.10034650098714168,0.022580999959507436,0.02229721773651029,0.022509378799351613,0.0223350105323357,0.05243140923869094,0.050243462369759836,0.12021020587781345,0.022661387709876933,0.021043367298337206,0.02161360474196672,0.05529888892378426,0.11485523753986444,0.024421301154607396,0.018714781252129137,0.021768420666547543,0.021718082679092445,0.12175643676643612,-0.02175493419563725,-0.01470431626555247,0.06430980063828654,-0.012139193445071224,0.02273652775631281,0.009171723984303532,-0.0011088573695269956,0.021218840583830403,0.02744336280485862,0.0031451410415765167,0.08636407961978464,0.016990471554406642,-0.02488465842945424,0.06830937292823827,0.021343268467762636,0.05712255616068595,0.11214252281697962,-0.042073237238460896,-0.0043669051700657045,-0.05232431292953938,0.00836821052141168,0.06426488240594033,0.013518277281974406,-0.01597663180844391,0.010897076845433645,0.03632324665280431,-0.021966179453860733,0.018137874158334462,0.057976017379592334,0.0829870991318732,0.07019390176918355,0.07019390176918355,0.07019390176918355,0.011624619448327959,0.049070292496257044,0.021039226656086426,0.05854771768643944,0.054971071326135115,0.017516105732730675,0.016676312946630103,0.01708526603663582,0.04348599829303808,0.06884368236896955,0.06884368236896578,0.01689330914139058,0.017248543674133213,0.012264653438413719,-0.07917234503867805,-0.041187820088005665,-0.002159904487558905
BUREAU_DEBT_CREDIT_RATIO,-0.0012109239855701513,0.21133338956826545,0.17159967874295037,0.19911353370032459,0.3116117773222705,0.044193423408855556,0.06837443514439184,0.06837443514439184,1.0,0.04707136658482595,0.052030871061868704,0.5392870366418646,0.12634292355134064,0.12634292355134064,0.30671135022455065,0.2981272654547091,0.0460398670124503,0.06042763695150445,0.04583817279110412,0.04330026052711449,0.01652323740409823,0.042267780495444905,0.030119019735920696,0.0499442755610965,0.022027268641157362,0.04048231938004753,0.00660657453007794,0.0027878184162492907,0.00028268968469436244,0.002973696724670681,0.04235697484444452,0.04235697484444452,0.3848946263672399,0.08060476569828429,0.3174971547335948,0.08678227813897926,0.08678227813897926,0.013036146244982925,0.0037712057528970656,0.023320422578345514,-0.00022003028003384146,0.0095323091335924,0.06144160803697096,0.06352144260440333,0.06355344707928476,0.01308015478836872,0.042797704911969894,0.04288959501935882,0.0533681573929839,0.03068598408872119,0.027165918685359735,0.04380691402200809,0.04455569881165748,0.0278231814926987,0.0622762120370898,0.06121439216617232,0.06121439216617232,0.020809611591732165,0.019450867230010573,0.0439509499370499,0.04989817699482246,0.021190788209561346,0.019544459946298522,0.026886825278186068,0.025039630484406657,0.026173597156888256,-0.16404198969256426,0.044034426966711934,0.11272043173930787,0.019597142032677473,0.03059103329613712,0.05619982892891038,0.030336334807745943,0.030480796634389178,0.03116079373797138,0.03055392249866852,0.02887969715345202,0.03954106958252357,0.0458231243653847,0.030151773151649207,0.03013088506480672,0.02891855324560377,0.02642437456480713,0.019533656186316025,0.024013287637414966,0.026277918802672755,0.0280434525817685,0.030346016415580736,-0.003979865690235444,0.034727788175957196,-0.0015981502123124244,0.020467506504038602,0.01437243921835597,0.023854854119454493,0.05262337533309666,0.0347684461212737,0.02619196376839763,0.03496339103169317,0.013152136795602043,0.03677025050783725,0.02108637365867942,-0.0037999485216163526,0.07743818523151302,0.023004428395944406,0.015588634763448937,0.03698659426705259,-0.014996564093281092,0.020691068284378063,-0.014605041024577221,0.012939420881852405,0.02920568507964925,0.015014333779877707,-0.004431287131094144,0.014996850710648057,0.00024375014388890097,-0.003017162128258432,0.017273846494905137,0.07437276837408922,0.03388319650307254,0.1053133830299139,0.1053133830299139,0.1053133830299139,0.013116477923614294,0.12789454472257009,0.010341307059530253,0.04730410759523907,0.047546687560305126,0.017290647301125114,0.014960932561019486,0.01672444693937013,-0.023967928605963813,0.10895233327637029,0.10895233327636997,0.016522537285608,0.015768622703234494,-0.007341800502469034,0.5619190645296129,0.013159647114252595,0.03227197868847775
EMPLOY_TO_AGE_RATIO,0.00026484295041294143,0.1214757256733594,0.09793131074502506,0.1147102496880362,0.10251827681790872,0.06850341048354364,0.942802279786526,0.942802279786526,0.04707136658482595,1.0,0.06638015747737473,0.06718326462505328,0.12635669017232995,0.12635669017232995,0.025697347105918256,0.1620749300532211,0.027411042109670686,0.030643650179763025,0.03599875553174775,0.0480317747558009,-0.003744824460984306,0.04056376492344328,0.16201033916964938,0.10306807916046797,0.0045693397792292804,0.010824807151468498,-0.01612815488340273,-0.019872947888082637,0.009159520451660448,-0.02226422188238767,0.13426460352977324,0.13426460352977324,-0.01874205218352841,0.1324877611419647,0.12843890152020207,0.10112819189269594,0.10112819189269594,0.002401531279072335,-0.0290086938194993,0.027414253584839537,-0.02300890333955407,-0.036822202117244386,0.09733767457019901,0.0689456796411494,0.06897261744083369,0.004585199696719283,0.019683270535828332,0.02620624754869656,0.12723414612628905,0.011406734757573523,0.011815265097971407,0.024566757675487542,0.006078466952279259,0.013193679208738691,0.0009755486235216005,0.08425190697640872,0.08425190697640872,0.004189131728215998,0.01090361575060422,0.006124934460368851,0.0287929267806714,0.004598687095126908,0.009539468379730083,0.022711532629749277,0.012686137045546282,0.011692617929117511,0.05489620537883524,-0.00651158114649979,-0.07449758533699091,0.011116769058641483,0.01733875181717723,0.08852717267686419,0.016965846076882986,0.016739045493951873,0.017085707166027347,0.016833179853085967,0.03355066272609435,0.04520136401875738,0.09308588296236905,0.01706536649840734,0.015403487527423666,0.016128317302476988,0.034875453328649476,0.084398264965332,0.018527085604102437,0.013712184211513736,0.016404117964478607,0.01637526507607441,0.10968940694421994,-0.008617500338119987,-0.01228518348420842,0.03726189876811035,-0.007702441481792373,0.01726040248730053,0.01811048562365914,0.008534586019125472,0.017368246513027687,0.02618394155283749,0.006396331674654032,0.07829186581430812,0.014506693769162575,-0.019979825730797957,0.06023820909121186,0.016177743616893576,0.032439491576374796,0.06869193443083212,-0.031790276716964265,0.003320188052420759,-0.04130931666904834,0.0033678556715095987,0.04369770336368585,0.008062480110108771,-0.01405978333075049,0.005391737495658659,0.03597683530228474,-0.01858980767199085,0.013122279049062322,0.049820712870066126,0.08437091124880217,0.0609798863018489,0.0609798863018489,0.0609798863018489,0.006281028159094442,0.04300829753637025,0.020129134981916704,0.0389504055922097,0.03696964366403261,0.012700385652473717,0.011092610970348304,0.012510739603084464,0.02596260038142889,0.061332923447013084,0.06133292344701279,0.012195237685033248,0.012463690251522027,0.030348465982335794,-0.07750318278577571,-0.03223115129821031,-0.006369702599840932
AMT_GOODS_PRICE,-0.0014897052278866963,0.14105969485812786,0.11890941034772054,0.12461934510206574,0.09158321861088285,0.09977456479257354,0.09266864387775574,0.09266864387775574,0.052030871061868704,0.06638015747737473,1.0,0.05130975236903598,0.09828994602918749,0.09828994602918749,0.047711234107095345,0.08226569697197603,0.19302819159687692,0.0533502826269514,0.08800721896321897,0.07933332693969755,0.05198422846332029,0.7911392390052973,0.03306987493249253,0.052370607689068774,0.05836894205629459,0.07972743970893566,0.03855516189240048,0.058867789551672774,0.07756774869914858,0.0563752465108799,0.06085742033408398,0.06085742033408398,0.023183666987325418,0.07110894454959511,0.056138414415827426,0.03392097952871262,0.03392097952871262,0.042915685557809245,0.018960822553663565,0.035870713923292746,0.058158557451826694,0.027696404098006677,0.01815305658048796,0.018210196444058798,0.01823814497149831,0.056229590405869875,0.03717544765388214,0.04298946606403267,0.04163840536400956,0.35847320898050905,0.04884838175735799,0.028969237584450917,-0.009972434124859042,0.04634228430926794,-0.018070980269009822,0.03297875015640301,0.03297875015640301,0.04974407429357893,0.00791428122283627,-0.013313734494288881,-0.002218273524632372,0.04834007541994786,0.005554504603532312,0.04677105094115017,0.044241404291384595,0.04354179752171832,0.08125544173735452,-0.0028690717448844882,-0.00508146188368646,0.010216089685918407,0.04104060350951633,0.06222409327772716,0.03988825008193724,0.03987475968557707,0.040159998851470494,0.0398623037581184,0.04508589434281956,0.04828625527547659,0.03599162164664901,0.039347481227711166,0.04098339414602733,0.03980669702424153,0.04924775723986535,0.06837103869600433,0.040822406048766115,0.04005303161586332,0.03995948916012899,0.03795662397132506,0.06398017729533183,0.004570570167883106,0.02574811847835399,0.09063197944073702,-0.004922438914666078,0.03827636971461765,0.024755711008172976,-0.018051276589340456,0.031993720319665776,0.03038870882950747,0.014087598885776174,0.06916951751167241,-0.00037831805528948853,0.01883935601490038,0.023317643685394716,0.032773202547507575,0.078780241059719,0.049276672745333094,-0.08204587381353738,0.014232603233804746,-0.07054307575494091,0.03508718897280433,0.08394447318750904,0.03633212028399146,0.01937982278737249,0.02291254831382894,0.030360248659379526,0.01764787681808019,0.033520899458650055,0.03499523926521726,0.023766388553661498,0.022393402717930166,0.022393402717930166,0.022393402717930166,0.02218513425234635,0.012305797159508114,0.3120674377221873,0.050711152240050704,0.04506238603909306,0.032035648104023755,0.033193234347474516,0.03230493208306337,0.19218292104295737,0.021091968429811085,0.021091968429811203,0.031080634952185344,0.030660708996777523,0.02192288522813296,-0.01742154751897232,0.042799115491673825,0.004562271963579819
BUREAU_ACTIVE_RATIO,-0.0009253724516327584,0.21334505112164484,0.16583287914308537,0.21050130708559636,0.33219383693168414,0.040073400699390915,0.08443851084347881,0.08443851084347881,0.5392870366418646,0.06718326462505328,0.05130975236903598,1.0,0.10302693905352993,0.10302693905352993,0.2609571531520577,0.42926911131229684,0.04560092031705192,0.06369848829197092,0.03993368838864549,0.0392473185353944,0.018524213840103457,0.03966591679503272,0.02656627229258024,0.03258565747342923,0.025319794812077433,0.013900772736522269,0.0034073366867863274,-0.02641296100345474,-0.008188052062533247,-0.024504484813373372,0.07657487644418894,0.07657487644418894,0.39291903219358,0.12218665478593477,0.5527826703795097,0.10630198844469635,0.10630198844469635,0.013388725940561595,-0.004859129450942712,0.03495290265962627,-0.019617628328920726,-0.006398835013304293,0.044716623510433935,0.04543770025875274,0.04544429798266709,0.020560110170332133,0.051540437537108075,0.05589318763805064,0.04916271912867339,0.02285341664762491,0.01617539002971161,0.052189201264232904,0.03223275277784513,0.018370091326114807,0.06099291611766482,0.03699815436640568,0.03699815436640568,0.005654237407578027,0.02001920665777266,0.03171027180137463,0.03884373998502641,0.006343408746948388,0.018726283469342783,0.022982108340157213,0.012283462139402524,0.017016474711254902,-0.11878611689236059,0.04794323815564167,0.26973193869732287,0.02035366972691522,0.026284195373899904,0.11314674496317557,0.025839834265717076,0.02592269761673419,0.026609772574466114,0.026511342613836954,0.02591704802396672,0.057335537035952434,0.0468984517163241,0.026237239628519485,0.02566054472343824,0.02462980289170576,0.02752531625611993,0.026493529535944676,0.018395501890470966,0.020872232670977105,0.023469201377948196,0.0253337871788026,0.058964557801564656,0.027914693634182954,-0.00452323780231235,0.019402743339517022,0.013338663715565418,0.021736828812300844,0.03906963830122414,0.020271469515241197,0.02055087782637979,0.04311740256475842,0.015890582799879826,0.09338784281149572,0.005661168808662072,-0.009670683083781143,0.09480294488949627,0.021762141093223348,0.013373539253960565,0.039213565600516975,-0.02762040750284716,0.016889466248155623,-0.028032439046131535,0.004031777450479403,0.0231195131672218,0.012282898950609826,-0.0099376820825784,0.011758159083371415,-0.0030136306385594863,-0.008709462416650713,0.018065479961335083,0.1022676723989488,0.0303298066545268,0.10371396011255758,0.10371396011255758,0.10371396011255758,0.010825104794926307,0.128114942435144,0.01373164550512611,0.04986251028297116,0.04684128582516221,0.017739438641384633,0.014228370355416449,0.017589736784677526,-0.026778791735805597,0.1072976446344531,0.10729764463445528,0.017377212655921494,0.015779182587926748,0.044618525663925906,0.287700328262327,-0.033748064568286086,0.027125518350631418
AGE,0.001562029700195402,0.2746548928378493,0.2518420332008152,0.22012259623363345,0.17818759122165956,0.09549761892229512,0.26836926808907724,0.26836926808907724,0.12634292355134064,0.12635669017232995,0.09828994602918749,0.10302693905352993,1.0,1.0,0.06763577956887393,0.1958599857657014,0.016766336760435797,-0.019534972214226582,0.03777988753191103,-0.0003491956395902537,0.02368878571183807,0.04935414646914525,0.5056672293417394,0.48770717374702777,0.043434900928236764,-0.0029165360191385483,-0.0020150599245291525,0.006506084378341672,-0.1165087903338415,0.007933129604882074,0.08799892071520046,0.08799892071520046,0.060676286282688535,0.1128613797652811,0.09676508008456602,0.3075270955185535,0.3075270955185535,0.02970316441769757,-0.02231948954100319,0.022209345287137167,0.004447455788642611,-0.027220977961589114,0.6198456323089977,0.6266305485503415,0.6265671422564657,0.022347717686227567,-0.03674980108899136,-0.026147772340464157,0.24110421487478587,0.009220877032136992,0.01159327341543549,-0.017342277972611387,-0.030540777838677383,0.012317037737022807,0.022553187400601356,0.34785899909112805,0.34785899909112805,0.006814153375381505,0.020355215499315592,-0.03183904358825581,0.0007799390500654577,0.010295713627292424,0.018548639172291666,0.0365706133117885,0.011869779618755003,0.011602205426866947,-0.03724883547397705,-0.140705540049942,-0.012650268635740477,0.018034541508386185,0.020196098017061834,0.08152746916414491,0.019500237319227086,0.019193624519968394,0.01944269557941493,0.019503321866014556,0.09137163982804616,0.02718975474007112,0.17599652614351977,0.019126199595601606,0.020016515608284012,0.019203992182487584,0.10006366265469774,0.2511749457168643,0.022392184462548283,0.013440769699408264,0.018915310243580712,0.019031201891578423,0.029497034622809497,0.0006908946835080373,-0.006241679764630937,0.10386881855391669,0.02147075321881455,0.019896548845160185,-0.0477731080748123,-0.027905179858775837,0.016117413468141807,0.006284980735370637,0.006730730038567435,0.051203817330153785,0.011702969295721611,-0.017209321558633958,0.033599427339679126,0.017730168377152338,0.08558845221418647,0.2330555249469969,-0.08184751776534922,-0.005211481801584919,-0.0886811714178902,0.008855454807611053,0.07931929807733389,0.015960277706669905,-0.0026332148590474946,0.0024595082696310918,-0.012662231471359609,-0.006992021347365683,0.018631959375112014,0.014906214663055927,0.16008390364930414,0.0426509136750223,0.0426509136750223,0.0426509136750223,0.004230556923822467,0.036225630826155535,0.015999301747881983,0.07445231326711955,0.07007806010071103,0.018043232134612116,0.01975634000117512,0.016862785900079332,-0.013485136424708775,0.03120311457410685,0.031203114574107876,0.016768878597703946,0.0170061642107419,-0.15563053496963544,0.026954555077160172,-0.054724402474231715,0.17298147351133264
DAYS_BIRTH,0.001562029700195402,0.2746548928378493,0.2518420332008152,0.22012259623363345,0.17818759122165956,0.09549761892229512,0.26836926808907724,0.26836926808907724,0.12634292355134064,0.12635669017232995,0.09828994602918749,0.10302693905352993,1.0,1.0,0.06763577956887393,0.1958599857657014,0.016766336760435797,-0.019534972214226582,0.03777988753191103,-0.0003491956395902537,0.02368878571183807,0.04935414646914525,0.5056672293417394,0.48770717374702777,0.043434900928236764,-0.0029165360191385483,-0.0020150599245291525,0.006506084378341672,-0.1165087903338415,0.007933129604882074,0.08799892071520046,0.08799892071520046,0.060676286282688535,0.1128613797652811,0.09676508008456602,0.3075270955185535,0.3075270955185535,0.02970316441769757,-0.02231948954100319,0.022209345287137167,0.004447455788642611,-0.027220977961589114,0.6198456323089977,0.6266305485503415,0.6265671422564657,0.022347717686227567,-0.03674980108899136,-0.026147772340464157,0.24110421487478587,0.009220877032136992,0.01159327341543549,-0.017342277972611387,-0.030540777838677383,0.012317037737022807,0.022553187400601356,0.34785899909112805,0.34785899909112805,0.006814153375381505,0.020355215499315592,-0.03183904358825581,0.0007799390500654577,0.010295713627292424,0.018548639172291666,0.0365706133117885,0.011869779618755003,0.011602205426866947,-0.03724883547397705,-0.140705540049942,-0.012650268635740477,0.018034541508386185,0.020196098017061834,0.08152746916414491,0.019500237319227086,0.019193624519968394,0.01944269557941493,0.019503321866014556,0.09137163982804616,0.02718975474007112,0.17599652614351977,0.019126199595601606,0.020016515608284012,0.019203992182487584,0.10006366265469774,0.2511749457168643,0.022392184462548283,0.013440769699408264,0.018915310243580712,0.019031201891578423,0.029497034622809497,0.0006908946835080373,-0.006241679764630937,0.10386881855391669,0.02147075321881455,0.019896548845160185,-0.0477731080748123,-0.027905179858775837,0.016117413468141807,0.006284980735370637,0.006730730038567435,0.051203817330153785,0.011702969295721611,-0.017209321558633958,0.033599427339679126,0.017730168377152338,0.08558845221418647,0.2330555249469969,-0.08184751776534922,-0.005211481801584919,-0.0886811714178902,0.008855454807611053,0.07931929807733389,0.015960277706669905,-0.0026332148590474946,0.0024595082696310918,-0.012662231471359609,-0.006992021347365683,0.018631959375112014,0.014906214663055927,0.16008390364930414,0.0426509136750223,0.0426509136750223,0.0426509136750223,0.004230556923822467,0.036225630826155535,0.015999301747881983,0.07445231326711955,0.07007806010071103,0.018043232134612116,0.01975634000117512,0.016862785900079332,-0.013485136424708775,0.03120311457410685,0.031203114574107876,0.016768878597703946,0.0170061642107419,-0.15563053496963544,0.026954555077160172,-0.054724402474231715,0.17298147351133264
BUREAU_DAYS_CREDIT_MAX,-0.0028825808917555583,0.25165925386434246,0.20961589407122364,0.23064501408741842,0.3627123203978914,0.07391570619424083,0.04293893106858243,0.04293893106858243,0.30671135022455065,0.025697347105918256,0.047711234107095345,0.2609571531520577,0.06763577956887393,0.06763577956887393,1.0,0.15003236942721745,0.021608377006528984,0.029282113288641262,0.05643123416543496,0.0685669063869799,0.004082352076655907,0.038181313346584214,-0.00662429333759446,0.020181079202640954,0.008214838143363462,0.0758392941751541,-0.0006417985707663878,0.045608713332067785,0.0006596739539956342,0.04437135617375039,0.04310640631141143,0.04310640631141143,0.4875436231320581,0.04747827736911584,0.015228767908063233,0.051807025454989025,0.051807025454989025,0.004677283614621663,-0.005529203039585459,0.03495592632141797,0.043569398208596816,-0.0005101832369421803,0.011665980295696508,0.014355297065016627,0.014347401901017607,0.004766229976411163,0.025281228576668383,0.024795634909788703,0.0178613532064622,0.02234805128049569,0.007731245788006262,0.02876400705459234,0.02925821316138359,0.006262400653220057,0.03206116347701196,0.04273486922371284,0.04273486922371284,0.011873683811701572,0.0015433934444335508,0.02854130004515231,0.04160450095160249,0.012267463646225078,0.004493996491137777,0.0060416993373587895,0.008874259470377122,0.0042677101526795115,0.002540400736431633,0.011674528662572695,0.2755739199639774,-0.0009016169442810805,0.002692303373110295,0.0042682680570774005,0.002295776474567343,0.002177660458605297,0.0023408479823918246,0.0019274246845762811,0.012617979138632517,0.029062366584854636,0.029501798384164595,0.0019001168643833762,0.003183417751146963,0.0016648283298736056,0.014499729724666193,0.01597405978227067,0.006069860942973367,0.004273149659891629,0.0029913110257135398,0.0018313367990433226,-0.019029516438736734,0.006702557622347599,-0.0033405477952515735,0.046710550968820895,-0.009437339820070969,0.0029387519337026446,0.04822376415262947,0.029728977365035516,0.0006983063455682938,0.043461332389210024,-0.005918084559041617,-0.017491113701400218,0.03863852763885934,-0.002709685075881772,0.056048601482321776,0.0007414120022153122,0.046548587688599964,0.02880346070555438,-0.01166007412636074,0.004326785937332314,-0.009157660756848087,0.012196310832409228,0.034126271689384466,0.006949096351385355,-0.0039007346494599952,0.015499183184368348,0.04989873018383196,-0.00308008162122504,0.0019734659121684933,0.05746512748928703,0.0006123390715999122,0.10515624722872148,0.10515624722872148,0.10515624722872148,0.015018854506165968,0.16341305137502385,0.010995254056871611,0.041011166051322795,0.03931772169872104,0.0024868657424669182,0.004185625617360665,0.002323274840780628,0.0147301939807008,0.10878976787690789,0.10878976787690917,0.00163796901878061,0.0013147734018291678,-0.019427874957649693,0.27757633824778893,0.05704487866863529,0.018527160883062884
BUREAU_DAYS_CREDIT_MIN,-0.0008836314958166972,0.21860102780656684,0.15274922784687364,0.23356121813345262,0.23904649168662723,0.0964847259362197,0.20442499556030694,0.20442499556030694,0.2981272654547091,0.1620749300532211,0.08226569697197603,0.42926911131229684,0.1958599857657014,0.1958599857657014,0.15003236942721745,1.0,0.02055940762782893,0.04508641399956309,-0.0015651344758687757,0.02039975907164259,-0.03108971415084642,0.05295747353810303,0.06731564530372428,0.05664551496294293,-0.0071222025866653025,-0.039610457013412155,-0.0550121859192914,-0.01135187594433342,0.03369066426847662,-0.010007851245353186,0.19021810626946598,0.19021810626946598,0.025842278892795417,0.24590762653706053,0.5693930808954194,0.1987827080191854,0.1987827080191854,-0.014260799739521664,-0.07800842661329287,0.020019698373713375,-0.009797120805313057,-0.0820101968257462,0.0443873640185561,0.04060401853555633,0.04061389989517923,-0.015971499491305316,0.028302199688991583,0.04117666058583836,0.0812988681964131,0.0018177187088754376,0.043392206541240194,0.030570961963201557,-0.0075528683441965115,0.04166154541911265,-0.0017180117294226986,0.07389389303458735,0.07389389303458735,0.028550301348323606,0.01009204484777834,-0.008800482019657071,0.0317427006664804,0.02984176864464321,0.00589482983751871,0.052278819364572335,0.0360890594618285,0.043054391558091244,0.06876154248011145,-0.02448609449548569,-0.21323767803145893,0.014062569443430902,0.054818388850593716,0.14648756837537447,0.05263930381207969,0.05257041680935101,0.05371963590584708,0.05285117540435484,0.06568224094880735,0.0753673281074596,0.09644004253750464,0.0528040389342536,0.05363231704530908,0.05222996853739197,0.06581304731896907,0.08586258193942775,0.04632312040025943,0.048318417308470966,0.052573773111552737,0.05301794737114288,0.27434677341231356,-0.03220218525921906,-0.037198777257347486,0.05423139181885601,-0.020145280305903342,0.049565360002065864,0.04168949728373144,-0.010366373547629256,0.040423603832377884,0.019270222014628878,0.008171091446370087,0.13015134077444396,0.008649337134151367,-0.0496434345318004,0.21690014014415268,0.0493447907237568,0.05418730112571054,0.08920915941875394,-0.05376024775173512,-0.002084726051066689,-0.05851401127610794,0.022148064368274625,0.09130766227866555,0.03390119709391839,-0.037670291819813906,0.013778485047212493,0.035423017032361906,-0.0440833069236717,0.04304522740387227,0.14538510535602536,0.03403496194082371,0.10646596915139958,0.10646596915139958,0.10646596915139958,0.013893704295069385,0.016486475985033427,0.014741579693538088,0.04812125258514589,0.045179749652396975,0.042014205625281235,0.03695936843272,0.04165644821225326,0.0651835061447558,0.11014474532909409,0.11014474532909357,0.04090652746683751,0.039496122155550296,0.09018825167483392,-0.11984858574412213,-0.05707888388795473,0.022059125282905632
GOODS_CREDIT_RATIO,0.0009285638187485727,0.0872751422726206,0.07575700887757772,0.07458998354423522,0.04548596205775296,0.07172761730452422,0.025677151408246255,0.025677151408246255,0.0460398670124503,0.027411042109670686,0.19302819159687692,0.04560092031705192,0.016766336760435797,0.016766336760435797,0.021608377006528984,0.02055940762782893,1.0,0.10162964384515845,0.02852551516285464,0.03728073354570727,0.027620791169019675,0.2521653752882899,0.019971350185638614,0.031165580990582892,0.022963679870084835,0.033958861379468915,0.033755928551474815,0.029380124294002566,0.08753832649028895,0.029552474287409494,0.01970342021104344,0.01970342021104344,0.022109181765586215,-0.002323102956503606,0.026420814773479573,0.01735664719657317,0.01735664719657317,0.016703871406694677,0.038646066322303725,0.024092617933806862,0.023183511738078512,0.04241146256637955,0.023401587937860686,0.0261192352318904,0.026159069349952945,0.017517507936571454,0.02935304747474023,0.027749028717351944,0.017632247508917308,0.1956699662564961,0.047589126047519324,0.026965665576610984,0.027272156174969503,0.04575592078710079,0.20621329954206993,0.0005522545008689642,0.0005522545008689642,0.0495306650423296,0.06627933108706881,0.025962617201284226,0.020182721117491777,0.047682758520372105,0.06616407209631926,0.04373821930163981,0.046621677536140986,0.04369734543334742,0.03358072224269345,0.044884747356911434,0.012264005007285247,0.06780874151845546,0.03782014156092712,0.01614171907683206,0.036859849073812206,0.03675583026384125,0.03793986712356476,0.03742346125446988,0.02039499695857122,0.010064806268332352,0.008325074965968366,0.03765726910802682,0.040284745397019636,0.03777930130834634,0.01491739905219389,0.031176846997614336,0.02594090733774998,0.04066792676675729,0.03930894854118525,0.036612453413943896,0.0198952005966198,0.08417467997441054,0.017576126121963215,0.03886125279428212,0.04813672463525098,0.019850846145489504,0.03434670215821489,0.022079227947859378,0.032951741038056606,0.006221204636972314,0.06119344405655545,0.024712276608796258,0.004126675020665138,0.016264603744142448,0.0007125107141572599,0.016639026612621018,0.019617931961000253,0.007493834938933112,0.2650069185709905,0.060183584214277545,0.24980898863810297,0.018218490060040542,-0.004025635705890447,0.014595251251616662,0.013990380729942057,0.011536648576704275,0.002945256172898356,0.01321719186149824,0.0038732021313595674,0.0012753214340079646,0.01334795348052221,0.0026615655501920073,0.0026615655501920073,0.0026615655501920073,0.009452948330848839,0.001245476585024445,0.08366619698230315,0.0038535024816321243,0.007058727688359309,0.002777925966481871,0.007146068005994047,0.0035204768629592586,0.07047908795738053,0.0026686377062225667,0.0026686377062225346,0.0037892173383285693,0.0009028772841128881,0.013799855866330401,0.019262856177733063,0.023851451055254748,-0.12315878975982353
PREV_CREDIT_APPLICATION_RATIO_MEAN,0.0013074466143400405,0.0941404562834737,0.0741976965336247,0.09104319274005925,0.07390556777077656,0.07046207636846077,0.024120775406711172,0.024120775406711172,0.06042763695150445,0.030643650179763025,0.0533502826269514,0.06369848829197092,-0.019534972214226582,-0.019534972214226582,0.029282113288641262,0.04508641399956309,0.10162964384515845,1.0,0.10523054984592094,0.16508637901165613,0.05309014136562985,0.061193947310599996,-0.004725634432997175,-0.0009441514263763401,0.024595125895705082,0.1444928062041819,0.040902446583425546,0.05055819423268381,0.0891606545894398,0.04807296612948776,0.06417292777156004,0.06417292777156004,0.042523231784188494,0.13431382462261612,0.04170647440100356,0.021529485915365135,0.021529485915365135,0.028085761588922453,0.07430441342271764,0.023839851431538432,0.03865564684492013,0.07791623229134587,-0.007845941847741778,-0.005988933637733549,-0.005950060361869694,0.024486629768952883,0.07728213485334352,0.05251041451117102,0.010419805021179396,0.03839027978380339,0.03040211400804624,0.07609140723087338,0.13121095799001303,0.03041371317072638,0.04508114055454767,-0.008631307856920692,-0.008631307856920692,0.028176044819805755,0.045644485883312214,0.13059636414334996,0.1228705714138947,0.026513556711924485,0.04447395734583395,0.030950483788961043,0.029033113749507688,0.02747496662218976,0.040792346036279854,0.30910712061838724,0.0375245601791451,0.04991845773083884,0.02756865208703218,-0.02546821501435295,0.0271465326536845,0.027212420686640988,0.02662378264568533,0.02680340520986146,0.018432454000610127,-0.0437474880331342,0.011212444825825734,0.026950199018101008,0.02762992081297527,0.026487471359991157,0.014924362625567678,-0.0032039740451871392,0.022947351007276354,0.027611770741073,0.02637412480650397,0.02703285916903676,0.030957799739211776,0.08404235638258861,-0.005913954321742054,-0.1498378457737872,0.006853400788226903,0.022094815249108484,0.19493270089223688,0.10680711003754786,0.02423664285597967,0.008487479453405212,0.054555950025820026,-0.01993132152270352,0.019683504935703002,0.01441962688753351,0.023749838815886663,0.01986251912069514,-0.21684922609652885,0.004132764377703904,0.013280287176441032,0.07217049832718196,0.015648863711234463,0.013450497446014906,-0.0997547639630323,0.014816551293300577,-0.016881782810311205,0.01919913286987863,0.08212985745992724,0.0037535357133722577,0.013297343989186583,0.011582271441435895,0.004327732221857664,0.019832448854311704,0.019832448854311704,0.019832448854311704,0.018051825305447678,0.019695615749051286,0.020024526498345595,-0.011357981342239082,0.002267215043484427,0.013549998039597748,0.014967316073809155,0.0139259980290312,0.04584547314376956,0.019424633327761443,0.019424633327761353,0.014102107365587636,0.012622828742998379,0.04145794240942029,0.026378362096734647,0.08620768082737904,-0.03897568747186648
PREV_REFUSAL_RATE,-0.0020018660178087464,0.11914562470679757,0.11620126155457859,0.08888325795782374,0.156745110311855,0.039606875270268425,0.03727844590142812,0.03727844590142812,0.04583817279110412,0.03599875553174775,0.08800721896321897,0.03993368838864549,0.03777988753191103,0.03777988753191103,0.05643123416543496,-0.0015651344758687757,0.02852551516285464,0.10523054984592094,1.0,0.6144077233416834,0.08231428260128242,0.05802016975045046,0.03744008257439826,0.025463425587898197,0.0616133222859767,0.824329311239004,0.08225298198653691,0.0018210101226953778,0.004540540663930253,0.001977360381397678,0.003187359722487116,0.003187359722487116,0.07528288074403047,-0.030967466088941017,-0.044595902968194816,0.03728928924108426,0.03728928924108426,0.0563158638914455,0.08435869703395875,0.035168937536931094,0.00010867571122062155,0.07745674531517201,0.031123402869059326,0.030053508752693085,0.03004843673292878,0.06633448027759974,0.011079149779084897,0.005076736852466035,0.02120765050583839,0.02668267388758131,0.010025244578477328,0.020097961107351344,0.04800621673697383,0.010625447262722123,0.011861306510530863,0.03657210586787354,0.03657210586787354,0.006410171714186304,0.03646352368803334,0.046279731351965565,0.04029667758574104,0.007375977207626451,0.038108028038496417,0.006799079832885888,0.009845051537206106,0.009885297513512019,-0.016399055376743823,0.14307997312437787,0.1169425563748986,0.03182349914419533,0.009358617636430146,-0.010264803280355476,0.009486023098206085,0.00933946110028192,0.00963197949192604,0.00970594273775912,0.009386426917117592,-0.007977734290386588,0.020311819122682262,0.009020067018635195,0.009307106856296325,0.008620319066176984,0.0076243136204539,0.027086420278336576,0.009616191184086846,0.007046434614507632,0.008282165810816599,0.009135054186144255,-0.05909999449793435,0.04769405171559422,0.05895472824481852,-0.13328576491338173,0.027023104177514096,0.007909879569060608,0.10134110479800097,0.04336322451120085,0.00900084742022965,0.003996857251443289,0.02350010799911553,-0.022206321799404998,0.01813793978127526,0.06113863990480599,-0.023548535609476572,0.00753278900802948,-0.13276467091671137,0.010695995124948454,0.019995062163860183,0.033822575654681344,0.012753778676483704,0.0036712808072412646,-0.04745355588024034,0.006823924141695828,0.04624674515263656,0.021796808277981968,0.09423551870479888,0.04698176043229019,0.006267969946344631,-0.03149923944889665,0.01223022438640686,-0.03054072569615388,-0.03054072569615388,-0.03054072569615388,0.02126311172558897,-0.013663541864893918,0.03014493828997755,-0.001709463830168615,0.007542276520110131,0.006203485903143043,0.0032665450714615997,0.006275727707949982,-0.028037660575784534,-0.033616018444730146,-0.03361601844473084,0.006591722550311259,0.005475538029912142,-0.031026862146156603,0.09333112166897407,0.18881489535098206,0.04007342779055192
PREV_APPROVAL_RATE,-0.001010995598980461,0.1113742469671569,0.10469311249323297,0.08718095539419662,0.1647586148515591,0.027459163267637834,0.04419805756108102,0.04419805756108102,0.04330026052711449,0.0480317747558009,0.07933332693969755,0.0392473185353944,-0.0003491956395902537,-0.0003491956395902537,0.0685669063869799,0.02039975907164259,0.03728073354570727,0.16508637901165613,0.6144077233416834,1.0,0.004789630870176406,0.060184089013530194,0.021327095763868688,0.006450392654514534,-0.02210977975131026,0.6321911836319626,-0.006473775441012927,-0.004496861576773804,-0.006965571378583047,-0.0066760456605392884,0.0635082697755903,0.0635082697755903,0.05419975646579097,0.10195503212380966,-0.033380715230934506,0.0286967511929429,0.0286967511929429,-0.014679894963248131,-0.010260194765124285,0.02907552110558205,-0.016833983192137567,-0.01812752343697409,0.006370070010526507,0.003919626668194263,0.003907116462863516,0.005586643383277061,0.04793772830532259,0.04359923171542674,0.009828101826976946,0.023687779730756277,-0.005314592956288207,0.06013587874099463,0.07985751886375932,-0.005530612185211814,0.022630739278014192,0.019418837927019865,0.019418837927019865,-0.005002110621750368,0.05304976853820125,0.07707821670089983,0.0917357959331705,-0.003827971295188962,0.049437930478813084,-0.004999472148892742,-0.0019996700738801293,-0.004532522435050016,-0.012002494261707693,0.25569069470056194,0.09953718419356512,0.05361048071681546,-0.008180967607135837,0.08698759774456342,-0.007768652021440703,-0.007825152687264204,-0.007165264091454068,-0.007207929268034564,-0.0034165468574895775,0.03888794498307098,0.015691735769883586,-0.007549052071843128,-0.007620299985833304,-0.007703882456511501,-0.006070664697063658,0.018529044518703117,-0.005255416079346984,-0.008072965831269424,-0.007849908947605733,-0.0076800865728596495,-0.04808676178372361,0.06187942977738792,-0.0037186201826748017,-0.04022057981870814,0.029999838657870835,-0.0073584190253660016,0.2726208613430708,0.06571289192792265,-0.0035736213551298165,0.022364215143250436,0.04517528315867893,0.08755792326806357,0.05000728878869603,-0.013819032146132894,-0.02268695340360335,-0.007199281091876959,-0.03241987927131715,0.0015480214266934058,0.024536764388190833,0.035886790987561624,0.01611956720726381,-0.007968333726198932,0.004659583205138815,-0.006973400588255713,-0.008393449234801724,0.011413463889504441,0.3503009621322951,-0.01607534699813271,-0.010600804857478377,-0.03065228012465509,0.001739467015141475,-0.029915472296836124,-0.029915472296836124,-0.029915472296836124,0.012475276732433456,-0.01568717434735121,0.0340051132162963,-0.027825790209174858,-0.012674221437857503,-0.009742872507832892,-0.008755017406297649,-0.009137122000784455,-0.0340897246191115,-0.03128918025267537,-0.031289180252675436,-0.009411710126064256,-0.009230830533027852,-0.02061680791208219,0.07860690371968582,0.25608495467283265,-0.016457210698001056
INST_PCT_LATE,-0.000969911301858355,0.08458774008353342,0.08237436975506073,0.062149853079654656,0.10522120938351176,0.03808248155227912,-0.0009908309080925712,-0.0009908309080925712,0.01652323740409823,-0.003744824460984306,0.05198422846332029,0.018524213840103457,0.02368878571183807,0.02368878571183807,0.004082352076655907,-0.03108971415084642,0.027620791169019675,0.05309014136562985,0.08231428260128242,0.004789630870176406,1.0,0.036949718114066624,0.019683675525910937,0.012318259098010884,0.7467796149898945,0.09006563518758558,0.8884617661753262,0.00422867387125438,0.00950162133230025,0.0027535127333862563,-0.07768497299673441,-0.07768497299673441,0.026438200000945853,-0.20911193108146736,-0.006846110996525497,0.009498802081015213,0.009498802081015213,0.6742743510756724,0.7830408889336753,0.0419020323558544,0.017480865671432654,0.7759982645160686,0.019058238355931376,0.017673888537793746,0.017698650153609493,0.8369091626441979,-0.014439258151896069,-0.029453063205671582,0.01425678695296323,0.0302638250608825,0.016168369875876235,-0.014255546051423536,0.0089073737947586,0.017634772660041834,-0.007414939113723667,0.010456487644524528,0.010456487644524528,0.010995417013885,0.07880160849459376,0.008580178813418172,-0.06594960161502858,0.010551711618817296,0.08284228141693531,0.012803383488404116,0.010567990964394147,0.016878539462441736,0.009712649589139108,-0.024858388832954218,0.027866918929032012,0.05733049878442221,0.020619097274122943,-0.12679532790754786,0.020577239024999926,0.020574434124811088,0.020585685252384404,0.020337258162784446,0.014065013638657331,-0.1063717900516887,0.005621799952302723,0.020472410034809894,0.01959673016537915,0.019608195631763584,0.011402149156602665,-0.0004869484315201498,0.016331303046968386,0.01786662702959835,0.018768537038585022,0.01903705037469237,-0.0058688256828267485,-0.000850951505538074,0.5122040748513813,-0.014383961550836202,0.06887543089814903,0.01901469987175972,0.03675955035126745,-0.00375277265269543,0.012626129546630938,0.017100429306933382,0.04631878062640181,-0.12089266924217099,-0.0475802487839628,0.508566530124247,-0.010589021384713442,0.0183018175128761,-0.023879465650683523,0.0068030209751768645,0.046132089853500535,0.06377010074529245,0.04481978447240289,0.010767965644366034,-0.11456954829364525,0.014566740030330488,0.4201514944737349,0.038200238300376575,-0.06388686725218924,0.4326229074944273,0.016817883321592054,-0.0035311689754933947,0.01462730560589942,-0.007882925125179852,-0.007882925125179852,-0.007882925125179852,0.029045249566072257,-0.0044955537586801085,0.011924869028630544,-0.000724446430168419,-0.005476697206903263,0.016797026566048066,0.013589384190611368,0.016902558148310532,-0.002370564830076592,-0.008506937866186426,-0.008506937866186644,0.015241862912792581,0.015640458208865768,-0.0014094999217378098,0.020020553877595392,0.025485133986881084,0.026443936590035404
AMT_CREDIT,-0.0027720302332477557,0.11193379898007522,0.0937683410141578,0.09999516500512959,0.06646474661798446,0.08834452647832555,0.055957766509374965,0.055957766509374965,0.042267780495444905,0.04056376492344328,0.7911392390052973,0.03966591679503272,0.04935414646914525,0.04935414646914525,0.038181313346584214,0.05295747353810303,0.2521653752882899,0.061193947310599996,0.05802016975045046,0.060184089013530194,0.036949718114066624,1.0,0.01301104610958562,0.03216417857076199,0.03635750450835707,0.06583879913634298,0.032012258419331814,0.06595848622058392,0.0867384578944774,0.06353700504916265,0.03525017269751062,0.03525017269751062,0.021923553260755135,0.03278836103853816,0.03628858835656225,0.017553890329237282,0.017553890329237282,0.027981027253005556,0.0259054085139588,0.027965730859541404,0.0648749479837843,0.037879650687308246,-0.002469625225003049,-0.00140714091495536,-0.0013541157820492677,0.03641315825020549,0.019642038968321604,0.02152731290093715,0.024142998010759517,0.45655053973057513,0.04778789959739976,0.01328493078402646,-0.009504622935116148,0.04570392967101781,0.08718507715570453,0.009670543861417231,0.009670543861417231,0.0505719977078433,0.027619115327672566,-0.011540673849636866,-0.010181837610695509,0.04858184840094025,0.02639204590190977,0.04337839881874932,0.04386302692443858,0.041283397416426046,0.07945505340622068,0.01011830753285568,0.0020131504512344695,0.030863938292761482,0.038413107212022776,0.019101388475249427,0.037203569636022914,0.03730426698358564,0.03728852804712293,0.037011910418828176,0.03493556265449638,0.017227764987733048,0.02032158037045678,0.036631323074557444,0.037627614108772606,0.03725415163838173,0.03942982545185319,0.04708462766250941,0.037179125526252875,0.039338068802526424,0.037795964020702046,0.035623029629831965,0.05101985383348056,0.03477470625932231,0.01973446119902083,0.06371281000114622,0.009021690673471403,0.034409969214390955,0.04519719654191529,-0.015362784912660469,0.029969315669496743,0.02162625537242152,0.03287207516372365,0.0366250290561021,-0.007960944533891307,0.016779957002600106,0.013216734494865628,0.029188112896736954,0.05036021680500571,0.027474089010703945,0.0006439925416664948,0.035568187173212126,-9.757856126579361e-05,0.034039634808572465,0.05244763519642856,0.033788619308544605,0.016067338951779968,0.021059665792045042,0.03607873358264413,0.015668083037639537,0.030214014812516565,0.02507240283453247,0.012414213136107093,0.013898757540992974,0.013898757540992974,0.013898757540992974,0.020635213720961217,0.007554529282767283,0.3884680517347266,0.02460179031612857,0.024078431361784905,0.028510006497044743,0.030788200237183604,0.02923883985906469,0.19458077484281414,0.013038700353378967,0.013038700353379031,0.028811171553966834,0.027545714174879325,0.020100679427226698,-0.007465131387946074,0.05878660425647635,-0.038277488502501476
ORGANIZATION_TYPE_GROUPED,-0.001810011039502635,0.10223055312266052,0.09310637103863131,0.08464370576757305,0.08793176307342387,0.008443605216334102,0.14100218044832535,0.14100218044832535,0.030119019735920696,0.16201033916964938,0.03306987493249253,0.02656627229258024,0.5056672293417394,0.5056672293417394,-0.00662429333759446,0.06731564530372428,0.019971350185638614,-0.004725634432997175,0.03744008257439826,0.021327095763868688,0.019683675525910937,0.01301104610958562,1.0,0.6830201398805094,0.026239733216333872,0.01751598855280762,0.007756959335577229,-0.02801361365095551,-0.0030483579185752708,-0.02781241855963167,0.008832112591608807,0.008832112591608807,0.01751420718928671,0.03609641443262018,0.04734887962716789,0.2254793449260898,0.2254793449260898,0.021065348304416767,0.005293076447450669,0.0023833615044661694,-0.024419361346885066,0.0033246619714933454,0.7781981509021825,0.7634691497434372,0.7633426142703656,0.014214374019706719,-0.021043772754754914,-0.018141645681961856,0.22262119914075573,0.010056103221167336,-0.011760277607097159,-0.010564246221338865,-0.009962839551597255,-0.0086249295194509,0.021167379932192233,0.1828354669007947,0.1828354669007947,-0.009797312829238684,0.031778150978053844,-0.010212811564421217,-0.002617813001169913,-0.009000815161345219,0.0327165456939,0.01219192542806686,-0.010575312520744165,-0.012357056713667757,-0.04295526508473105,-0.07376672388003938,-0.023000075326392384,0.029214149031686166,-0.005874895747127294,0.03890976269240468,-0.005395583625073869,-0.005592518285985381,-0.005577170060326346,-0.005311423350706478,0.025199634225391194,0.005547943603483396,0.08900343393610977,-0.005569483932027994,-0.006182385567410476,-0.00581765659196881,0.03727815396883083,0.15305474653553935,-0.006137201127072481,-0.0070947663588573715,-0.006458997623249584,-0.005693067645020214,0.017593163900276668,0.03281998343521815,0.0009716612390444116,0.02103371162291627,0.03665974468474174,-0.0072060287715873025,-0.004297086256117969,-0.009884675939025008,-0.006726666574278022,0.006079647354872264,0.01987101831265633,0.020690939097392377,-0.0013901445520803908,-0.004240010017865678,0.02424347576566313,-0.008724242772989976,0.011370278226245732,0.09999428015077239,-0.043229015390419394,0.02122540825045312,-0.04621845819349112,-0.007192517430478667,0.022115654687824067,-0.005805430491954551,0.003311871497149473,-0.00995099034633513,-0.006536004577640162,0.0021143754991851545,-0.0036188691709404005,-0.0030685542771008837,0.18703625858533257,0.026659926427794075,0.026659926427794075,0.026659926427794075,-0.006531966531636332,0.026224991099222696,0.028930320075167236,0.011563333540549888,0.011700892560135994,-0.0032032151404406068,-0.003033812147916435,-0.0030989630610350678,-0.06491179228036426,0.023441132979548602,0.023441132979548817,-0.0030150784245939126,-0.0038529842134767196,-0.06980411511789698,-0.008694453412638206,-0.018975847208023013,0.17281797957300662
NAME_INCOME_TYPE,0.002721056226193585,0.12312300553624285,0.10991221414763926,0.10409797733909833,0.08850529677912918,0.04301991152458355,0.08467338343808689,0.08467338343808689,0.0499442755610965,0.10306807916046797,0.052370607689068774,0.03258565747342923,0.48770717374702777,0.48770717374702777,0.020181079202640954,0.05664551496294293,0.031165580990582892,-0.0009441514263763401,0.025463425587898197,0.006450392654514534,0.012318259098010884,0.03216417857076199,0.6830201398805094,1.0,0.019955628497322197,0.010080837821616551,0.0044666838973449145,0.03716142108717664,0.014529063031439637,0.04467478913661189,0.008196719895166448,0.008196719895166448,0.033062650197771645,0.03252691130009296,0.02508463540148211,0.2148201691029441,0.2148201691029441,0.013730657084944076,-2.2240344226901056e-05,-0.0011520344218727665,0.06705891273419831,0.0030075747407540925,0.7556170586099095,0.7647699481644068,0.7646760583902424,0.00975909235525241,-0.027092632334496537,-0.022771700204169507,0.21636343604935485,0.02948395922736566,0.020202089104081927,-0.014635744535873718,-0.013380036137595693,0.02345549909000344,0.02863827274556276,0.17460403963464663,0.17460403963464663,0.029039991472916207,0.021474243829443445,-0.013232986346307436,-0.006648515426165329,0.028169650274029175,0.02153396219640217,0.02811847259473066,0.019038560052840915,0.015953183336983093,-0.01237841814784616,-0.07914904050679297,0.002830342455425942,0.020706563804574828,0.017047463855134656,0.025746724916670356,0.017814190946936134,0.017658581613454967,0.017446347212618164,0.01721287580721743,0.03514735643784417,0.004717657713662187,0.06788952704429538,0.016771018902327704,0.01519386100087997,0.016206997044964196,0.04519497757342322,0.13530603238364464,0.010488841915559774,0.01391511981655282,0.01439068581673347,0.01605995086966606,0.008725910452862596,0.02827423906824989,-1.3670664141859107e-06,0.0625509134182757,0.0255061334758956,0.009781883636188584,-0.01701117090244723,-0.010819375305915735,0.012734681660060235,0.00368177827279767,0.01390930322258068,0.013013119977151707,-0.0006706274082540183,-0.004761077182642611,0.005364691041425788,0.006775396783797901,0.04983465212120944,0.09097785460707677,-0.0432955795733267,0.011735031361321195,-0.04269421763742061,0.02071586259273372,0.04598228720574607,0.0175217449457715,0.004086604910049096,-0.0030300267662017664,-0.0009719923704352698,0.001477402126751537,0.014580505205499934,-0.004752637944406353,0.1909399068200937,0.009591527306520782,0.009591527306520782,0.009591527306520782,-0.0015186456608934176,0.011214714211230254,0.019206604840419937,0.042935377447418176,0.04015492251330986,0.01336808643009558,0.014939740938918648,0.013578393735718642,0.014974637583760343,0.004946026606496803,0.0049460266064969075,0.01320096487588057,0.01203671765990289,-0.08021179729040157,0.019496394243204724,-0.0033621296256072905,0.20261123631699274
INST_PAYMENT_RATIO_MEAN,-0.0021842890922266316,0.08450740258504807,0.08039207391997359,0.06421149189952427,0.09269715820841148,0.040063835418869743,0.011923658234665057,0.011923658234665057,0.022027268641157362,0.0045693397792292804,0.05836894205629459,0.025319794812077433,0.043434900928236764,0.043434900928236764,0.008214838143363462,-0.0071222025866653025,0.022963679870084835,0.024595125895705082,0.0616133222859767,-0.02210977975131026,0.7467796149898945,0.03635750450835707,0.026239733216333872,0.019955628497322197,1.0,0.04814195419535028,0.7145467091192591,-0.0007623226716313652,0.015108688790630742,-0.0020235843277537236,-0.039504809459632285,-0.039504809459632285,0.02160866310308062,-0.13483469268437814,0.010452738103868453,0.015934736756232217,0.015934736756232217,0.8516162309135336,0.6008450099234266,0.03999778671220856,0.007040279004182935,0.6064972146183273,0.025383429629785265,0.02359055763675566,0.02364490034065104,0.6583101446905533,-0.024936384815539413,-0.028451511907662715,0.01952275523624061,0.02540424512142037,0.014555071644624466,-0.025116454989320556,-0.029528657094113526,0.014472216169773592,-0.013012893318455685,0.013455265947070126,0.013455265947070126,0.009689083340949959,0.044705793743136005,-0.03133339023580983,-0.08981952312517702,0.008462549749961358,0.04837098141005307,0.015443568993550557,0.009464865712056828,0.014803475602479745,0.016377942221348966,-0.06910619237089269,0.01403903855995754,0.027678989262483238,0.0189187576034982,-0.05972999466002215,0.018670464726563942,0.018673291491602708,0.019004423241248614,0.018608958870586948,0.016955054198634675,-0.07546009626527542,0.015772497277109197,0.01865431348990972,0.01844498965653585,0.018210255187682822,0.015344380445559169,0.01123931694271144,0.01616827479494929,0.017449186421959226,0.018041689845480234,0.017737805420704026,0.009380345131669087,-0.03469261421583341,0.4657390859582545,0.03666679750602886,0.052001095863777505,0.01853774824497045,-0.023526221852586175,-0.04660758121433363,0.011945973743134074,0.020379399942997894,0.014412328952291711,-0.0686517059810969,-0.06740682459181546,0.4541834197364118,-0.0006532720018035495,0.017311470158938816,0.029346944692563555,0.01797441800757954,0.03307170361073983,0.027312554025368443,0.03282611698622386,0.007581381744991658,-0.06618572627196578,0.01369380313952701,0.37864934643488624,0.031603780133634456,-0.08180749102966171,0.38567632295792503,0.015783311007483373,0.0027307937150423747,0.01431962152800823,0.002082119718358656,0.002082119718358656,0.002082119718358656,0.02368230920672211,0.0017540758454243639,0.009934549037546737,0.03202034624265514,0.019045327596516823,0.016448565707575098,0.013453579086795427,0.016388640624920844,0.017998155367719128,0.0012427215326957397,0.0012427215326957669,0.014623148287880946,0.015431819999104222,0.005045595274548527,0.008599120826856687,-0.008678503366695756,0.031903277702009576
PREV_REFUSED_COUNT,-0.0026585525285931183,0.120681080864004,0.12039761294352912,0.08612761181404267,0.16734463575378097,0.03969378601028854,0.0061125949472751505,0.0061125949472751505,0.04048231938004753,0.010824807151468498,0.07972743970893566,0.013900772736522269,-0.0029165360191385483,-0.0029165360191385483,0.0758392941751541,-0.039610457013412155,0.033958861379468915,0.1444928062041819,0.824329311239004,0.6321911836319626,0.09006563518758558,0.06583879913634298,0.01751598855280762,0.010080837821616551,0.04814195419535028,1.0,0.11630177687338085,0.010833793804000715,0.030444361617263983,0.012258437486096653,-0.07553637467460005,-0.07553637467460005,0.08971895198615498,-0.15369489840121422,-0.0929422781230395,0.016994373360726057,0.016994373360726057,0.0673531474160655,0.16217435707441713,0.03647292785239955,0.013700072503078264,0.19036121510782525,0.005349353290225189,0.004935884111009199,0.004940908276371447,0.05205302167803213,-0.034569453107400276,-0.059603886818943616,0.0076404756288896685,0.03741133938139601,0.013169576748816181,-0.03960670093143005,0.025568140769686644,0.012265670968904595,0.007039450993700879,0.023436694000161955,0.023436694000161955,0.013284184574029132,0.09683434225667846,0.02545501301982977,0.005173816122855314,0.013665390240672936,0.10525695006247376,0.007474903819907664,0.013851444079280326,0.01089178709111835,-0.004658084883862746,0.18203824082474412,0.15243668008793393,0.09793474053984363,0.006533523004421504,-0.29118122448515854,0.006535243700128928,0.0065136332415956675,0.006331746449483714,0.00657906256709024,0.006808817698834651,-0.11204243526953153,0.007218696399974987,0.005972658813587897,0.006487497111438337,0.0053246834460228655,0.003737402556179012,0.004792432277199701,0.009631425656862161,0.005704798895849813,0.005682800166620283,0.00568198327808874,-0.08511602536601738,0.14115204209608417,0.07346367596055424,-0.1919008636873674,0.036910382138903,0.006581956895090656,0.2934465779217724,0.034737925141753986,0.007890755649572551,-0.009995849946475887,0.09034311720571625,-0.27608227130539403,0.02162719722240355,0.10682244423502632,-0.0392645478949038,0.007154341655017192,-0.1876760201174557,-0.004781945204366348,0.04829731687578509,0.13771219274400404,0.04143861498983209,0.00928424506583908,-0.09495722678372241,0.007958946869186953,0.06708710181762109,0.026290613046879505,0.238328740487966,0.08704877330564081,0.004779004985952325,-0.06122719469838531,0.003722624760947016,-0.04864769193503945,-0.04864769193503945,-0.04864769193503945,0.025738807647609836,-0.025601070728600933,0.03055436404600855,-0.04680138240455717,-0.02597875741327839,0.004958637664488633,0.0034409677650427775,0.0055303582243604425,-0.03314651146111543,-0.05325034429092159,-0.0532503442909206,0.005657892371184474,0.004452519275571598,-0.04723437465951196,0.12049881670544318,0.5216159949761074,0.010016298281778118
INST_DPD_MEAN,-0.002912434664302922,0.07217181704062473,0.07126552591388742,0.051854431121275156,0.0865927323139675,0.036434178293123176,-0.018747702818729336,-0.018747702818729336,0.00660657453007794,-0.01612815488340273,0.03855516189240048,0.0034073366867863274,-0.0020150599245291525,-0.0020150599245291525,-0.0006417985707663878,-0.0550121859192914,0.033755928551474815,0.040902446583425546,0.08225298198653691,-0.006473775441012927,0.8884617661753262,0.032012258419331814,0.007756959335577229,0.0044666838973449145,0.7145467091192591,0.11630177687338085,1.0,0.0021178349468183397,0.02906070991877211,0.001327696798497526,-0.1259658697185962,-0.1259658697185962,0.023008612711275297,-0.3073193285964039,-0.026563715163336055,-0.0063696559887622215,-0.0063696559887622215,0.6704444017214162,0.9182002071331596,0.03750243151234614,0.015898175843026875,0.8912584241581347,0.0065594540942082785,0.005905938396451672,0.005935428302949977,0.7490034211066803,-0.04074739212722118,-0.06101613157131615,0.010710555991091374,0.03429922118454446,0.023907143801428693,-0.03692125175932734,0.007397097101409826,0.025226075631175536,-0.002789008016964765,0.002216009393197325,0.002216009393197325,0.01987638939518112,0.09337978788164046,0.008136562379049849,-0.08483798612222278,0.01913461964187485,0.10068160367628015,0.017564341288746763,0.018375925237299123,0.02376081345984664,0.013213248385919049,-0.029718263471905437,0.034196950800123645,0.07591859622067594,0.026636398945242515,-0.21194037778834118,0.02651373391344893,0.02653403772851382,0.0263720052393814,0.02610329804469299,0.014689517442344209,-0.14999216413015704,-0.0023690587700393945,0.026637686406087057,0.025172041392912497,0.025646373194618544,0.011346878348386387,-0.008934416602667795,0.02178339648295743,0.023304803680097793,0.024443082572715696,0.025144301505945904,-0.015195763013091335,0.0983426559700159,0.615536730255337,-0.013828800510924692,0.07812102269321704,0.023380431354093924,0.07570155278104292,0.0005464107208030841,0.018217266191528,0.013376834988517388,0.06561510063865895,-0.19862617383385386,-0.048685493836936336,0.6161942226417141,-0.01844363715394723,0.02251292896762167,-0.03916049458855299,-0.001954760704878466,0.06118003741618296,0.09304176277078001,0.06076515731627815,0.015407990403461096,-0.2007863614803822,0.017620023531232126,0.516468257860146,0.04130282706458548,-0.04593165950752159,0.5123788802159057,0.01983043595988112,-0.012260466171779248,0.015303812232361273,-0.01624592446388926,-0.01624592446388926,-0.01624592446388926,0.031894453935698126,-0.009972944310436816,0.008985241870580214,-0.00917003973632911,-0.005845339357640682,0.019731939063516835,0.016539826996206916,0.019490743484272786,0.002054113151361292,-0.016613725326030983,-0.01661372532603044,0.018301759979572656,0.018647405940549887,-0.00406084464224102,0.0239790865644491,0.05679981979982299,0.022610592261628124
REGION_RATING_CLIENT_W_CITY,0.0010327665417067082,0.21651320486368547,0.1747177394754384,0.2048069049578416,0.004584263239181943,0.3160537866136062,-0.007994420926944613,-0.007994420926944613,0.0027878184162492907,-0.019872947888082637,0.058867789551672774,-0.02641296100345474,0.006506084378341672,0.006506084378341672,0.045608713332067785,-0.01135187594433342,0.029380124294002566,0.05055819423268381,0.0018210101226953778,-0.004496861576773804,0.00422867387125438,0.06595848622058392,-0.02801361365095551,0.03716142108717664,-0.0007623226716313652,0.010833793804000715,0.0021178349468183397,1.0,0.0741738785842266,0.9542664837359214,0.02068335445329915,0.02068335445329915,0.020372505702939355,0.006266256399948306,-0.0427767848787839,-0.010477946201538878,-0.010477946201538878,-0.0033476966591756744,-0.0015298978539985291,0.009018516153391021,0.6933066152074462,0.010609390000162384,-0.04899452106662494,-0.03678593981374383,-0.03674488252659448,0.0015397496083066915,-0.006812481693426365,-0.008883678166849181,0.03058759380368803,0.06625261035387242,0.22459988987948346,-0.006354518307232122,-0.002834421689418949,0.21090885937449622,0.014769961942366495,0.06940089173390304,0.06940089173390304,0.22987597556850814,-0.014740261016087112,-0.0024632579094361427,-0.0009875239545746887,0.2296465088174948,-0.016008101239439684,0.13506232563751214,0.1876659526830708,0.20483208279221213,0.08989246478804942,0.008678001441492023,0.027181361353873706,-0.0126588155678549,0.17871917064050752,-0.03066067591716648,0.17657647430375872,0.17647772085903132,0.17695287040751687,0.17599948552301647,0.14238909532616198,-0.012834397835971992,0.04730136245577246,0.1740844105920024,0.17243208270461807,0.17615034858518147,0.11552584537033758,-0.01980361484608906,0.16303739939449977,0.16117309611530165,0.15991232400276165,0.16824837402565768,0.014810477519234791,-0.019946887660117242,-0.004535426595438584,0.07842523080266857,-0.011235032170552717,0.163608127453248,0.010450787046399507,-0.0018810465329914014,0.14820598359088746,-0.0030676307467913796,-0.008126434486618983,-0.017055115271787467,-0.0015785569990632465,-0.003211008081568328,-0.009651631611482143,0.14039354878292717,0.06914490354044517,0.03534199786530358,0.02440856040999555,-0.013463580320041716,0.02207318048281679,0.1816376296746634,0.05007549473513115,0.16081029449661702,0.001015771475937258,0.018193470856114932,0.019290223743782316,-0.0002736595757885711,0.15040243344901802,0.024551934816553475,-0.0014838670744292018,-0.007815411181000579,-0.007815411181000579,-0.007815411181000579,0.020565045198974546,-0.015449640439411182,-0.006144288364909476,0.05582165392994541,0.04932139727709233,0.14533681571084087,0.13490015588070747,0.13988174230286876,0.2191975500047377,-0.01439127057771056,-0.014391270577711066,0.1344499976940519,0.13202203553585698,-0.0103785871862489,0.00980405702750898,0.042579004934033826,0.0140064188124373
NAME_EDUCATION_TYPE,-0.0004386365874854873,0.09808219143450649,0.05706300450054504,0.11429082011188499,-0.012684047051004928,0.12785911079728443,-0.003064913448314805,-0.003064913448314805,0.00028268968469436244,0.009159520451660448,0.07756774869914858,-0.008188052062533247,-0.1165087903338415,-0.1165087903338415,0.0006596739539956342,0.03369066426847662,0.08753832649028895,0.0891606545894398,0.004540540663930253,-0.006965571378583047,0.00950162133230025,0.0867384578944774,-0.0030483579185752708,0.014529063031439637,0.015108688790630742,0.030444361617263983,0.02906070991877211,0.0741738785842266,1.0,0.07373974951505155,-0.001600783951529157,-0.001600783951529157,-0.03186425022384171,-0.04192587594927987,0.04639615374395295,-0.028971439879085834,-0.028971439879085834,0.011439140840036445,0.03634199169470641,0.021001738815553696,0.09236048108995,0.05582158641172943,-0.10455697032546592,-0.10424586769182481,-0.10421592785894224,-0.0011003280728323368,-0.004711602314002343,-0.007774026394934839,0.024025332599725637,0.07132415693899183,0.13162568924040224,-0.015088871273381453,-0.01434342886996941,0.12902850248066758,0.006621455512348503,-0.09069417675100958,-0.09069417675100958,0.1402687410443778,0.0022245439350374006,-0.01486680426968798,-0.026361122067910688,0.12967706325248088,0.0011818460029590198,0.11543961319505784,0.11869758031717745,0.11551239221541708,0.16180305833107145,0.007457493121249004,-0.05108240229728769,0.004899123636406157,0.1098960856622907,-0.0736858834716049,0.10830152223274063,0.10849155205608875,0.10752364889237627,0.10720245152138684,0.06427005435004693,-0.03233039493981655,-0.009616236688010739,0.10791299333677953,0.10748533483047035,0.10551623124089332,0.06940879387608956,-0.02903399670319405,0.09588226575449947,0.111229717897936,0.10321674876125328,0.10548316311194916,0.1202112587119111,0.031400967945794556,0.018496316404607176,0.06627329093654101,-0.0019942781886178053,0.09338765889657247,0.07104184654475465,-0.010962775149644348,0.08325950106036849,0.00818024649711905,0.009846957311060084,-0.05387301153850691,-0.022288470186783156,0.022070990866697154,0.03638109047876527,0.0858353076513798,0.053091031015014736,-0.006874908421405862,0.062338193833440685,0.013121572892022653,0.06365326623180524,0.09199167872263324,0.028638646237237088,0.08558698687439242,0.01785784248370706,0.03397824599796673,0.012697181514618966,0.016676720984775247,0.08236352161463353,0.046215934291427375,0.031178086727947207,0.038482613245690654,0.038482613245690654,0.038482613245690654,0.03216120806563774,0.01657177137589443,0.006975603750789603,0.03380843105406235,0.033643246417448404,0.0786388216763463,0.08259861654709394,0.07750414874987673,0.19875804225248997,0.03960851988712136,0.039608519887121586,0.07603872959674547,0.07470989660877149,0.11478853093257087,-0.0790791232014187,0.08855589885382509,-0.0032214470930939172
REGION_RATING_CLIENT,0.0009048024330534637,0.22097822682714632,0.17706826969486303,0.21059077841852858,0.00512345428699936,0.3229609226614114,-0.010214383848135387,-0.010214383848135387,0.002973696724670681,-0.02226422188238767,0.0563752465108799,-0.024504484813373372,0.007933129604882074,0.007933129604882074,0.04437135617375039,-0.010007851245353186,0.029552474287409494,0.04807296612948776,0.001977360381397678,-0.0066760456605392884,0.0027535127333862563,0.06353700504916265,-0.02781241855963167,0.04467478913661189,-0.0020235843277537236,0.012258437486096653,0.001327696798497526,0.9542664837359214,0.07373974951505155,1.0,0.020817495636869538,0.020817495636869538,0.02010821540559431,0.0060924354043424755,-0.041275599695388486,-0.008050184200568031,-0.008050184200568031,-0.0039884729589551,-0.001583628141499796,0.007548910648603458,0.7426360183982308,0.010463557148223012,-0.04728280598068591,-0.03524547847970203,-0.0352209407802255,-0.0006518369824567177,-0.008784180913010675,-0.010774128609212955,0.012741565060374284,0.06358105725702895,0.19892652318369233,-0.008470294312161524,-0.0049007549387942596,0.1921214076352188,0.013129937933863085,0.07525975150027539,0.07525975150027539,0.21386563572241896,-0.01567940029437228,-0.004274686707805996,-0.0013216245627708522,0.21117180688746873,-0.016770373536610518,0.11516963410199545,0.16432867746203217,0.177982951306849,0.07950809497115001,0.006928127652097952,0.02633223536016606,-0.013544152584532055,0.15112426088963427,-0.03650888224532058,0.15154243586317984,0.15150000539378683,0.1508744886269863,0.1500847592831344,0.1231984805569805,-0.015034705733373545,0.03861705995241935,0.14861304200847575,0.14468235506810787,0.14944822166681046,0.09605199248465171,-0.0177674347170992,0.13285068250484564,0.1339310417585349,0.13084829700563963,0.14165704598573053,0.009808052032117633,-0.021989368295470105,-0.004987209979959573,0.06863395532354026,-0.012229469711827659,0.1325632966226332,0.011313253481872523,-0.001910007016770297,0.1285597579520847,-0.0031222344999555923,-0.008750838849821092,-0.022747112370547537,-0.0009260128551663504,-0.0037273153873765047,-0.009730307662663354,0.10836059438910418,0.06065707263319376,0.037491291025944416,0.02356186118114983,-0.013743752234724287,0.02135410898621164,0.16683370367623532,0.049251488553790176,0.13038167357054883,0.0004166696061412128,0.021069324777117038,0.021355608846267787,-0.0006821628489329078,0.12192736571377813,0.025407973031750748,-0.016617254697223697,-0.0076008459446115905,-0.0076008459446115905,-0.0076008459446115905,0.022668906934381543,-0.014762873683092596,-0.006824583066037077,0.05066928588616515,0.04508994148066407,0.11457155436375237,0.10424956075228477,0.10596650952069024,0.2095571533767907,-0.014406902836315672,-0.014406902836315313,0.10234538125090921,0.09696521772473574,-0.010070523440764251,0.01248166143616192,0.044497251599607435,0.008679125845545288
LAST_PHONE_CHANGE_YEARS,0.0009608860105374351,0.18692026386535807,0.14119884279960795,0.1830854443848146,0.08829962333466299,0.1837744735467269,0.16195244691364225,0.16195244691364225,0.04235697484444452,0.13426460352977324,0.06085742033408398,0.07657487644418894,0.08799892071520046,0.08799892071520046,0.04310640631141143,0.19021810626946598,0.01970342021104344,0.06417292777156004,0.003187359722487116,0.0635082697755903,-0.07768497299673441,0.03525017269751062,0.008832112591608807,0.008196719895166448,-0.039504809459632285,-0.07553637467460005,-0.1259658697185962,0.02068335445329915,-0.001600783951529157,0.020817495636869538,1.0,1.0,-0.012928657812375531,0.4703983037376403,0.15204589139635866,0.09597989214119826,0.09597989214119826,-0.050460595280931705,-0.17531459979078773,0.04622973830116896,0.010024939335260621,-0.20777545850751888,-0.009858107869381799,-0.012783184031214697,-0.012781579993451092,-0.02597629337067142,0.0688520586019477,0.09642145201989182,0.05009890683533287,-0.008002638309293394,0.026599139303142293,0.06945509373103459,-0.0004915990474277693,0.02422818830645428,-0.002042017875599455,0.05355465543755344,0.05355465543755344,0.015985290277075296,-0.029348896630970504,-0.0005275580446383042,0.06222606308674257,0.01762135975707186,-0.04023676741068854,0.024029260669269085,0.0217315457772266,0.025199098347898092,0.0510386921958438,0.00019425548838153893,-0.07553535730031166,-0.022274747444067343,0.03172030742443606,0.30338051974182934,0.030347470448031866,0.030398338174342926,0.030728730011304918,0.030525612616595876,0.0360114632515433,0.1630402876393355,0.057946082631852906,0.030408784623916666,0.030035013296210656,0.029788425700009908,0.030091681137021525,0.05049252509770999,0.026669034924202018,0.02757768364489158,0.0300532022826779,0.03061649340813095,0.12237067622737567,-0.11698343079719113,-0.08060930595253295,0.05264421305584983,-0.07746604514824824,0.029642436522163033,-0.0796334088168566,-0.002336639243579631,0.024904318905008892,0.027845862736381677,-0.02061242925143965,0.28310355691532124,0.03648886856835411,-0.10038126485830978,0.08436843599878195,0.02969000652433594,0.0651882782489357,0.043070401941893634,-0.07092656592542376,-0.049023759164087945,-0.07702157050982157,0.01429134835889075,0.10195687703126936,0.018633617205638227,-0.07735520936457227,-0.0015020617429666347,0.09614293908001668,-0.08645812729568564,0.0262558007704337,0.08009992570674693,0.02324020200401061,0.07948402835003797,0.07948402835003797,0.07948402835003797,0.0009085216111345979,0.049112415444628355,0.012186681434104054,0.08338493158311568,0.0670260135193499,0.025857515227721912,0.02150014896043408,0.02550691831231255,0.038252292488279736,0.07813743505736095,0.07813743505736213,0.02468530748761138,0.026314807213336875,0.09771842854309631,-0.09094739691240734,-0.17495635357469877,-0.03313367927578876
DAYS_LAST_PHONE_CHANGE,0.0009608860105374351,0.18692026386535807,0.14119884279960795,0.1830854443848146,0.08829962333466299,0.1837744735467269,0.16195244691364225,0.16195244691364225,0.04235697484444452,0.13426460352977324,0.06085742033408398,0.07657487644418894,0.08799892071520046,0.08799892071520046,0.04310640631141143,0.19021810626946598,0.01970342021104344,0.06417292777156004,0.003187359722487116,0.0635082697755903,-0.07768497299673441,0.03525017269751062,0.008832112591608807,0.008196719895166448,-0.039504809459632285,-0.07553637467460005,-0.1259658697185962,0.02068335445329915,-0.001600783951529157,0.020817495636869538,1.0,1.0,-0.012928657812375531,0.4703983037376403,0.15204589139635866,0.09597989214119826,0.09597989214119826,-0.050460595280931705,-0.17531459979078773,0.04622973830116896,0.010024939335260621,-0.20777545850751888,-0.009858107869381799,-0.012783184031214697,-0.012781579993451092,-0.02597629337067142,0.0688520586019477,0.09642145201989182,0.05009890683533287,-0.008002638309293394,0.026599139303142293,0.06945509373103459,-0.0004915990474277693,0.02422818830645428,-0.002042017875599455,0.05355465543755344,0.05355465543755344,0.015985290277075296,-0.029348896630970504,-0.0005275580446383042,0.06222606308674257,0.01762135975707186,-0.04023676741068854,0.024029260669269085,0.0217315457772266,0.025199098347898092,0.0510386921958438,0.00019425548838153893,-0.07553535730031166,-0.022274747444067343,0.03172030742443606,0.30338051974182934,0.030347470448031866,0.030398338174342926,0.030728730011304918,0.030525612616595876,0.0360114632515433,0.1630402876393355,0.057946082631852906,0.030408784623916666,0.030035013296210656,0.029788425700009908,0.030091681137021525,0.05049252509770999,0.026669034924202018,0.02757768364489158,0.0300532022826779,0.03061649340813095,0.12237067622737567,-0.11698343079719113,-0.08060930595253295,0.05264421305584983,-0.07746604514824824,0.029642436522163033,-0.0796334088168566,-0.002336639243579631,0.024904318905008892,0.027845862736381677,-0.02061242925143965,0.28310355691532124,0.03648886856835411,-0.10038126485830978,0.08436843599878195,0.02969000652433594,0.0651882782489357,0.043070401941893634,-0.07092656592542376,-0.049023759164087945,-0.07702157050982157,0.01429134835889075,0.10195687703126936,0.018633617205638227,-0.07735520936457227,-0.0015020617429666347,0.09614293908001668,-0.08645812729568564,0.0262558007704337,0.08009992570674693,0.02324020200401061,0.07948402835003797,0.07948402835003797,0.07948402835003797,0.0009085216111345979,0.049112415444628355,0.012186681434104054,0.08338493158311568,0.0670260135193499,0.025857515227721912,0.02150014896043408,0.02550691831231255,0.038252292488279736,0.07813743505736095,0.07813743505736213,0.02468530748761138,0.026314807213336875,0.09771842854309631,-0.09094739691240734,-0.17495635357469877,-0.03313367927578876
BUREAU_DAYS_CREDIT_UPDATE_MAX,-0.002749928321535724,0.20195488244035265,0.17075056123748086,0.18495586729195654,0.3280034114514356,0.029151675325400573,-0.01106404090014168,-0.01106404090014168,0.3848946263672399,-0.01874205218352841,0.023183666987325418,0.39291903219358,0.060676286282688535,0.060676286282688535,0.4875436231320581,0.025842278892795417,0.022109181765586215,0.042523231784188494,0.07528288074403047,0.05419975646579097,0.026438200000945853,0.021923553260755135,0.01751420718928671,0.033062650197771645,0.02160866310308062,0.08971895198615498,0.023008612711275297,0.020372505702939355,-0.03186425022384171,0.02010821540559431,-0.012928657812375531,-0.012928657812375531,1.0,0.008082220445074713,0.03163238502462287,0.0413043129314894,0.0413043129314894,0.015340081234864578,0.029899929807558574,0.021789315491896055,0.017401975321144424,0.03836889497615668,0.04698422173645325,0.04998917238336996,0.050000781293125955,0.013606111904357928,0.027325522706639828,0.02194216293843988,0.01924671890134838,0.01479625356978229,0.001151637177691437,0.028646545571914213,0.04553585409144432,0.0018921986602047068,0.05519008733136203,0.04262206385228679,0.04262206385228679,0.00043581829791342427,0.018094737713992486,0.04468851179247064,0.04335333781492947,0.0016654596813883602,0.020221022009372196,-0.0019331640471526355,0.002229291267664213,0.000315529936693916,-0.15090850535371964,0.049390365579740164,0.3056594769657366,0.01580813090041156,-0.00010520786782273644,-0.0021106877255691768,0.0005113970778823232,0.0006575710702451278,0.0005797949369403736,0.0006917767767958747,0.00526154028587282,0.015541342262317303,0.016604032713043174,-2.5616505253391114e-05,0.00013290268669621187,-0.0007515742634732718,0.0032681180026495633,-0.0061700634016474834,0.0004619697436596492,-0.0007424352668038284,-0.0015576360566460627,1.6405588436214116e-05,-0.11825050808339801,0.04538595364057519,0.0037460082192804704,-0.004725964492820402,0.022217456658928044,-0.00116796524125004,0.0542622093148614,0.038822885135384046,-6.954833500148622e-05,0.010535961848971065,0.011910766870731148,-0.017907559631724836,0.03167759627280123,0.008054665365265883,0.020546097208920148,-0.001510808631109316,-0.00718000501985292,0.013770039193541249,-0.005764277320784726,0.02493834241148455,-0.0030506785578398123,0.0017172457371850104,0.003946558831461892,0.0004551643943576945,0.0031006810132446615,0.013546376705842184,-0.03431082502174129,0.006952626400304204,-0.0022244384815497294,0.03668184684644018,0.011341572587842652,0.11207360780584653,0.11207360780584653,0.11207360780584653,0.01332873862132165,0.20947280353472533,0.010746774732373562,0.03540886553163577,0.03627579629260223,-0.0017740041827453495,-0.0007994426108560297,-0.0020698299723667687,-0.06314322464621501,0.11594614775293334,0.11594614775293614,-0.0019694004397715265,-0.003213806108414455,-0.04471965660548478,0.45905842351722426,0.05389503800704676,0.01750984120856898
PREV_DAYS_DECISION_MIN,0.0008272511122273624,0.10922185935581658,0.07724871611151281,0.115567579164476,0.10801234158055847,0.052162675214279385,0.15725478814703517,0.15725478814703517,0.08060476569828429,0.1324877611419647,0.07110894454959511,0.12218665478593477,0.1128613797652811,0.1128613797652811,0.04747827736911584,0.24590762653706053,-0.002323102956503606,0.13431382462261612,-0.030967466088941017,0.10195503212380966,-0.20911193108146736,0.03278836103853816,0.03609641443262018,0.03252691130009296,-0.13483469268437814,-0.15369489840121422,-0.3073193285964039,0.006266256399948306,-0.04192587594927987,0.0060924354043424755,0.4703983037376403,0.4703983037376403,0.008082220445074713,1.0,0.1912860622102419,0.11828492125849394,0.11828492125849394,-0.1467096685396629,-0.3795693631872535,0.018588672597357313,-0.02851329784967488,-0.37308454171075206,0.02637800525051109,0.02406190715581911,0.024088519768406532,-0.13001197947677565,0.1639697555658405,0.20966720349681356,0.04646163669951126,-0.020596727088960178,0.01686343792644223,0.17028554664236284,0.05309011510681195,0.013718301753386225,0.0035819850947988816,0.05244688442466104,0.05244688442466104,0.003150637347605073,-0.04479818213807252,0.05060552924248431,0.177825567890168,0.005684150912028653,-0.06703606529284122,0.021875542185867236,0.01257539273024018,0.019776287003476684,0.028952036374359974,0.09086615612845692,-0.07382240049839026,-0.03178672665901849,0.02727494333951355,0.5446092425525915,0.025099851255410133,0.024993956636362856,0.026945213000064507,0.026529376689783547,0.032470791657150326,0.3193561203527868,0.06297018889464313,0.025496363933343074,0.028067169193888415,0.026950592872757924,0.030234822041753942,0.06104002384211892,0.02021944570762925,0.025110026567034583,0.029230767473303165,0.026841550948074784,0.1297441008567149,-0.16027544036032645,-0.21422796057707463,0.011598310875106417,-0.10317954475111978,0.02428897243956403,-0.1043528031309512,0.042487515873457525,0.019942146398987108,0.01860374995212885,-0.02926719973142559,0.49712161595827803,0.08130958353977744,-0.2530417227788159,0.09949258307749269,0.023825592354119345,0.05189940056597031,0.05060103358669916,-0.11017272453509351,-0.07309605976487142,-0.116633329937685,0.003956967798724173,0.3587065302919768,0.012700759356423971,-0.20064055967994476,-0.010868616639072553,0.10092597496276866,-0.21565474115893257,0.020221768669840157,0.08996683068126232,0.017342395091486898,0.09754647360937448,0.09754647360937448,0.09754647360937448,-0.0060338089603006444,0.06717381153158658,0.017449857958868033,0.102839630212907,0.0793971402999533,0.019647326555482063,0.015100387905020754,0.01858623379431528,0.017145713469237753,0.0951610832723548,0.09516108327235656,0.018342397100419485,0.019690572148515512,0.07027192100544434,-0.07335205588403991,-0.15827616942295875,0.0028911822576753064
BUREAU_N_CLOSED,0.0005783928139910314,0.1060487082587154,-0.012017967596356932,0.2168112911643251,0.15699677352940092,0.05639522215810968,0.14798933670907724,0.14798933670907724,0.3174971547335948,0.12843890152020207,0.056138414415827426,0.5527826703795097,0.09676508008456602,0.09676508008456602,0.015228767908063233,0.5693930808954194,0.026420814773479573,0.04170647440100356,-0.044595902968194816,-0.033380715230934506,-0.006846110996525497,0.03628858835656225,0.04734887962716789,0.02508463540148211,0.010452738103868453,-0.0929422781230395,-0.026563715163336055,-0.0427767848787839,0.04639615374395295,-0.041275599695388486,0.15204589139635866,0.15204589139635866,0.03163238502462287,0.1912860622102419,1.0,0.13442771133477546,0.13442771133477546,0.00023101015842926957,-0.04790072005264516,0.04065866784273155,-0.03902945561263603,-0.05508684633597912,0.013349496519162082,0.008942066844548673,0.008927109281123391,0.008745941871823714,0.0476221719396722,0.059962833008089335,0.05747860199855639,-0.0029421475905891414,0.03266319426483601,0.03793864088565843,-0.01888562611752549,0.03314500822507124,-0.013057984653357538,0.015055430158385733,0.015055430158385733,0.016762398439528144,0.004671997867021066,-0.019661700099350237,0.000520452830128274,0.017543357132155282,-0.0020714995533485867,0.04353853915132158,0.02494192693455919,0.034701117829728,0.08454652027975595,-0.009802443594065607,-0.2993281545871951,0.010048415540309927,0.04624371060334081,0.15700574401981598,0.04528008393167514,0.045307155895890315,0.04557486112952588,0.045588754670026675,0.04465899042417856,0.07117245755199746,0.059938639851927704,0.04540952570400936,0.04414113752064444,0.044276837476926546,0.04689280424792791,0.06997515446159427,0.03602349857188686,0.039386796635612384,0.04321475535961813,0.04486375255255665,0.6684005983092353,-0.02427497865189355,-0.012305943843345343,0.034739061167984996,-0.019573584352682298,0.041040428320955495,0.1477034866270697,-0.026379748547384736,0.035546595285672486,0.1625875992995134,0.007684147750287489,0.15092447527937616,-0.027954454249313507,-0.02495400562991222,0.6998681039443456,0.04124989575699743,0.032599322462849,0.05594908638005955,-0.04078095474702922,-0.006298229832701444,-0.0460425115423457,0.012094858033920786,0.05222510331397488,0.025859999613759038,-0.01800383832435966,0.00370428345466487,-0.012890262722761217,-0.02337514362812056,0.034708959232655774,0.43862018619331206,0.03191692426989124,0.6199238011146043,0.6199238011146043,0.6199238011146043,0.005211366977179832,0.5297883182632687,0.012904534217427405,0.031673307701955464,0.026851005361290033,0.03351823050844404,0.029533033137588816,0.03394809754595426,0.05924680680103186,0.6413443632876678,0.6413443632876769,0.033949775124704734,0.032361781577371004,0.4316232440467785,-0.34449836145475937,-0.09470423828919926,0.011810832132762383
DAYS_ID_PUBLISH,0.000179301676016657,0.12731787898824665,0.10041679828306914,0.12372869702063376,0.12460645343108523,0.05383043127381072,0.11256884711892949,0.11256884711892949,0.08678227813897926,0.10112819189269594,0.03392097952871262,0.10630198844469635,0.3075270955185535,0.3075270955185535,0.051807025454989025,0.1987827080191854,0.01735664719657317,0.021529485915365135,0.03728928924108426,0.0286967511929429,0.009498802081015213,0.017553890329237282,0.2254793449260898,0.2148201691029441,0.015934736756232217,0.016994373360726057,-0.0063696559887622215,-0.010477946201538878,-0.028971439879085834,-0.008050184200568031,0.09597989214119826,0.09597989214119826,0.0413043129314894,0.11828492125849394,0.13442771133477546,1.0,1.0,0.010436294201624558,-0.01570942877249815,0.006176188218238514,-0.011239289601019083,-0.016756591403127206,0.27212876683741594,0.2757897935513826,0.27578177863950587,0.015505010070474931,0.007143409366778846,0.012815278746431737,0.09931320815833712,0.005276595016616486,0.01338485052443786,0.01125729266602643,0.002637645692166542,0.013898281374622262,0.023742961095398554,0.0899038927593404,0.0899038927593404,0.011472103452311304,0.019256442589046786,0.002777319627863588,0.018056226548040826,0.013349009230401433,0.018168782015977384,0.02148278056741283,0.014892511051298749,0.011026628858144844,-0.0023107633640900615,-0.0267779305321468,-0.02636825007814292,0.02004184406129718,0.014580052358078936,0.0664947265615067,0.013792134889113976,0.013698676204851528,0.014884821742006317,0.014565103846724093,0.04025476619270057,0.03503806287827495,0.07833557004685988,0.013792712960020683,0.016103237062746047,0.013318744418250584,0.03890641404473928,0.09504933751167333,0.015494208672686516,0.012421684613164475,0.01481120553477334,0.013197079913799247,0.07700901200991295,0.005823574340849947,-0.004288325146693407,0.021988483438295663,0.007288395855666516,0.014042959267192203,-0.006968723298859881,0.0020262633846909266,0.0145584578114707,0.029771267798654202,0.015851218044264384,0.05630371109030462,0.008737191766171982,-0.009658519532390424,0.07325912225223802,0.012813509514134685,0.019025185649187527,0.08814407782125083,-0.047809445964974544,0.012490659375774376,-0.05464100520336849,0.009039241440902597,0.048988972287760474,0.010054886399246246,-0.005755152517951841,0.004761909158168263,0.014510546846052784,-0.007412721326030059,0.011203449642592948,0.054941183535035715,0.06072732132498873,0.08115200186461126,0.08115200186461126,0.08115200186461126,0.007307544148739344,0.058539741726213755,0.009935686155211159,0.02096294966269348,0.019935352824180175,0.010226827080790998,0.011362779819002685,0.01103617122716981,-0.0015042250854173152,0.07011071935095195,0.07011071935095167,0.011097745155773043,0.010325293766788759,0.004379436115704999,-0.014117961209103637,-0.012879350560726746,0.050390093740704474
ID_PUBLISH_YEARS,0.000179301676016657,0.12731787898824665,0.10041679828306914,0.12372869702063376,0.12460645343108523,0.05383043127381072,0.11256884711892949,0.11256884711892949,0.08678227813897926,0.10112819189269594,0.03392097952871262,0.10630198844469635,0.3075270955185535,0.3075270955185535,0.051807025454989025,0.1987827080191854,0.01735664719657317,0.021529485915365135,0.03728928924108426,0.0286967511929429,0.009498802081015213,0.017553890329237282,0.2254793449260898,0.2148201691029441,0.015934736756232217,0.016994373360726057,-0.0063696559887622215,-0.010477946201538878,-0.028971439879085834,-0.008050184200568031,0.09597989214119826,0.09597989214119826,0.0413043129314894,0.11828492125849394,0.13442771133477546,1.0,1.0,0.010436294201624558,-0.01570942877249815,0.006176188218238514,-0.011239289601019083,-0.016756591403127206,0.27212876683741594,0.2757897935513826,0.27578177863950587,0.015505010070474931,0.007143409366778846,0.012815278746431737,0.09931320815833712,0.005276595016616486,0.01338485052443786,0.01125729266602643,0.002637645692166542,0.013898281374622262,0.023742961095398554,0.0899038927593404,0.0899038927593404,0.011472103452311304,0.019256442589046786,0.002777319627863588,0.018056226548040826,0.013349009230401433,0.018168782015977384,0.02148278056741283,0.014892511051298749,0.011026628858144844,-0.0023107633640900615,-0.0267779305321468,-0.02636825007814292,0.02004184406129718,0.014580052358078936,0.0664947265615067,0.013792134889113976,0.013698676204851528,0.014884821742006317,0.014565103846724093,0.04025476619270057,0.03503806287827495,0.07833557004685988,0.013792712960020683,0.016103237062746047,0.013318744418250584,0.03890641404473928,0.09504933751167333,0.015494208672686516,0.012421684613164475,0.01481120553477334,0.013197079913799247,0.07700901200991295,0.005823574340849947,-0.004288325146693407,0.021988483438295663,0.007288395855666516,0.014042959267192203,-0.006968723298859881,0.0020262633846909266,0.0145584578114707,0.029771267798654202,0.015851218044264384,0.05630371109030462,0.008737191766171982,-0.009658519532390424,0.07325912225223802,0.012813509514134685,0.019025185649187527,0.08814407782125083,-0.047809445964974544,0.012490659375774376,-0.05464100520336849,0.009039241440902597,0.048988972287760474,0.010054886399246246,-0.005755152517951841,0.004761909158168263,0.014510546846052784,-0.007412721326030059,0.011203449642592948,0.054941183535035715,0.06072732132498873,0.08115200186461126,0.08115200186461126,0.08115200186461126,0.007307544148739344,0.058539741726213755,0.009935686155211159,0.02096294966269348,0.019935352824180175,0.010226827080790998,0.011362779819002685,0.01103617122716981,-0.0015042250854173152,0.07011071935095195,0.07011071935095167,0.011097745155773043,0.010325293766788759,0.004379436115704999,-0.014117961209103637,-0.012879350560726746,0.050390093740704474
INST_PAYMENT_RATIO_STD,-0.0025944974204174863,0.06961707667931884,0.0673538651998602,0.05171634043362156,0.07841414313105459,0.03289255997557888,0.006821264533443772,0.006821264533443772,0.013036146244982925,0.002401531279072335,0.042915685557809245,0.013388725940561595,0.02970316441769757,0.02970316441769757,0.004677283614621663,-0.014260799739521664,0.016703871406694677,0.028085761588922453,0.0563158638914455,-0.014679894963248131,0.6742743510756724,0.027981027253005556,0.021065348304416767,0.013730657084944076,0.8516162309135336,0.0673531474160655,0.6704444017214162,-0.0033476966591756744,0.011439140840036445,-0.0039884729589551,-0.050460595280931705,-0.050460595280931705,0.015340081234864578,-0.1467096685396629,0.00023101015842926957,0.010436294201624558,0.010436294201624558,1.0,0.5859348090745196,0.03358964104024877,0.004503295776462819,0.5907547338482402,0.01924385882904207,0.017550088125890446,0.01759534670305666,0.577476809118629,-0.05050960899546731,-0.0582992751808127,0.013631312709409706,0.019618994362703552,0.009034150391471986,-0.050649449098017905,-0.04280310548364914,0.00953983456895148,-0.015504301657738652,0.009267477821464597,0.009267477821464597,0.006364398475171424,0.06049099916355053,-0.04368858776464471,-0.09240534261981781,0.005837222050025187,0.06296372716217417,0.00884586883179102,0.005676685803989312,0.009163511647773091,0.016302546031307773,-0.06490748309034304,0.013990466536677092,0.04547432911720525,0.011714808467762367,-0.11787426105271513,0.011616822819014062,0.011634855266914698,0.011968304864062489,0.01161842106768533,0.00953205413492414,-0.10583683713992457,0.01145127587216001,0.011722766900947644,0.0115386781552161,0.011144046955226463,0.008613025959238746,0.0103702981999718,0.009666217693874154,0.01036636685157695,0.010835126996423425,0.01106950943608002,0.0038002558244462853,-0.015136413359298061,0.42213351984812225,0.0037223621398255447,0.04406073638665197,0.011061134455674913,0.01963905140681137,-0.04811615792255709,0.007059371374197922,0.013797672727698686,0.031490497150410114,-0.11782561286531783,-0.06960478855303565,0.4207541761239169,-0.004380897563960024,0.010061683089579937,-0.0012143749317366464,0.01199773847384124,0.03246720612853689,0.04611589650355844,0.03273980952835745,0.004455717900759838,-0.08518447862850494,0.008365289441163853,0.3469182141206566,0.028312929483984447,-0.04514584562441706,0.35488417039704706,0.009640551645376055,-0.003787238521083213,0.009869346861816106,-0.003027111624058628,-0.003027111624058628,-0.003027111624058628,0.021082171693153285,-0.002036709840228384,0.008359438095280808,0.0036865612485055786,-0.003213109351380266,0.00965566504927505,0.007212240168598015,0.009613547766419015,0.008371410548854749,-0.0035114631147470537,-0.003511463114747199,0.007822394455677669,0.00879809579333834,0.0002599591723544346,0.007402026500302465,0.027055113321315036,0.021362969975932275
INST_DPD_MAX,-0.0038912978397410833,0.05513562938051477,0.05829865618069883,0.03510967164101158,0.07383155784268897,0.026935698938138,-0.037844302791904934,-0.037844302791904934,0.0037712057528970656,-0.0290086938194993,0.018960822553663565,-0.004859129450942712,-0.02231948954100319,-0.02231948954100319,-0.005529203039585459,-0.07800842661329287,0.038646066322303725,0.07430441342271764,0.08435869703395875,-0.010260194765124285,0.7830408889336753,0.0259054085139588,0.005293076447450669,-2.2240344226901056e-05,0.6008450099234266,0.16217435707441713,0.9182002071331596,-0.0015298978539985291,0.03634199169470641,-0.001583628141499796,-0.17531459979078773,-0.17531459979078773,0.029899929807558574,-0.3795693631872535,-0.04790072005264516,-0.01570942877249815,-0.01570942877249815,0.5859348090745196,1.0,0.031510582097462665,0.014245588065872826,0.9390652963249445,0.004098476621365666,0.0035514570403088574,0.003563437686332549,0.6037125158057104,-0.07110611335191601,-0.10196537241798698,0.004025049835009081,0.036338296958475645,0.019835001083716858,-0.07451589371118444,-0.0014611707025351034,0.021193299592300853,0.004899622243158888,-0.005121242879712364,-0.005121242879712364,0.01688833500933717,0.14991295311894093,0.000606312264714581,-0.0993303524279683,0.015876128128819028,0.16276625284974366,0.013872142538400335,0.016536650323891552,0.019488324127086565,0.00885438138175899,0.0020561885015721163,0.05226064857774874,0.13579007847841182,0.020304089841736726,-0.32967823303595606,0.020590752941073234,0.020627348158081767,0.019860830614194722,0.019715880274184968,0.007855854079311119,-0.21939000380910506,-0.010514509450237538,0.020614234331581577,0.01900287224158899,0.01939117188590297,0.004490046876007293,-0.020292620165173646,0.01670619434075242,0.017530668813906813,0.0179332014383594,0.01930451081903746,-0.032913476456842686,0.22780775256210536,0.5162063547125115,-0.06785677085597494,0.10605314763955896,0.017471760521142594,0.15005833262257162,-0.0016299640836217005,0.014869638348142523,0.0037878553018782235,0.12376347344623179,-0.306393928117047,-0.07203140063307165,0.5475843221408099,-0.02803899852418867,0.016924952331718486,-0.10777689010397319,-0.013023533369478998,0.07674755401027246,0.17769663448428014,0.0768064921949241,0.01166140983329714,-0.3281856024399897,0.012840247376044769,0.4441935357834124,0.04054186574499007,-0.010904752887798273,0.4547024525272301,0.013921841694142617,-0.027349273111295116,0.011580278325448947,-0.02688962595522102,-0.02688962595522102,-0.02688962595522102,0.031195930430421168,-0.015371684085334267,0.008405648031941274,-0.039453057856112916,-0.024240547997091397,0.014154052800986312,0.011773089064702877,0.013779996767804765,-0.012198439608519797,-0.027210362174925562,-0.027210362174924663,0.012896336603609058,0.01313959463510093,-0.016576126934177853,0.04076989852243945,0.11883694718566694,0.0093091910599657
EXT_SOURCE_STD,0.0007558136381979437,0.2658275517624013,0.5662972231452621,-0.17019901225061024,0.21942050676511515,0.17521621749948205,0.03807229219880194,0.03807229219880194,0.023320422578345514,0.027414253584839537,0.035870713923292746,0.03495290265962627,0.022209345287137167,0.022209345287137167,0.03495592632141797,0.020019698373713375,0.024092617933806862,0.023839851431538432,0.035168937536931094,0.02907552110558205,0.0419020323558544,0.027965730859541404,0.0023833615044661694,-0.0011520344218727665,0.03999778671220856,0.03647292785239955,0.03750243151234614,0.009018516153391021,0.021001738815553696,0.007548910648603458,0.04622973830116896,0.04622973830116896,0.021789315491896055,0.018588672597357313,0.04065866784273155,0.006176188218238514,0.006176188218238514,0.03358964104024877,0.031510582097462665,1.0,0.00018384324976306534,0.033353655510344145,-0.010110384816411319,-0.012388956313344449,-0.012426174869702482,0.03327689112693267,0.010460617294869473,0.011314055291980426,0.014066371636347906,0.015315131900139299,0.013971751409834005,0.010039164360933649,0.004113550998773132,0.014027578800049938,-0.0011805755418413497,0.013717088813707784,0.013717088813707784,0.01246060663371995,0.008376605034235282,0.004456217867769347,0.0039007783001568396,0.01296528424536598,0.008828490874094725,0.014489908823352795,0.010522407911642962,0.013733517241089429,0.028586833142776196,0.006686657771746724,0.055057519789206706,0.007828508087699325,0.013664017935542786,0.005589196098300738,0.01375367403967315,0.013746425634135816,0.013894520338497331,0.01452529644200581,0.012065294603056501,0.006045609315417753,0.01620745340124026,0.013620980248409959,0.012900554358223905,0.013794889960219157,0.013327821343092974,0.011426715261316006,0.010199269188601147,0.012125085518437684,0.0126755041714871,0.013325919214715968,0.046079159914846214,0.004719251556274252,0.022055506547843228,0.011885657552833944,0.004477873839894037,0.01077215825574663,0.020868391849184712,0.002341982844553255,0.010711504419871211,0.017087735051595606,0.007531413159339073,0.00426353372288644,0.004644130760173065,0.023088999066938492,0.05599359370852509,0.009066962182563854,0.009560559589972442,0.016857956762646956,0.005283066077389132,0.009063898033970936,0.006130350039606475,0.007580495288634568,0.012689613339766061,0.008012658341664267,0.018192817634114514,0.010866442101058383,0.013574639779294427,0.018837626855373445,0.007185793622513691,0.02852601349459319,0.008727859408734879,0.048003265770724626,0.048003265770724626,0.048003265770724626,0.011482488257093148,0.04840938250459479,0.0032295832280590975,0.017999598186837936,0.01656907625464332,0.007114572734567761,0.0062296814883820864,0.006077111371912654,-3.4301405838483285e-05,0.049564549104221166,0.04956454910422007,0.005865823601528303,0.005372038579571576,0.05339195986246771,-0.007169558358462731,0.020125707760714154,0.009580841369565236
REGION_POPULATION_RELATIVE,-0.000277152255245991,0.19014648513601373,0.14681601049011275,0.18899015295818336,-0.0015979979554943402,0.2894427513357802,-0.011490588615102569,-0.011490588615102569,-0.00022003028003384146,-0.02300890333955407,0.058158557451826694,-0.019617628328920726,0.004447455788642611,0.004447455788642611,0.043569398208596816,-0.009797120805313057,0.023183511738078512,0.03865564684492013,0.00010867571122062155,-0.016833983192137567,0.017480865671432654,0.0648749479837843,-0.024419361346885066,0.06705891273419831,0.007040279004182935,0.013700072503078264,0.015898175843026875,0.6933066152074462,0.09236048108995,0.7426360183982308,0.010024939335260621,0.010024939335260621,0.017401975321144424,-0.02851329784967488,-0.03902945561263603,-0.011239289601019083,-0.011239289601019083,0.004503295776462819,0.014245588065872826,0.00018384324976306534,1.0,0.02510361273424056,-0.044624837905166664,-0.03437146701520735,-0.0343626643595644,0.014223544606768928,-0.015507570661797785,-0.018243937824105976,0.0007425435034420941,0.06582030540513858,0.15888764003126302,-0.013542466497430464,-0.008057126079698147,0.1559451978456189,0.005084787168147389,0.04578106058009868,0.04578106058009868,0.20637512920145293,-0.013428296307174816,-0.006803566921706247,-0.007922539492180521,0.1976546406644814,-0.01349735852774991,0.08025061094160271,0.13551021949701544,0.13814165653214408,0.08265439933319772,-0.0020859635949474547,0.026777383270512142,-0.011007604747778158,0.10118938334240395,-0.05254061646152146,0.10240576428361806,0.10211938094013613,0.10258853605122553,0.10079851373717914,0.08385684478276276,-0.022488450091075352,0.033832602867865595,0.09897632863082893,0.10368824043958938,0.09973571753266747,0.06750621346464412,-0.008001547342884802,0.09373526290199108,0.09668657438881338,0.09015151706441699,0.08903509914531034,0.010517417227668802,-0.013910731354433397,0.006345959732104931,0.08006384172846426,-0.004498861229209232,0.08879813673268627,0.0089453374795127,-0.0035282279893320305,0.08178349830517996,-0.006688505026558579,-0.007072112200273781,-0.041188649620604284,-0.001679083732643342,0.008649938683438472,-0.013362225524433165,0.05531492888369168,0.07097304186597206,0.025083943488189164,0.02128101278869442,-0.010737032873657792,0.01869251503058771,0.15861678558445105,0.033888312453636694,0.11104601840315763,0.00867326230270603,0.026623883674006848,0.009698086232248477,0.009055397542371155,0.08407113682207148,0.022090173762705834,-0.028270060293009464,-0.009400970464400563,-0.009400970464400563,-0.009400970464400563,0.02706923660260048,-0.015861261090220208,-0.00036676334213125506,0.056904179915093465,0.050768512606764966,0.08177939382605331,0.08987744960398956,0.07525132353741819,0.21440490278344373,-0.0156469161796133,-0.015646916179612936,0.07674497115812447,0.07025286913958852,-0.004216937292494812,0.00823428184656711,0.04624515722483385,0.014030173833567942
INST_DPD_SUM,-0.003571373665765946,0.05843532723221138,0.06234613223984447,0.03677078726452438,0.07323336746138276,0.032004726117114364,-0.04608771255551304,-0.04608771255551304,0.0095323091335924,-0.036822202117244386,0.027696404098006677,-0.006398835013304293,-0.027220977961589114,-0.027220977961589114,-0.0005101832369421803,-0.0820101968257462,0.04241146256637955,0.07791623229134587,0.07745674531517201,-0.01812752343697409,0.7759982645160686,0.037879650687308246,0.0033246619714933454,0.0030075747407540925,0.6064972146183273,0.19036121510782525,0.8912584241581347,0.010609390000162384,0.05582158641172943,0.010463557148223012,-0.20777545850751888,-0.20777545850751888,0.03836889497615668,-0.37308454171075206,-0.05508684633597912,-0.016756591403127206,-0.016756591403127206,0.5907547338482402,0.9390652963249445,0.033353655510344145,0.02510361273424056,1.0,0.00024555992681618403,0.00027590298578608055,0.00030762238276127815,0.597883951251318,-0.07472589053979323,-0.10475916613294355,0.003394229959850214,0.04780685361395276,0.0284421510065936,-0.08027003183603279,-0.008386978018858914,0.029051486925039668,-0.0013657768752747053,-0.009260103774473076,-0.009260103774473076,0.026018002328398158,0.15238609312272702,-0.006020187923879932,-0.10022002255225278,0.024441144017287714,0.16291969985040228,0.021754178926461153,0.023582466700774244,0.027058350040865,0.019646544237695202,0.009203454904980521,0.05929405838965313,0.14180606841970247,0.027788188692815925,-0.38329848739539935,0.027633012799471342,0.027711304048435078,0.027225289639558514,0.02700260427376309,0.014094602001503694,-0.21897275467613975,-0.011577892390878069,0.02741106341453071,0.026572669850354804,0.026537425678624615,0.010780119025357672,-0.02570567919387267,0.02404014250781169,0.025616468177822774,0.02531962260732065,0.02631887800002774,-0.03241807647120352,0.24640156632974064,0.48302661319725065,-0.07085052657728742,0.10697581181642732,0.024527247486019043,0.19394349247822737,-0.0077730968434117165,0.019710183254942858,-0.007128565585938362,0.1350470903435631,-0.34943010220886567,-0.0750864363720917,0.5243596706298401,-0.0297084239493005,0.024081130367261526,-0.10784486164420391,-0.012455209138017988,0.08886931041016581,0.19269102625304824,0.0909504737424223,0.01856146894387909,-0.20303098025805824,0.020161092591941977,0.41620284884665665,0.04267372695738154,-0.004734236761293244,0.4377136061870833,0.02071867761822037,-0.035459995285066326,0.011935304495227528,-0.026449496199489917,-0.026449496199489917,-0.026449496199489917,0.032654338672639366,-0.014995486332611831,0.011550933172103692,-0.035234598401648026,-0.020741119104395772,0.020630144115043277,0.017798606845068017,0.020555793852369216,-0.0004603281357744282,-0.028115464542593355,-0.02811546454259313,0.019473680262315447,0.019283583401459675,-0.020433485477860627,0.04817701699378783,0.2678414210985375,0.005646006685737206
ORGANIZATION_TYPE_FREQ,0.001828008000633786,0.09645800746358645,0.09756925607358648,0.06920108920453191,0.10388713018965413,-0.01801855438574213,0.0737566188751588,0.0737566188751588,0.06144160803697096,0.09733767457019901,0.01815305658048796,0.044716623510433935,0.6198456323089977,0.6198456323089977,0.011665980295696508,0.0443873640185561,0.023401587937860686,-0.007845941847741778,0.031123402869059326,0.006370070010526507,0.019058238355931376,-0.002469625225003049,0.7781981509021825,0.7556170586099095,0.025383429629785265,0.005349353290225189,0.0065594540942082785,-0.04899452106662494,-0.10455697032546592,-0.04728280598068591,-0.009858107869381799,-0.009858107869381799,0.04698422173645325,0.02637800525051109,0.013349496519162082,0.27212876683741594,0.27212876683741594,0.01924385882904207,0.004098476621365666,-0.010110384816411319,-0.044624837905166664,0.00024555992681618403,1.0,0.9756959920254044,0.975573010348505,0.014304543837302244,-0.021354237116726016,-0.0179927373187009,0.2570736301704847,0.007178868422220259,-0.02801120634081201,-0.00669640882945133,-0.0027997686716611753,-0.025086330470035115,0.03401797752432406,0.2224162171604262,0.2224162171604262,-0.025616955626318876,0.026738453549156768,-0.002796709971294237,0.003662604673167969,-0.022707147711849566,0.027937031049067692,-0.0023593153467428656,-0.020654767133238328,-0.026152833728778885,-0.08593647301681938,-0.08033394539172005,0.02493251096393526,0.023833880139847635,-0.02087494504952942,0.046716291875237646,-0.020929545817563976,-0.021065565791251125,-0.020012283282522587,-0.02013925204093047,0.02203304987830207,0.010095324928581305,0.09543038075521702,-0.02099258712005529,-0.01980963427693248,-0.020279406233607335,0.034398983286724964,0.17141485577230983,-0.015252959689302818,-0.023638417482463574,-0.020109245123628845,-0.02055721883933387,-0.038879677085787726,0.03682263137027768,0.000902197909982533,0.02215241560931295,0.04108988154819054,-0.018299070429925148,-0.036856205121209275,-0.00296366546163861,-0.014897719613917094,0.004097405101026062,0.013422970832006978,0.02220120532989258,0.004891520789320583,-0.004187291209889919,-0.0070281371478014805,-0.018427419612648172,0.011121785406130204,0.11024088446157611,-0.05520053326544166,0.012589430040126214,-0.05765964899986333,-0.01788443360612208,0.020248330690454352,-0.013216683167573467,0.0036733085931163353,-0.017370255135811148,-0.024060317136001094,0.002520709168560749,-0.013252132318892919,-0.02809831363645421,0.21877429753319108,-0.002202724235450234,-0.002202724235450234,-0.002202724235450234,-0.014610418308782494,0.009721290793386368,0.01662399934660027,0.014339738191326211,0.014912501965699598,-0.012867506904100908,-0.009913757894700346,-0.012516654938771033,-0.08662665045032922,-0.007759519225517902,-0.0077595192255179414,-0.013006587039723292,-0.013056016693195808,-0.13061798389297533,0.05870349033724728,-0.035532345008905376,0.22489539696943953
FLAG_EMPLOY_ANOMALY,0.001365925821156728,0.09693812707913502,0.09740556242499657,0.07009637723521797,0.09997389938423414,-0.01403542424828789,0.04505265490015414,0.04505265490015414,0.06352144260440333,0.0689456796411494,0.018210196444058798,0.04543770025875274,0.6266305485503415,0.6266305485503415,0.014355297065016627,0.04060401853555633,0.0261192352318904,-0.005988933637733549,0.030053508752693085,0.003919626668194263,0.017673888537793746,-0.00140714091495536,0.7634691497434372,0.7647699481644068,0.02359055763675566,0.004935884111009199,0.005905938396451672,-0.03678593981374383,-0.10424586769182481,-0.03524547847970203,-0.012783184031214697,-0.012783184031214697,0.04998917238336996,0.02406190715581911,0.008942066844548673,0.2757897935513826,0.2757897935513826,0.017550088125890446,0.0035514570403088574,-0.012388956313344449,-0.03437146701520735,0.00027590298578608055,0.9756959920254044,1.0,0.9998678692146827,0.012877209351580807,-0.021411527629274892,-0.018058381437727845,0.25645367854384205,0.010286817654226052,-0.01588666730448294,-0.0069289808708611345,-0.0016204636779214832,-0.01394493820698067,0.036270754863661936,0.2255327533493403,0.2255327533493403,-0.014556394543809005,0.026234561012403214,-0.0016524537245814891,0.003458850361384481,-0.011704190685313913,0.027652122633677976,0.004282715144109503,-0.010494110535730673,-0.015357773937556357,-0.08363168554854129,-0.08094253812578732,0.030599227431489344,0.023458005576418032,-0.010740875868554387,0.04425152443288526,-0.011005079720205112,-0.011105670738000461,-0.010119951004666831,-0.010298723235514345,0.02886822237833413,0.009499088000210857,0.09217541176986178,-0.011072981108081926,-0.010192839973280183,-0.010543565604130473,0.03910634566375637,0.16847395686053213,-0.00595587012377174,-0.0146740461502678,-0.010671630736620403,-0.010882720306604188,-0.04168211256665862,0.037766632775097064,0.0005563934894153425,0.026351149273711467,0.041461398442904515,-0.00905879491652381,-0.03935942246909948,-0.0019233368437584194,-0.007225258316517609,0.004250575347586959,0.013883999044111122,0.02047667564098409,0.006225559307355158,-0.004617742530934614,-0.009571212625939391,-0.00980021719781314,0.014742056848694897,0.10802932688020274,-0.05496709496350574,0.012306237345273256,-0.05743034030538841,-0.00980783667684666,0.022195937983142008,-0.0048652968823097165,0.003925657394130168,-0.017159899178929627,-0.024337848598011316,0.002431128388336467,-0.005119418867672608,-0.028467700831174884,0.21923405326790216,-0.004621250178053437,-0.004621250178053437,-0.004621250178053437,-0.01453037392471943,0.007863518172292352,0.01413112623243238,0.016377317721961653,0.016327413391419028,-0.004955818380863323,-0.0017816830866395133,-0.005170175613666638,-0.0752262395811875,-0.01046930669086082,-0.010469306690860778,-0.0056248567501822125,-0.005292308635541123,-0.1335899702999794,0.06431093553212204,-0.03373456428128037,0.23383376428599098
FLAG_EMP_PHONE,0.001334872104153545,0.09696308232855483,0.09738722409099375,0.07013736193587816,0.09999185216812406,-0.013992088417833486,0.04509403167660346,0.04509403167660346,0.06355344707928476,0.06897261744083369,0.01823814497149831,0.04544429798266709,0.6265671422564657,0.6265671422564657,0.014347401901017607,0.04061389989517923,0.026159069349952945,-0.005950060361869694,0.03004843673292878,0.003907116462863516,0.017698650153609493,-0.0013541157820492677,0.7633426142703656,0.7646760583902424,0.02364490034065104,0.004940908276371447,0.005935428302949977,-0.03674488252659448,-0.10421592785894224,-0.0352209407802255,-0.012781579993451092,-0.012781579993451092,0.050000781293125955,0.024088519768406532,0.008927109281123391,0.27578177863950587,0.27578177863950587,0.01759534670305666,0.003563437686332549,-0.012426174869702482,-0.0343626643595644,0.00030762238276127815,0.975573010348505,0.9998678692146827,1.0,0.012902659780092394,-0.021368399340844658,-0.018001967150984458,0.25642728415341237,0.010308147845005187,-0.0158782067844306,-0.006872295362560655,-0.001595281317395853,-0.013972833480616733,0.036260068722626486,0.22547990927972567,0.22547990927972567,-0.014548821062603329,0.026219210783998328,-0.0016267982591613287,0.00346993332089276,-0.01169413097037952,0.027635441927227902,0.004280212815025383,-0.010477954051473367,-0.015351296252619561,-0.08362928546853635,-0.08093779219411087,0.030549748283884622,0.023456771827059134,-0.010720900656258402,0.04426267787250381,-0.010990733132371089,-0.011091490618159797,-0.010101461940152455,-0.01028141339919075,0.028829611152622153,0.009501464188774855,0.09216566695557059,-0.011057591655053088,-0.010168307995968323,-0.010524224741463353,0.03910559098333597,0.16846901294623065,-0.005919272609887114,-0.014631625455557424,-0.010643136653499153,-0.010864482752918436,-0.04171560008905564,0.03777061180376875,0.0005760498701340658,0.026344586941710456,0.0414885053047628,-0.009023301279368916,-0.039309837257698876,-0.0018978030851367802,-0.00720939787305223,0.00419938558409561,0.013894325823640488,0.02048812167050231,0.00620994107747488,-0.0045988348827600166,-0.009637343698633477,-0.00978000082841598,0.014742926717935286,0.10797769219239116,-0.05493772629179197,0.012294378762586438,-0.05742988083825899,-0.009841878864155846,0.022234239957478526,-0.004846214785726824,0.003934509676386394,-0.0171218198068623,-0.024316613481749766,0.0024354211500231746,-0.005083491769485578,-0.02845672566592388,0.21921892868604825,-0.004655026931807217,-0.004655026931807217,-0.004655026931807217,-0.014498319290706252,0.007799756686233414,0.014120790358459822,0.016370015866693517,0.016325807863898034,-0.004916592602902998,-0.0017487841641635675,-0.005129662118457877,-0.07517726943046683,-0.010523565815100755,-0.010523565815100461,-0.005581545817970514,-0.00524787811423711,-0.13354314794089228,0.06435216259852192,-0.03370378919004856,0.2338011264524329
INST_PCT_LATE_EARLY,-0.0022519815873217335,0.0717198202339062,0.06652511820625721,0.05623736568781355,0.09240847992185637,0.03046305955596531,0.0076332797202527235,0.0076332797202527235,0.01308015478836872,0.004585199696719283,0.056229590405869875,0.020560110170332133,0.022347717686227567,0.022347717686227567,0.004766229976411163,-0.015971499491305316,0.017517507936571454,0.024486629768952883,0.06633448027759974,0.005586643383277061,0.8369091626441979,0.03641315825020549,0.014214374019706719,0.00975909235525241,0.6583101446905533,0.05205302167803213,0.7490034211066803,0.0015397496083066915,-0.0011003280728323368,-0.0006518369824567177,-0.02597629337067142,-0.02597629337067142,0.013606111904357928,-0.13001197947677565,0.008745941871823714,0.015505010070474931,0.015505010070474931,0.577476809118629,0.6037125158057104,0.03327689112693267,0.014223544606768928,0.597883951251318,0.014304543837302244,0.012877209351580807,0.012902659780092394,1.0,0.01625941246854682,0.011436664669935932,0.010075274816100526,0.02199711265559328,0.009241403223348751,0.011450021815572585,0.010992478837196786,0.010244970090384855,-0.004321857828362175,0.00797846626833714,0.00797846626833714,0.00552715937722205,0.00882268418050922,0.010398030869431224,-0.055460165719606734,0.004620504898598621,0.012401377100668222,0.008341012540970305,0.0047326536199455115,0.010510286746905935,0.009747247504661084,-0.03244701356748775,0.013088481736282558,0.0006702226980707088,0.014536706478439299,-0.035247201324748845,0.014374729281265737,0.014396966027860747,0.014732257884521224,0.014508462416838102,0.01064914445733017,-0.040469556048726325,0.0073654903430675975,0.014157050123766383,0.013521561878158875,0.014218465460858256,0.009493487869875016,0.006269873706988123,0.010657839695285422,0.012365505208934454,0.013690122373513003,0.013181560399592786,0.0062258476300520805,-0.04176271217874857,0.49707450967929173,0.02160598671025,0.015558844416789069,0.013013676745214321,-0.007322936443770183,-0.003952487316032853,0.007844023329779405,0.018562190435294102,-0.00232762538724117,-0.037431597907802296,-0.022507194520969546,0.4783904836449864,-0.00013908086832424273,0.013151143658949739,0.01903746466172737,0.00910289928326517,0.005882309315132192,0.013665204530315804,0.006927116543797381,0.00668838669513234,-0.07107008866247566,0.010430859227534721,0.3940684770566397,0.03244234901599838,-0.03021597657453605,0.3970776291747301,0.012391014643641925,0.0054011654022943145,0.008560103105590446,0.0015800030832514552,0.0015800030832514552,0.0015800030832514552,0.024969320995865962,0.002558601360632354,0.013456574875954997,0.02363980052111888,0.01555764258245011,0.012408419667484061,0.009437517740413248,0.012951791422090549,0.004643512100456844,0.0016888073489219162,0.0016888073489219277,0.011379051650610204,0.011943518060107816,0.008638319345446899,0.003466005623650106,-0.01859461317594222,0.019924874304904458
POS_PAID_LAST_2M_SUM,0.0035427934093218805,0.025102173182802657,0.016825634824514685,0.028775092544225278,0.046173056374251224,0.006389626374509045,0.01240420088519252,0.01240420088519252,0.042797704911969894,0.019683270535828332,0.03717544765388214,0.051540437537108075,-0.03674980108899136,-0.03674980108899136,0.025281228576668383,0.028302199688991583,0.02935304747474023,0.07728213485334352,0.011079149779084897,0.04793772830532259,-0.014439258151896069,0.019642038968321604,-0.021043772754754914,-0.027092632334496537,-0.024936384815539413,-0.034569453107400276,-0.04074739212722118,-0.006812481693426365,-0.004711602314002343,-0.008784180913010675,0.0688520586019477,0.0688520586019477,0.027325522706639828,0.1639697555658405,0.0476221719396722,0.007143409366778846,0.007143409366778846,-0.05050960899546731,-0.07110611335191601,0.010460617294869473,-0.015507570661797785,-0.07472589053979323,-0.021354237116726016,-0.021411527629274892,-0.021368399340844658,0.01625941246854682,1.0,0.9216965590765606,-0.0009027267363612857,0.013491032013378266,0.004487536990621655,0.7569822979715295,0.457651799204252,0.0063027036043687215,0.042846201656606964,-0.007081180829948341,-0.007081180829948341,-0.0023895026792377216,-0.04647106497833562,0.419311799749302,0.32934527423835913,-0.0008333742952765235,-0.04792572481368444,0.004910954185827353,0.0026970564868554685,0.006249925955123192,-0.018320928442299794,0.24352028279247914,0.0192819692470218,-0.04684926136600736,0.007242492198662115,0.3631197472007712,0.007834473079483147,0.0077417994887112,0.007882968834308736,0.007638434745830942,0.000638600553928388,0.5984897753750252,0.0011485352357626158,0.007853598138308738,0.006714855015237899,0.007454844266086251,-7.812282920143791e-05,-0.00019975667762970616,0.0030322075781890226,0.0033314007714277992,0.004789498638829125,0.007418922547858881,0.014289238513509479,0.0019994612301182115,-0.015615059676394887,0.031745069879917334,0.017611427844918946,0.00402028745973141,-0.07038455032587732,0.30339901276284037,0.007433212579696908,0.02259967993487822,-0.04773050886462367,0.24949924089127679,0.30409503110032876,-0.037128017943469205,0.03505284468139439,0.003106447100902176,0.04336797809441435,-0.005839575579321993,0.002653975918822087,-0.055558174319871735,-0.004242873547125043,-0.0029298576031949806,0.13173165086461566,0.00026480893719695015,-0.014874491709060697,0.0006987869449436577,-0.08239816427049833,-0.031202947847905706,0.0021420779488555567,0.028929403771253442,-6.74553622873835e-05,0.028642218956743723,0.028642218956743723,0.028642218956743723,0.000546783331648759,0.02796463455588619,0.015140191529993028,0.03719707262715922,0.03291704895441379,0.002074456892669649,0.00029642442474655395,0.0018824950768187422,-0.005013840927001815,0.02863101169267713,0.028631011692676723,0.001193441163428123,0.0011957294777885888,0.033750454746333904,0.020681324111618653,-0.0019551263118861325,0.002248887301846145
POS_PAID_LAST_3M_SUM,0.0043014100021683535,0.027823888639859524,0.018110420633713976,0.03224557904148841,0.045687934501626705,0.008390640329894415,0.0214091659487097,0.0214091659487097,0.04288959501935882,0.02620624754869656,0.04298946606403267,0.05589318763805064,-0.026147772340464157,-0.026147772340464157,0.024795634909788703,0.04117666058583836,0.027749028717351944,0.05251041451117102,0.005076736852466035,0.04359923171542674,-0.029453063205671582,0.02152731290093715,-0.018141645681961856,-0.022771700204169507,-0.028451511907662715,-0.059603886818943616,-0.06101613157131615,-0.008883678166849181,-0.007774026394934839,-0.010774128609212955,0.09642145201989182,0.09642145201989182,0.02194216293843988,0.20966720349681356,0.059962833008089335,0.012815278746431737,0.012815278746431737,-0.0582992751808127,-0.10196537241798698,0.011314055291980426,-0.018243937824105976,-0.10475916613294355,-0.0179927373187009,-0.018058381437727845,-0.018001967150984458,0.011436664669935932,0.9216965590765606,1.0,0.0028088151818010643,0.012468731688879285,0.002433687598290269,0.7138960660433425,0.3669167142276561,0.004662471735869451,0.03662472205407671,-0.004167255058099548,-0.004167255058099548,-0.0041113689289197924,-0.055126558335460575,0.3580814427917373,0.28587383839923275,-0.0022135818801313364,-0.05773495187797609,0.00423937773176558,0.000917330968948025,0.004678546203393146,-0.014804451048529864,0.21431560654990595,0.009645851128340146,-0.055552682058985316,0.006009357900165999,0.4314531807086249,0.006573208764865207,0.006439754061517381,0.006723077107465411,0.006620475565228849,0.002194918347629497,0.6762664077663588,0.005647969078534291,0.006531293498200606,0.005449185452213294,0.006351257311703185,0.0016184309045245268,0.006431517022687192,0.002265967216014419,0.0025292880697385376,0.003966537891179722,0.006210335278986481,0.024678255198113723,-0.015482482127465272,-0.02510756307554425,0.06891410700603424,0.013081488687201031,0.003481055713860411,-0.10599354965689367,0.2521380386346055,0.005600476793864642,0.023266148978343674,-0.056022919243029545,0.31810287403892895,0.2618541774357387,-0.05091054751331189,0.04059269573335045,0.0026080435788852865,0.0799108904128351,-0.00012280826369739394,-0.003277204704233442,-0.06896918422063879,-0.010178845970942318,-0.003934157856271204,0.17126194014565974,-0.00010165370002033942,-0.024346298396205394,-0.0018413907814496784,-0.0871730122922061,-0.043515976542976814,0.0019029929139602107,0.035188728578763755,0.0015421118722688983,0.03429326158464779,0.03429326158464779,0.03429326158464779,-0.0008996150533593583,0.031071857931122392,0.015688277172118466,0.051781496901450355,0.043364668142586646,0.0018373628359463713,0.00022024160766957377,0.0018108605404835488,-0.0008001561167160965,0.03425903219402855,0.03425903219402846,0.001110353879323635,0.00118820442072967,0.038869918368332354,0.010167484736919054,-0.026274464366766833,0.005869818066596852
REG_CITY_NOT_WORK_CITY,0.0015831017072644442,0.1298091558610036,0.10742932603207515,0.11772326765963848,0.07362729805674248,0.08083990942071342,0.13954034805332763,0.13954034805332763,0.0533681573929839,0.12723414612628905,0.04163840536400956,0.04916271912867339,0.24110421487478587,0.24110421487478587,0.0178613532064622,0.0812988681964131,0.017632247508917308,0.010419805021179396,0.02120765050583839,0.009828101826976946,0.01425678695296323,0.024142998010759517,0.22262119914075573,0.21636343604935485,0.01952275523624061,0.0076404756288896685,0.010710555991091374,0.03058759380368803,0.024025332599725637,0.012741565060374284,0.05009890683533287,0.05009890683533287,0.01924671890134838,0.04646163669951126,0.05747860199855639,0.09931320815833712,0.09931320815833712,0.013631312709409706,0.004025049835009081,0.014066371636347906,0.0007425435034420941,0.003394229959850214,0.2570736301704847,0.25645367854384205,0.25642728415341237,0.010075274816100526,-0.0009027267363612857,0.0028088151818010643,1.0,0.02126533806506995,0.23303899733753833,0.0034426891851222917,-0.0003181884617242097,0.23119618840267647,0.008169584901990958,0.1074367484906614,0.1074367484906614,0.17139559699751433,0.008094987877348588,0.0010855777906308944,0.003315272380972181,0.1749560793889562,0.0084764408202131,0.20251868236352535,0.18158803721907468,0.23637050670960394,0.0020762991864987732,-0.028781713611537675,-0.01634470250253005,0.007086524761311465,0.2700152419693142,0.032465722451446064,0.26727304371666033,0.2674641200101477,0.262791542208426,0.2634933375737299,0.21834223058667127,0.016615155350309073,0.4404092175875559,0.2654743491443288,0.25369060242996583,0.2595687832589501,0.18472922535222117,0.06602372651788124,0.21586487732022466,0.22817254767358303,0.24908010996434368,0.262279878569431,0.035134076089347654,0.005107596090370016,0.006428929446955534,0.04131698818342463,0.008542972546743589,0.2346484996359854,0.0016162735234579277,-0.00038469824833263743,0.19914598319367346,0.009682686721427372,0.002246131448275228,0.02272737942900957,0.003938425970549541,0.002678986038732767,0.022229972063266667,0.23107246905877193,0.035530053291372064,0.11480357553917848,-0.0044870678498040665,0.00020383206555654485,-0.011275260587377592,0.12793728650017963,0.03834034527891598,0.1728882389773142,0.0067221698761529,3.443619755007757e-05,-0.005511550812289253,0.005745462979691543,0.20447062911236047,0.021801924010152275,0.8255747229688764,0.028059798944967313,0.028059798944967313,0.028059798944967313,0.0011343969685572023,0.019617914612890103,0.00794665714798274,0.02694988005501791,0.02364153601122892,0.19789901237151106,0.1726726216352888,0.19420614379232576,0.005439934663295617,0.02472618199590508,0.02472618199590539,0.19066452368537679,0.19105207209708314,-0.009392206191163668,0.004337113642152979,-0.007185222169155891,0.12099976730227018
AMT_ANNUITY,-0.0014545872812704638,0.05838153785434997,0.04961827505828268,0.05188034733489735,0.032211922980927975,0.049113531381281626,0.0138180951450334,0.0138180951450334,0.03068598408872119,0.011406734757573523,0.35847320898050905,0.02285341664762491,0.009220877032136992,0.009220877032136992,0.02234805128049569,0.0018177187088754376,0.1956699662564961,0.03839027978380339,0.02668267388758131,0.023687779730756277,0.0302638250608825,0.45655053973057513,0.010056103221167336,0.02948395922736566,0.02540424512142037,0.03741133938139601,0.03429922118454446,0.06625261035387242,0.07132415693899183,0.06358105725702895,-0.008002638309293394,-0.008002638309293394,0.01479625356978229,-0.020596727088960178,-0.0029421475905891414,0.005276595016616486,0.005276595016616486,0.019618994362703552,0.036338296958475645,0.015315131900139299,0.06582030540513858,0.04780685361395276,0.007178868422220259,0.010286817654226052,0.010308147845005187,0.02199711265559328,0.013491032013378266,0.012468731688879285,0.02126533806506995,1.0,0.03973636590684712,0.01117495810909106,0.007784614398965535,0.03780488809628977,0.0690764078049197,-0.0020948411058523708,-0.0020948411058523708,0.041433220928506015,0.03672262392915524,0.007453547211976399,-0.0024510526896451205,0.040595475516757296,0.037607027233149556,0.03105561425620075,0.035080646449933583,0.03505598258294974,0.04423151586643481,0.014316361148475941,0.023650423203125256,0.037083455569020415,0.03133283422650056,-0.010471992010496044,0.03038577932132232,0.03056112590019504,0.030656408875507205,0.03028980122235485,0.022966922423332564,-0.0013296139661184946,0.00328924194030057,0.030258376973509,0.029803606368401774,0.030336591806496366,0.02566558915665175,0.013142300750014432,0.029824544534300276,0.03169996612977685,0.030337345846185637,0.029135020766668168,0.008467970763686166,0.05655444781718812,0.020983641935783143,0.03632881132921354,0.02771920983694152,0.028847878653779174,0.018990767355598515,0.004588539205950363,0.024576014553256084,0.012430693269915088,0.036431249849066295,-0.000837955022323732,-0.004777317973308013,0.021389273579562093,-0.011558039302199511,0.024026269336057993,0.02284013691064852,0.006060729621516141,0.18381226577422163,0.03823975406135227,0.16610170910455813,0.03126255516313949,0.0188095592730392,0.030099405442851824,0.017606782528836365,0.01828203214204908,0.016701059274758977,0.017913411622068033,0.027206748537953546,0.00498718733907709,0.020986976113218873,-0.007972210788820005,-0.007972210788820005,-0.007972210788820005,0.015451076387139823,-0.005821159394976935,0.12963193874582024,0.00911326450602515,0.011874421112419358,0.025976919795551848,0.027126641637511224,0.026472830428155358,0.1898355816817966,-0.008724831006818217,-0.008724831006817937,0.026054853677049884,0.024933372807738,0.009622164929776541,0.025683264705435166,0.049551997273720554,-0.011255378237341225
HOUSING_TOTALAREA,0.0025006597246024064,0.11671368707360937,0.08672041995246561,0.1166670144203627,0.012677636976420676,0.1493600761188368,0.017301769168892995,0.017301769168892995,0.027165918685359735,0.011815265097971407,0.04884838175735799,0.01617539002971161,0.01159327341543549,0.01159327341543549,0.007731245788006262,0.043392206541240194,0.047589126047519324,0.03040211400804624,0.010025244578477328,-0.005314592956288207,0.016168369875876235,0.04778789959739976,-0.011760277607097159,0.020202089104081927,0.014555071644624466,0.013169576748816181,0.023907143801428693,0.22459988987948346,0.13162568924040224,0.19892652318369233,0.026599139303142293,0.026599139303142293,0.001151637177691437,0.01686343792644223,0.03266319426483601,0.01338485052443786,0.01338485052443786,0.009034150391471986,0.019835001083716858,0.013971751409834005,0.15888764003126302,0.0284421510065936,-0.02801120634081201,-0.01588666730448294,-0.0158782067844306,0.009241403223348751,0.004487536990621655,0.002433687598290269,0.23303899733753833,0.03973636590684712,1.0,0.0008718034162718949,0.00467886215052423,0.8768447196601459,0.012585588932709137,0.05376234029478851,0.05376234029478851,0.6971128586938076,0.00011812500174412124,0.004817270273030552,-0.004859523326114516,0.7538085248120014,-0.00040152134428257836,0.6384129362064761,0.8375560815272132,0.887814698202628,0.0839336956643172,0.0040253745561920195,-0.018501189848462492,0.0013852918890571175,0.765752137119668,-0.01776484682886476,0.7620774520976067,0.7607787315042147,0.7444393534817223,0.7468457849351476,0.5766084626796603,-0.004608532222324139,0.13043568481860085,0.7553744422138827,0.7314890807318642,0.7345273644779343,0.43646735910899703,-0.029052408737536558,0.7247311280380605,0.691451772703421,0.7024848669207813,0.7416124869403341,0.062220215445627225,0.0031311321667225962,0.014043389303301174,0.06230183044421699,-0.005190823512882527,0.6670388274936837,0.01924695668105197,0.0005355328224287905,0.7171210291302107,0.0018770958454912316,0.0032052695626525298,-0.006052636012436565,-0.0012432297304421887,0.013919961968530507,0.016721485091554283,0.6444160788781497,0.05590693305741945,0.023417672879886067,0.029203299781573665,0.004732331818018838,0.028270518934370097,0.5291413789844598,0.04753435225207823,0.6500271147003619,0.015222116996683178,0.01738710042532005,0.009965668914438239,0.013177437925700607,0.5747929187380983,0.046441012151249184,0.18504309768613006,0.02220841329567224,0.02220841329567224,0.02220841329567224,0.0181463165622032,0.0007857345975904095,-0.0007864178285683347,0.03470841731819142,0.0323526117580739,0.5617839732511847,0.5551167584079247,0.5504880915826625,0.11998096996218666,0.01924713135629527,0.019247131356295123,0.5378286563057343,0.5378597330382455,0.035049722008041705,-0.018322356183539498,0.037752096901236994,0.05087810044929437
POS_PAID_LAST_1M_SUM,0.0050420716816914155,0.026330674819486654,0.02024275558294169,0.027154367719994625,0.047101622055465434,0.003811834580068191,0.020288449961495505,0.020288449961495505,0.04380691402200809,0.024566757675487542,0.028969237584450917,0.052189201264232904,-0.017342277972611387,-0.017342277972611387,0.02876400705459234,0.030570961963201557,0.026965665576610984,0.07609140723087338,0.020097961107351344,0.06013587874099463,-0.014255546051423536,0.01328493078402646,-0.010564246221338865,-0.014635744535873718,-0.025116454989320556,-0.03960670093143005,-0.03692125175932734,-0.006354518307232122,-0.015088871273381453,-0.008470294312161524,0.06945509373103459,0.06945509373103459,0.028646545571914213,0.17028554664236284,0.03793864088565843,0.01125729266602643,0.01125729266602643,-0.050649449098017905,-0.07451589371118444,0.010039164360933649,-0.013542466497430464,-0.08027003183603279,-0.00669640882945133,-0.0069289808708611345,-0.006872295362560655,0.011450021815572585,0.7569822979715295,0.7138960660433425,0.0034426891851222917,0.01117495810909106,0.0008718034162718949,1.0,0.47901675645914205,0.002595030544428999,0.04289366914311187,0.0010684647904354353,0.0010684647904354353,-0.003507214594730453,-0.03792969355702765,0.4416177201627685,0.5027652616503049,-0.00286882127137676,-0.03823925928133529,0.002207019747641407,-0.00013381389509486153,0.0028224367325794023,-0.03084750220098843,0.22012887218840094,0.02487084067205895,-0.04359473857260633,0.0038954435942553755,0.3733517475166475,0.0041435903496521214,0.003982730285006993,0.004888151541355779,0.004369249381792343,-0.00026779238990290606,0.4852910573677996,0.003585397803652601,0.004193136145165581,0.0038914748908517147,0.0038427090292145836,-0.00034328780489212464,0.0040497048583174634,0.0005594268610922393,0.0013526208209007622,0.002538865041272246,0.0039056469797403267,-0.0005234494925800546,0.005032090830507452,0.007526308008051956,0.02643968375938563,0.0332072364580959,0.0013056497744652106,-0.0715470296962562,0.3387797622380361,0.005267723947875809,0.022255605760600386,-0.051348922690893944,0.24799127615586072,0.3026248021747066,-0.022133111525640417,0.02360768667325107,0.001302393521155171,0.03227356101070797,-0.00212934242725748,0.010575733382670666,-0.05802390520869994,0.004834584808237137,-0.0027179790149581746,0.1400851668081561,-0.0013636313666841537,0.011365755153601751,-0.0008695241951912877,-0.1000953392768707,-0.00801504492536985,0.0011302159133925124,0.02217669862500706,0.0030430350653570764,0.01849287630440162,0.01849287630440162,0.01849287630440162,-0.0007737571520918544,0.01993961162501489,0.012133546002460714,0.025140904172596047,0.02715413594213071,0.0017513285151988447,-0.0008857750267999456,0.0008786453534929044,-0.008737679137064793,0.018439931321960423,0.018439931321960604,0.0006448676336817251,0.00010065756850364967,0.021860250235430836,0.031100199064973848,-0.0317120599175087,0.007836433484053672
POS_PAID_LAST_2M_MEAN,0.000856683691250881,0.018029320312000156,0.019030744262680473,0.012325764949273342,0.04437541773766257,-0.003697307998087868,-0.003590766601426726,-0.003590766601426726,0.04455569881165748,0.006078466952279259,-0.009972434124859042,0.03223275277784513,-0.030540777838677383,-0.030540777838677383,0.02925821316138359,-0.0075528683441965115,0.027272156174969503,0.13121095799001303,0.04800621673697383,0.07985751886375932,0.0089073737947586,-0.009504622935116148,-0.009962839551597255,-0.013380036137595693,-0.029528657094113526,0.025568140769686644,0.007397097101409826,-0.002834421689418949,-0.01434342886996941,-0.0049007549387942596,-0.0004915990474277693,-0.0004915990474277693,0.04553585409144432,0.05309011510681195,-0.01888562611752549,0.002637645692166542,0.002637645692166542,-0.04280310548364914,-0.0014611707025351034,0.004113550998773132,-0.008057126079698147,-0.008386978018858914,-0.0027997686716611753,-0.0016204636779214832,-0.001595281317395853,0.010992478837196786,0.457651799204252,0.3669167142276561,-0.0003181884617242097,0.007784614398965535,0.00467886215052423,0.47901675645914205,1.0,0.0056267683344049454,0.06292968827531394,0.00786542668127297,0.00786542668127297,0.0003301098396662031,0.006610869487030636,0.9111613015067571,0.5368683981467363,0.0014877228522289724,0.0120801201281583,-0.0006553464346644885,0.003910049791625062,0.006241417231892322,-0.055359431982748016,0.2878107879421831,0.06121052922103017,-0.0009265188477577044,0.005700411626928729,0.1261182366442723,0.005588749526683289,0.005560350534246239,0.006453236993902589,0.006104546135670818,-0.003852758763026831,0.20029734358044388,-0.007950908131530144,0.005772049629572842,0.005467803334633354,0.005964793622298448,-0.006274481041191305,-0.017548004590576923,0.004129493326994718,0.0033001554545803663,0.004855247165469157,0.005977512286813222,-0.05378366127726488,0.057413595166834586,0.030269940488847732,-0.10216580490668083,0.04131759632738215,0.003982589556210449,0.011379598949900946,0.6930952390672164,0.006960512656461994,0.005858083230780233,-0.010527780996085218,0.062189454550355384,0.4843814777073098,0.009627037522997716,-0.013371064767139156,0.00241376590806525,-0.09088357389242933,-0.015100032441056743,0.02774586323679228,-0.0039573679525520935,0.02419906028437169,-0.0013459080245535621,0.028926326924521847,3.8433612706747964e-05,0.028785412224079085,0.002294338667720759,-0.04354678760564017,0.0114905011119451,0.0016838458492775632,-0.010522029281478152,0.0066365535112849075,-0.014983571794373974,-0.014983571794373974,-0.014983571794373974,0.00019814902499955267,-0.0032501511651089783,0.001339423112850628,-0.022059985514432775,-0.004246052603627667,0.0008609663200180759,-0.001988658364999855,0.00026485180394840473,-0.026601073361800506,-0.015878830692014644,-0.01587883069201494,0.00031642483430831573,-0.00021211386548974153,-0.0115713160765916,0.07910818340194721,-0.011436206731776232,0.006406878384856823
HOUSING_QUALITY_SCORE,0.0014822236414930219,0.11525748078810923,0.085735444334106,0.11548612859557811,0.013542428864428526,0.14719986448353167,0.0183305544710436,0.0183305544710436,0.0278231814926987,0.013193679208738691,0.04634228430926794,0.018370091326114807,0.012317037737022807,0.012317037737022807,0.006262400653220057,0.04166154541911265,0.04575592078710079,0.03041371317072638,0.010625447262722123,-0.005530612185211814,0.017634772660041834,0.04570392967101781,-0.0086249295194509,0.02345549909000344,0.014472216169773592,0.012265670968904595,0.025226075631175536,0.21090885937449622,0.12902850248066758,0.1921214076352188,0.02422818830645428,0.02422818830645428,0.0018921986602047068,0.013718301753386225,0.03314500822507124,0.013898281374622262,0.013898281374622262,0.00953983456895148,0.021193299592300853,0.014027578800049938,0.1559451978456189,0.029051486925039668,-0.025086330470035115,-0.01394493820698067,-0.013972833480616733,0.010244970090384855,0.0063027036043687215,0.004662471735869451,0.23119618840267647,0.03780488809628977,0.8768447196601459,0.002595030544428999,0.0056267683344049454,1.0,0.01444907584045682,0.051633909456808486,0.051633909456808486,0.6762097768862478,-0.00039750181495050874,0.005575311181699504,-0.00449251937463992,0.7109607651381724,-0.00043470504129267703,0.6554568102963078,0.7319482625896981,0.8136375083142187,0.07705131739369496,0.005898345591666977,-0.01646727565590634,0.0007785544962942391,0.7555192851383217,-0.015507566082078551,0.7852607986234331,0.7871562704402604,0.7300712918217205,0.7400286370936618,0.5053044095035419,-0.003735684479351928,0.13240576821914274,0.7835290777734483,0.6783060239586388,0.7116645508447674,0.4213561737025023,-0.028272385271320755,0.6323208310995498,0.619378679136179,0.6286895837498853,0.7374819732512342,0.05881122932438699,0.0023499247802620713,0.01616315508503975,0.05921366610566661,-0.003532565020158645,0.5931243616124444,0.017841646695735087,0.001609775118195741,0.6435282383185278,0.002504897904798636,0.0022446626739748383,-0.005025251308209905,-0.002094199764528674,0.0155512466483361,0.016675600023012948,0.5642930640697645,0.05393732517302016,0.028975855027389957,0.027452212250894482,0.003516822185006896,0.026775128371710578,0.5215465155286977,0.044714792240281624,0.5660939692628548,0.016559299250136092,0.01908950820399243,0.006826555526578618,0.014309902409705458,0.5313500791618602,0.04532770334998804,0.18161469746499737,0.02217675897856905,0.02217675897856905,0.02217675897856905,0.020391477076281715,0.0015861061532440241,-0.003096358121983392,0.034342235789624156,0.031591717122759426,0.5009633092059024,0.4711184923710893,0.47909680990662823,0.11298345626391379,0.019301174710576782,0.019301174710576352,0.45830675068167753,0.4563555609031958,0.035244816208626656,-0.016396607190107236,0.03355420412928851,0.05197496659672047
CREDIT_TERM,0.0007399964046213809,0.03887434194855541,0.037054962013083975,0.030550684055021468,0.05856124628290515,0.007399869636512825,-0.00453506926828055,-0.00453506926828055,0.0622762120370898,0.0009755486235216005,-0.018070980269009822,0.06099291611766482,0.022553187400601356,0.022553187400601356,0.03206116347701196,-0.0017180117294226986,0.20621329954206993,0.04508114055454767,0.011861306510530863,0.022630739278014192,-0.007414939113723667,0.08718507715570453,0.021167379932192233,0.02863827274556276,-0.013012893318455685,0.007039450993700879,-0.002789008016964765,0.014769961942366495,0.006621455512348503,0.013129937933863085,-0.002042017875599455,-0.002042017875599455,0.05519008733136203,0.0035819850947988816,-0.013057984653357538,0.023742961095398554,0.023742961095398554,-0.015504301657738652,0.004899622243158888,-0.0011805755418413497,0.005084787168147389,-0.0013657768752747053,0.03401797752432406,0.036270754863661936,0.036260068722626486,-0.004321857828362175,0.042846201656606964,0.03662472205407671,0.008169584901990958,0.0690764078049197,0.012585588932709137,0.04289366914311187,0.06292968827531394,0.01444907584045682,1.0,0.011166667788811783,0.011166667788811783,0.012036245142616057,0.027233412166807185,0.0620335034380913,0.04594802926523265,0.011256653193546374,0.028835187809723505,0.008824387936539333,0.011304074217157099,0.010614624600594518,-0.03431058013957184,0.0918700049428184,0.06348327552751389,0.027306293279459243,0.012472443924122546,0.028721977843557945,0.012407289768360268,0.012548936544480445,0.01263498736193313,0.012054712087079157,0.0006833975525822286,0.014411236286905797,-0.00033934821735689133,0.012441682454482956,0.009175571440184029,0.011461199458822392,0.0024799816668292303,-0.006178717780338398,0.007893296549246065,0.010628023625948233,0.01085049763197678,0.012299583012040063,-0.05049593492392026,0.04068681715011666,-0.0035804898447633756,-0.022496493962106314,0.0199944796798854,0.009225536489711243,-0.014593864682235358,0.052085498125703,0.008344886604657853,0.0022557516738669586,0.023891636525188716,0.03337637078350623,0.02212592830639011,-0.0030936419473425003,-0.03247989559372617,0.00862909921081969,-0.021117950707839186,-0.011242534497922743,-0.11051171721450337,0.027182705488664374,-0.10060590297893697,0.005466646849969878,-0.043475562692819936,0.005822638650658702,-0.004205792251079319,0.010398068347044733,0.00967901806024865,-0.0052230976269325175,0.010154784984053231,-0.01949213496078213,0.010595696816719482,-0.029531795357772266,-0.029531795357772266,-0.029531795357772266,0.007827297429920568,-0.01734758700323666,0.14421416584358504,0.001505204379882993,0.005786939596514513,0.007921535402193593,0.0053006550169385535,0.008244860859699416,-0.011651247943789274,-0.0317876032059609,-0.031787603205961655,0.0076593214586565825,0.006676181026005757,-0.032672207377765355,0.08986504828469045,-0.022473518289098833,-0.026162227773339198
REGISTRATION_YEARS,0.0005534446791256363,0.13121730276141874,0.12456859017157434,0.10193348659559708,0.09289191212909705,0.0650936009945751,0.13216814235640406,0.13216814235640406,0.06121439216617232,0.08425190697640872,0.03297875015640301,0.03699815436640568,0.34785899909112805,0.34785899909112805,0.04273486922371284,0.07389389303458735,0.0005522545008689642,-0.008631307856920692,0.03657210586787354,0.019418837927019865,0.010456487644524528,0.009670543861417231,0.1828354669007947,0.17460403963464663,0.013455265947070126,0.023436694000161955,0.002216009393197325,0.06940089173390304,-0.09069417675100958,0.07525975150027539,0.05355465543755344,0.05355465543755344,0.04262206385228679,0.05244688442466104,0.015055430158385733,0.0899038927593404,0.0899038927593404,0.009267477821464597,-0.005121242879712364,0.013717088813707784,0.04578106058009868,-0.009260103774473076,0.2224162171604262,0.2255327533493403,0.22547990927972567,0.00797846626833714,-0.007081180829948341,-0.004167255058099548,0.1074367484906614,-0.0020948411058523708,0.05376234029478851,0.0010684647904354353,0.00786542668127297,0.051633909456808486,0.011166667788811783,1.0,1.0,0.005776021737515838,0.01051946843068329,0.00655922655879369,0.02121868111544085,0.02894962960114928,0.009924093749863352,-0.027800271673797505,0.04232410758026868,0.053152636875270026,-0.0763327511846214,-0.04259797496425773,0.015621179192770281,0.009143030815540626,0.07076454562344847,0.025081555687116248,0.0707830944106452,0.07071153715075465,0.06832326208505547,0.0692712818072603,0.07490950562470601,0.016372274163967436,0.07258030087826794,0.07103701699836598,0.06493467763732254,0.06626869716290915,0.011458207278728812,0.06819269034090446,0.0657724014732909,0.047411943885846006,0.06230715383084597,0.06847954074571623,-0.03722929446750434,-0.0006884119393686957,-0.003674276593946656,0.025533504067392014,0.008647549846890349,0.06605949055171242,-0.019853740154869272,0.008997171145378407,0.06301980144981595,-0.00010584344223748164,0.00294057815518593,0.00853174534078513,0.02702775132949933,-0.004961701916034149,-0.0014321858603112622,0.06048711709436825,0.02046900671163964,0.07163939884432631,-0.021800036227332033,0.0012369802631322557,-0.024239747257274034,0.024180589989736368,0.03011181259792448,0.033848619375030385,-0.001883336085508156,0.0032139643137586178,0.012552436869406887,-0.0026104408561052547,0.054710496325246355,0.0023169724782557796,0.07678720978917088,0.002172731917896582,0.002172731917896582,0.002172731917896582,0.004347296810630457,0.005149600204560562,0.008397244260367639,0.023187070685460817,0.024898163744892853,0.05163302441767647,0.03457656599517266,0.05007670453957712,-0.04379760936244187,-0.004413879702917305,-0.004413879702917355,0.0496284400505522,0.049728274001219125,-0.08538004501897789,0.047707171608432776,-0.011848518626841395,0.06177864186757137
DAYS_REGISTRATION,0.0005534446791256363,0.13121730276141874,0.12456859017157434,0.10193348659559708,0.09289191212909705,0.0650936009945751,0.13216814235640406,0.13216814235640406,0.06121439216617232,0.08425190697640872,0.03297875015640301,0.03699815436640568,0.34785899909112805,0.34785899909112805,0.04273486922371284,0.07389389303458735,0.0005522545008689642,-0.008631307856920692,0.03657210586787354,0.019418837927019865,0.010456487644524528,0.009670543861417231,0.1828354669007947,0.17460403963464663,0.013455265947070126,0.023436694000161955,0.002216009393197325,0.06940089173390304,-0.09069417675100958,0.07525975150027539,0.05355465543755344,0.05355465543755344,0.04262206385228679,0.05244688442466104,0.015055430158385733,0.0899038927593404,0.0899038927593404,0.009267477821464597,-0.005121242879712364,0.013717088813707784,0.04578106058009868,-0.009260103774473076,0.2224162171604262,0.2255327533493403,0.22547990927972567,0.00797846626833714,-0.007081180829948341,-0.004167255058099548,0.1074367484906614,-0.0020948411058523708,0.05376234029478851,0.0010684647904354353,0.00786542668127297,0.051633909456808486,0.011166667788811783,1.0,1.0,0.005776021737515838,0.01051946843068329,0.00655922655879369,0.02121868111544085,0.02894962960114928,0.009924093749863352,-0.027800271673797505,0.04232410758026868,0.053152636875270026,-0.0763327511846214,-0.04259797496425773,0.015621179192770281,0.009143030815540626,0.07076454562344847,0.025081555687116248,0.0707830944106452,0.07071153715075465,0.06832326208505547,0.0692712818072603,0.07490950562470601,0.016372274163967436,0.07258030087826794,0.07103701699836598,0.06493467763732254,0.06626869716290915,0.011458207278728812,0.06819269034090446,0.0657724014732909,0.047411943885846006,0.06230715383084597,0.06847954074571623,-0.03722929446750434,-0.0006884119393686957,-0.003674276593946656,0.025533504067392014,0.008647549846890349,0.06605949055171242,-0.019853740154869272,0.008997171145378407,0.06301980144981595,-0.00010584344223748164,0.00294057815518593,0.00853174534078513,0.02702775132949933,-0.004961701916034149,-0.0014321858603112622,0.06048711709436825,0.02046900671163964,0.07163939884432631,-0.021800036227332033,0.0012369802631322557,-0.024239747257274034,0.024180589989736368,0.03011181259792448,0.033848619375030385,-0.001883336085508156,0.0032139643137586178,0.012552436869406887,-0.0026104408561052547,0.054710496325246355,0.0023169724782557796,0.07678720978917088,0.002172731917896582,0.002172731917896582,0.002172731917896582,0.004347296810630457,0.005149600204560562,0.008397244260367639,0.023187070685460817,0.024898163744892853,0.05163302441767647,0.03457656599517266,0.05007670453957712,-0.04379760936244187,-0.004413879702917305,-0.004413879702917355,0.0496284400505522,0.049728274001219125,-0.08538004501897789,0.047707171608432776,-0.011848518626841395,0.06177864186757137
HOUSING_FLOORSMAX,0.00411616540614404,0.10967059366834579,0.0831421989055112,0.10812710155539104,0.009593484898150085,0.14196788897614662,0.009925706440221636,0.009925706440221636,0.020809611591732165,0.004189131728215998,0.04974407429357893,0.005654237407578027,0.006814153375381505,0.006814153375381505,0.011873683811701572,0.028550301348323606,0.0495306650423296,0.028176044819805755,0.006410171714186304,-0.005002110621750368,0.010995417013885,0.0505719977078433,-0.009797312829238684,0.029039991472916207,0.009689083340949959,0.013284184574029132,0.01987638939518112,0.22987597556850814,0.1402687410443778,0.21386563572241896,0.015985290277075296,0.015985290277075296,0.00043581829791342427,0.003150637347605073,0.016762398439528144,0.011472103452311304,0.011472103452311304,0.006364398475171424,0.01688833500933717,0.01246060663371995,0.20637512920145293,0.026018002328398158,-0.025616955626318876,-0.014556394543809005,-0.014548821062603329,0.00552715937722205,-0.0023895026792377216,-0.0041113689289197924,0.17139559699751433,0.041433220928506015,0.6971128586938076,-0.003507214594730453,0.0003301098396662031,0.6762097768862478,0.012036245142616057,0.005776021737515838,0.005776021737515838,1.0,0.0009278180359838886,-2.4409077235050332e-05,-0.004715540470963236,0.9179075685860895,0.0009162450020171126,0.5249666576144181,0.7098242438199297,0.6395090717604031,0.08679328773564136,-0.002745038890859038,-0.013082319128432812,0.002389827877695505,0.4466436868775619,-0.025703013353175198,0.42370333094133267,0.4241177844488555,0.4426108785722898,0.43773045238904723,0.37187312139245393,-0.006599913000472337,0.0992882687251691,0.42672319952793986,0.4691427960446963,0.4317439228978589,0.37705853933861444,-0.012366787827140095,0.4560034696674633,0.44343660864084006,0.43454257204463637,0.42333021292878115,0.05431204567217181,0.00440551397090632,0.013446414274079053,0.06865517329053022,-0.0004671897642177927,0.41555807291329944,0.016902257378602223,-0.001189017561478025,0.38347855246676116,-0.0012671547849093707,0.003843356460437057,-0.014796728496028673,-7.103360791949413e-05,0.012430769147081579,0.008885073447123585,0.38507693535733234,0.06060909311430971,0.025631559483397584,0.02602582691849345,0.0028894686866840985,0.024685917706992622,0.6819341402360974,0.04459978989085249,0.5161974368553671,0.01397592995549451,0.022542243302889495,0.010433119744442306,0.011440596523670443,0.3672704965073183,0.03934629231472499,0.13339642763299042,0.013427332165886189,0.013427332165886189,0.013427332165886189,0.02304694331030585,-0.004073154758365324,0.0004258619466942474,0.03667417764576993,0.03537366049214457,0.3605442291598265,0.4111414286139721,0.35184759610671534,0.1373411536720802,0.010531341010170926,0.010531341010171015,0.3453372738967069,0.34160279273283867,0.024613644452135642,-0.01547580473456844,0.042387083978738284,0.0384011534274784
INST_N_PAYMENTS_90D,-0.004393024548132187,0.040752624488008315,0.04006481236673292,0.030799598765362937,0.0576734325488531,0.013564685194241154,0.00864882491472905,0.00864882491472905,0.019450867230010573,0.01090361575060422,0.00791428122283627,0.02001920665777266,0.020355215499315592,0.020355215499315592,0.0015433934444335508,0.01009204484777834,0.06627933108706881,0.045644485883312214,0.03646352368803334,0.05304976853820125,0.07880160849459376,0.027619115327672566,0.031778150978053844,0.021474243829443445,0.044705793743136005,0.09683434225667846,0.09337978788164046,-0.014740261016087112,0.0022245439350374006,-0.01567940029437228,-0.029348896630970504,-0.029348896630970504,0.018094737713992486,-0.04479818213807252,0.004671997867021066,0.019256442589046786,0.019256442589046786,0.06049099916355053,0.14991295311894093,0.008376605034235282,-0.013428296307174816,0.15238609312272702,0.026738453549156768,0.026234561012403214,0.026219210783998328,0.00882268418050922,-0.04647106497833562,-0.055126558335460575,0.008094987877348588,0.03672262392915524,0.00011812500174412124,-0.03792969355702765,0.006610869487030636,-0.00039750181495050874,0.027233412166807185,0.01051946843068329,0.01051946843068329,0.0009278180359838886,1.0,0.004562587875334914,0.01587412836207502,0.0008283438200039132,0.8868172682104115,0.003280344750806333,0.000559301081733482,-0.000399742257160783,0.01390532637271777,0.029857780910280973,0.01986594634883453,0.9122557959829086,-0.00010847345697309295,-0.087239854137087,-0.0007056757280785841,-0.0007656676455460852,3.0172764273954492e-05,-0.0002428326005224753,0.0001999641245527696,-0.07254291370176218,0.010593613177751014,-0.000782957590812543,0.002232924712055593,0.00034805792266930536,0.0020584146461521554,0.00498338674893773,0.0001426992725391711,0.0013907085425299089,0.001450506398877442,-3.1351863410739976e-06,0.002746853282583864,0.36928577422257014,0.030973004919168955,-0.03085320059918833,0.381187085507381,-0.00035331792977292073,0.11208140863320033,-0.0016500795076181888,-0.0006455337058879376,0.01815857527030506,0.7414338640753281,-0.07719528521898293,-0.012358442315794423,0.04867511614664572,-0.0026249156617737315,-0.0002992741571805195,-0.03593164839340969,0.002045527869101322,0.11074884566497722,0.6951118449538601,0.09613793193306978,0.0005653930789510227,-0.19322645862687152,-0.0007362432625575726,0.0379021654408562,0.007284142059077346,0.03660693134618928,0.050166516041360056,-0.000804200530407097,-0.002205857413536124,0.0030093856158947365,-0.002677107729749636,-0.002677107729749636,-0.002677107729749636,0.005658632183921343,0.0005591829863475679,0.009547631410519472,-0.2854573308268503,-0.18995188197544735,-0.00016855052703210042,-0.0012720636422358773,-0.0015827225381633658,-0.036608016323926115,-0.003593796891741043,-0.003593796891740988,-0.002142134330023276,-0.00239249007457797,-0.01830595018498154,0.010650446652609525,0.0934953318849045,-0.0010158194356243665
POS_PAID_LAST_3M_MEAN,0.0010309220544580879,0.016575616767156656,0.01864883733220702,0.01079095768300973,0.04269802727062096,-0.003497704889644303,-0.00422526628552699,-0.00422526628552699,0.0439509499370499,0.006124934460368851,-0.013313734494288881,0.03171027180137463,-0.03183904358825581,-0.03183904358825581,0.02854130004515231,-0.008800482019657071,0.025962617201284226,0.13059636414334996,0.046279731351965565,0.07707821670089983,0.008580178813418172,-0.011540673849636866,-0.010212811564421217,-0.013232986346307436,-0.03133339023580983,0.02545501301982977,0.008136562379049849,-0.0024632579094361427,-0.01486680426968798,-0.004274686707805996,-0.0005275580446383042,-0.0005275580446383042,0.04468851179247064,0.05060552924248431,-0.019661700099350237,0.002777319627863588,0.002777319627863588,-0.04368858776464471,0.000606312264714581,0.004456217867769347,-0.006803566921706247,-0.006020187923879932,-0.002796709971294237,-0.0016524537245814891,-0.0016267982591613287,0.010398030869431224,0.419311799749302,0.3580814427917373,0.0010855777906308944,0.007453547211976399,0.004817270273030552,0.4416177201627685,0.9111613015067571,0.005575311181699504,0.0620335034380913,0.00655922655879369,0.00655922655879369,-2.4409077235050332e-05,0.004562587875334914,1.0,0.4792268298307775,0.0016367864884720335,0.009114448228827496,-0.0013438832488874319,0.0036712797498362564,0.006215443134930995,-0.0550439498865847,0.28699127705919125,0.060486523253135055,-0.0027837384041692922,0.0057880338765101775,0.11245393910275807,0.005907213564208616,0.005800376079489492,0.0068620457472868095,0.006613413836551529,-0.004298649925272015,0.18523133258313143,-0.007145946424045162,0.005961273690217083,0.005620788166420739,0.006056242250765191,-0.007203607026027438,-0.018856372839079368,0.003834555361879998,0.0033976222204726136,0.0046885838957387484,0.0061724444697116255,-0.0538192570358749,0.05764986691827026,0.026276977544789554,-0.10957976756641663,0.03731011684308508,0.00413206522624495,0.013869603850339973,0.7258093287245099,0.006863206533498849,0.004333508085462866,-0.009403530277109329,0.0536223089462739,0.46228829420910983,0.007529546068938097,-0.01398246231987756,0.0014031799259112028,-0.09752461551587753,-0.014918714079465427,0.025931013341151506,-0.0030405094060770126,0.022825557437184164,-0.0007639225029767365,0.026901970488779313,-0.00018268050460433662,0.02211616036753997,0.002798492080135302,-0.037184052855010356,0.005163585589855517,0.0016878407105674871,-0.010835596809340719,0.0072195685413047744,-0.01550619035866076,-0.01550619035866076,-0.01550619035866076,0.001296895091018253,-0.003971753733310516,0.00042952633456347464,-0.019950534252289195,-0.003671599621188034,0.0008799155119743588,-0.001811001917334851,0.00041747516313231137,-0.026195279059191452,-0.016474966538356933,-0.016474966538356426,0.00042306011514839023,-0.00027040741380618725,-0.012893674710410398,0.07914099509927029,-0.01019013115940943,0.005222491790439695
POS_PAID_LAST_1M_MEAN,0.005670230069597592,0.030678291628357734,0.028049790957406114,0.025684119353620194,0.054205313114884204,0.000268214665555784,0.02753437645420106,0.02753437645420106,0.04989817699482246,0.0287929267806714,-0.002218273524632372,0.03884373998502641,0.0007799390500654577,0.0007799390500654577,0.04160450095160249,0.0317427006664804,0.020182721117491777,0.1228705714138947,0.04029667758574104,0.0917357959331705,-0.06594960161502858,-0.010181837610695509,-0.002617813001169913,-0.006648515426165329,-0.08981952312517702,0.005173816122855314,-0.08483798612222278,-0.0009875239545746887,-0.026361122067910688,-0.0013216245627708522,0.06222606308674257,0.06222606308674257,0.04335333781492947,0.177825567890168,0.000520452830128274,0.018056226548040826,0.018056226548040826,-0.09240534261981781,-0.0993303524279683,0.0039007783001568396,-0.007922539492180521,-0.10022002255225278,0.003662604673167969,0.003458850361384481,0.00346993332089276,-0.055460165719606734,0.32934527423835913,0.28587383839923275,0.003315272380972181,-0.0024510526896451205,-0.004859523326114516,0.5027652616503049,0.5368683981467363,-0.00449251937463992,0.04594802926523265,0.02121868111544085,0.02121868111544085,-0.004715540470963236,0.01587412836207502,0.4792268298307775,1.0,-0.003546402572143384,0.021232831615872395,-0.0055908505143868565,-0.0031319246191172556,-0.0036866080806226397,-0.05482252704285939,0.24706487749252035,0.04594164937271833,0.005747306161196459,-0.004999058955410696,0.22660434447129185,-0.00566932080112525,-0.005633959528326678,-0.004208122499952154,-0.004744869182146193,-0.0048488915483640435,0.24215532627915856,0.004456105600975824,-0.005476303750432122,-0.004171842188491553,-0.004263320982405872,-0.004497894013180626,-0.00038529941630703455,-0.003766515253527471,-0.004432796569991856,-0.003906956870972088,-0.004809654536930121,-0.040131233084807476,0.03190726655278546,-0.047175749384142374,-0.0683953658109446,0.02842621019772743,-0.004685319657641954,1.0031369408335856e-05,0.4005871806441213,-0.003040791727613167,0.007786732364344359,-0.010950219530752503,0.1367274918209111,0.31750796893020294,-0.07492897615692719,-0.0021527441145788254,-0.004948418022689544,-0.056853854145412115,-0.0023978568950324916,0.020856636639693144,-0.0037227137888642342,0.017260795331904513,-0.0026644269314703914,0.09206764147401064,-0.004696780021652234,-0.045231775533209485,-0.003890477611144434,-0.04012935414162816,-0.06581746148725245,-0.0047248300478155494,0.0004896416442878623,0.002907238299844707,-0.005657705400077039,-0.005657705400077039,-0.005657705400077039,-0.0024935390584887385,0.0023959812670992357,0.0026253319738519312,-0.0360278628433078,-0.015108380142102171,-0.0047379606486114625,-0.004629410749663556,-0.005283805385184652,-0.027136570082829426,-0.0065930695857034935,-0.006593069585703374,-0.005483205301466843,-0.005708472219644496,-0.008376647670118203,0.06515769279918944,-0.01749068098110783,0.00446670352238274
HOUSING_ELEVATORS,0.003993828777433127,0.10899073084306146,0.08373793295325119,0.10595789153373276,0.011332695479888296,0.14043096707490077,0.010620648233206173,0.010620648233206173,0.021190788209561346,0.004598687095126908,0.04834007541994786,0.006343408746948388,0.010295713627292424,0.010295713627292424,0.012267463646225078,0.02984176864464321,0.047682758520372105,0.026513556711924485,0.007375977207626451,-0.003827971295188962,0.010551711618817296,0.04858184840094025,-0.009000815161345219,0.028169650274029175,0.008462549749961358,0.013665390240672936,0.01913461964187485,0.2296465088174948,0.12967706325248088,0.21117180688746873,0.01762135975707186,0.01762135975707186,0.0016654596813883602,0.005684150912028653,0.017543357132155282,0.013349009230401433,0.013349009230401433,0.005837222050025187,0.015876128128819028,0.01296528424536598,0.1976546406644814,0.024441144017287714,-0.022707147711849566,-0.011704190685313913,-0.01169413097037952,0.004620504898598621,-0.0008333742952765235,-0.0022135818801313364,0.1749560793889562,0.040595475516757296,0.7538085248120014,-0.00286882127137676,0.0014877228522289724,0.7109607651381724,0.011256653193546374,0.02894962960114928,0.02894962960114928,0.9179075685860895,0.0008283438200039132,0.0016367864884720335,-0.003546402572143384,1.0,0.0005959752162152397,0.49885508387458,0.7482193931107111,0.6994844147210667,0.08205209352413499,-0.0005288868051536147,-0.013413791385020477,0.0018416627217990068,0.4767943943349303,-0.023666966348794272,0.4528064121965824,0.4532251813676813,0.4722600784677827,0.46657098501552674,0.4128640557655398,-0.004196960199881433,0.10038106883877734,0.45608507829258316,0.5020903715877827,0.4618133967533721,0.3641319465529509,-0.013318064410820106,0.5222096318092888,0.465442792206393,0.4614560844231106,0.4528060232035271,0.05193007605658585,0.0035809936716662836,0.0138363573440188,0.06543445512610993,-0.0014772862582391158,0.442515424178446,0.017022375507824625,0.00028606757589180114,0.44966262920267785,-0.0003433613656304812,0.004093640386112671,-0.013341493039722672,0.001221037642821735,0.013132384478231557,0.009229885964204498,0.4146188097457039,0.05825643616477663,0.025658986857654355,0.025593923117126598,0.002966260727425315,0.024748025010376686,0.6882945817860091,0.04323822272716567,0.5708104709457452,0.014421548121587783,0.01946435710874299,0.010695255803695798,0.011558803270783308,0.38884195939096783,0.038662716727342734,0.13674275543106992,0.013709954314712006,0.013709954314712006,0.013709954314712006,0.020558492207028708,-0.003620804687076764,0.0007275897918906891,0.0351321171810364,0.03338700885485799,0.38074267031977665,0.44430019581822117,0.3719319611735419,0.1280000597420252,0.010820193903536963,0.010820193903536755,0.36426414072508284,0.36115884699694867,0.021075248219997927,-0.014352186569139145,0.04009250375377177,0.03845791756918231
INST_N_PAYMENTS_180D,-0.004469081612360437,0.039787342165296044,0.03984209242628534,0.029114713219321155,0.059925287007966316,0.011279871716560811,0.006757226856276823,0.006757226856276823,0.019544459946298522,0.009539468379730083,0.005554504603532312,0.018726283469342783,0.018548639172291666,0.018548639172291666,0.004493996491137777,0.00589482983751871,0.06616407209631926,0.04447395734583395,0.038108028038496417,0.049437930478813084,0.08284228141693531,0.02639204590190977,0.0327165456939,0.02153396219640217,0.04837098141005307,0.10525695006247376,0.10068160367628015,-0.016008101239439684,0.0011818460029590198,-0.016770373536610518,-0.04023676741068854,-0.04023676741068854,0.020221022009372196,-0.06703606529284122,-0.0020714995533485867,0.018168782015977384,0.018168782015977384,0.06296372716217417,0.16276625284974366,0.008828490874094725,-0.01349735852774991,0.16291969985040228,0.027937031049067692,0.027652122633677976,0.027635441927227902,0.012401377100668222,-0.04792572481368444,-0.05773495187797609,0.0084764408202131,0.037607027233149556,-0.00040152134428257836,-0.03823925928133529,0.0120801201281583,-0.00043470504129267703,0.028835187809723505,0.009924093749863352,0.009924093749863352,0.0009162450020171126,0.8868172682104115,0.009114448228827496,0.021232831615872395,0.0005959752162152397,1.0,0.002189528887388787,0.0005811483166297019,-0.0012327344929607795,0.013048535960009667,0.028605584207376765,0.025356871321015623,0.8290118126421933,-0.0015357840943377773,-0.10636379119070953,-0.0020764689639989143,-0.0020480642214182857,-0.0013584214971153355,-0.0017509312532241648,-0.00040915456257099625,-0.077395825476134,0.009351234264500685,-0.001966476497007878,0.0004185127454371991,-0.0012148411731660747,0.0012056572765257974,0.004560986307190961,-0.001216970427693392,0.0002657850702442011,-9.204979078447631e-05,-0.0011833943054230312,-0.00289722751906618,0.3955330921225111,0.035853468537658674,-0.03188849269316203,0.35504993014684977,-0.0020675147013404865,0.11657461635011042,0.004421028576670755,-0.00117769298556894,0.017952580230113323,0.6783376259572278,-0.09923160557507123,-0.011787441390937401,0.05667364336213852,-0.007164633541745918,-0.0020043816687112244,-0.03633137933431191,0.0012849757973688247,0.11433454132583791,0.7830435818557633,0.09989036305101176,0.00021966101182369988,-0.2220756446389423,-0.0016672858581227867,0.04226052232259932,0.008041361855030267,0.04039212832841176,0.05684634057897164,-0.0019025335817324835,-0.006568086736808665,0.004271178503557498,-0.006908424633729712,-0.006908424633729712,-0.006908424633729712,0.0062567201459036315,-0.0023038462296497302,0.010504054966532535,-0.2455598586861905,-0.16314082099035268,-0.0016503351972372254,-0.0025203516141644477,-0.0029635441335114704,-0.037104130738324546,-0.007743631334352899,-0.007743631334352847,-0.003488477655322947,-0.003828874931941919,-0.021456949263291898,0.016090096777194925,0.09901289989138815,0.00034843945613601565
HOUSING_YEARS_BEGINEXPLUATATION,0.0021236647518726565,0.10205834293803588,0.07633225625152101,0.10145282241507575,0.020166913831531602,0.11370810829177909,0.031464726337035766,0.031464726337035766,0.026886825278186068,0.022711532629749277,0.04677105094115017,0.022982108340157213,0.0365706133117885,0.0365706133117885,0.0060416993373587895,0.052278819364572335,0.04373821930163981,0.030950483788961043,0.006799079832885888,-0.004999472148892742,0.012803383488404116,0.04337839881874932,0.01219192542806686,0.02811847259473066,0.015443568993550557,0.007474903819907664,0.017564341288746763,0.13506232563751214,0.11543961319505784,0.11516963410199545,0.024029260669269085,0.024029260669269085,-0.0019331640471526355,0.021875542185867236,0.04353853915132158,0.02148278056741283,0.02148278056741283,0.00884586883179102,0.013872142538400335,0.014489908823352795,0.08025061094160271,0.021754178926461153,-0.0023593153467428656,0.004282715144109503,0.004280212815025383,0.008341012540970305,0.004910954185827353,0.00423937773176558,0.20251868236352535,0.03105561425620075,0.6384129362064761,0.002207019747641407,-0.0006553464346644885,0.6554568102963078,0.008824387936539333,-0.027800271673797505,-0.027800271673797505,0.5249666576144181,0.003280344750806333,-0.0013438832488874319,-0.0055908505143868565,0.49885508387458,0.002189528887388787,1.0,0.49131516014356097,0.6196178543953468,0.08254407207447181,-0.004286589821485927,-0.02146340623662133,0.004592360221387017,0.69205732369708,-0.007375079875167816,0.6926291609209291,0.6933573300815912,0.6798310195827518,0.684132878621975,0.5163408361074584,-0.0016691474478610327,0.1444257222259285,0.7006719976958974,0.6565402027995465,0.6741619613173729,0.6876279378105089,0.0028456243630161967,0.5177255678278148,0.5842670373644304,0.6258811664228601,0.6743041074577198,0.06858278689817203,0.006450950555265734,0.011554502076631295,0.05582869254351006,-0.0019228510006801844,0.5742017797585643,0.020031361893618982,-0.006444249099812884,0.5046776549388524,0.005375016636950704,0.005500504026017646,0.00016379697260568714,-0.006009178558940287,0.010799861624713837,0.024063051851529155,0.5607838924791133,0.048823758575428124,0.18297538802450486,0.018099399639124502,0.0055597467567511,0.016216767188333342,0.35799451832866813,0.040548088654067484,0.42880224287119517,0.009908120403878104,0.011225266856795202,0.005794917417215223,0.008793899929805614,0.4899479608244239,0.03966841130377344,0.14204287693708748,0.02727337577010299,0.02727337577010299,0.02727337577010299,0.012432840537221213,0.008679974587693847,0.0027648896592655926,0.030461131638924017,0.027098935301182243,0.47711003584168565,0.41758054383788346,0.4773358159095569,0.09635879689748676,0.02514278433721623,0.025142784337216544,0.4654821046967642,0.4538249506039933,0.03524084403686648,-0.026308065305842624,0.029107564584551538,0.03717286746832574
HOUSING_LIVINGAREA,0.0014508985655863295,0.10039116662835315,0.07488491974698905,0.09981777900002362,0.011567689752964617,0.12588066918679297,0.017312443063494904,0.017312443063494904,0.025039630484406657,0.012686137045546282,0.044241404291384595,0.012283462139402524,0.011869779618755003,0.011869779618755003,0.008874259470377122,0.0360890594618285,0.046621677536140986,0.029033113749507688,0.009845051537206106,-0.0019996700738801293,0.010567990964394147,0.04386302692443858,-0.010575312520744165,0.019038560052840915,0.009464865712056828,0.013851444079280326,0.018375925237299123,0.1876659526830708,0.11869758031717745,0.16432867746203217,0.0217315457772266,0.0217315457772266,0.002229291267664213,0.01257539273024018,0.02494192693455919,0.014892511051298749,0.014892511051298749,0.005676685803989312,0.016536650323891552,0.010522407911642962,0.13551021949701544,0.023582466700774244,-0.020654767133238328,-0.010494110535730673,-0.010477954051473367,0.0047326536199455115,0.0026970564868554685,0.000917330968948025,0.18158803721907468,0.035080646449933583,0.8375560815272132,-0.00013381389509486153,0.003910049791625062,0.7319482625896981,0.011304074217157099,0.04232410758026868,0.04232410758026868,0.7098242438199297,0.000559301081733482,0.0036712797498362564,-0.0031319246191172556,0.7482193931107111,0.0005811483166297019,0.49131516014356097,1.0,0.7819168480547175,0.07447186233173403,0.003690977466783453,-0.014567121396863295,0.001873944066220811,0.5156984400951578,-0.01784991161618414,0.49060491482467194,0.4903166614910017,0.49980356503983275,0.4943483846035813,0.49604026173075993,-0.004621538139842391,0.10589490417370467,0.4939211128292023,0.5152954314953433,0.49157082929247575,0.36423866190017445,-0.015193878199576964,0.6252041498470167,0.5089693401728538,0.5047052509997646,0.5104505098345736,0.05350991988489655,0.004351858103473767,0.010951928774568617,0.05619095838205823,-0.004509517633387896,0.48601635483443606,0.018059831364834203,0.0005743462622660737,0.6410582491232367,0.0014706664641390046,0.0033821414154794516,-0.008730567925934124,0.0009743939005200078,0.01026281612807329,0.013105170784089551,0.4590139159008943,0.0496398710150431,0.02570661611139297,0.023019949519244264,0.004077064783634482,0.0215783888239739,0.5333895182822,0.03987659547127824,0.6054728891507292,0.012005116606354756,0.016062353779935715,0.008675740024947542,0.009742441563642276,0.4261491996137639,0.03827984999388579,0.14203580339461222,0.018169180982060367,0.018169180982060367,0.018169180982060367,0.017312186544754384,0.0010474848481836154,0.0020301324278161168,0.029782981007368207,0.028743018535183285,0.4188694352619912,0.47405439583192366,0.408579342221316,0.10584608021992038,0.01566258771556444,0.015662587715564218,0.4004990396863138,0.4049123635437129,0.027164843448555864,-0.013981453821190235,0.035565591477744456,0.038194529399504185
HOUSING_APARTMENTS,0.0011697436824879724,0.10807194295702882,0.08017165629594065,0.10854573622795775,0.011249146104384123,0.14012387295651071,0.016760603690971376,0.016760603690971376,0.026173597156888256,0.011692617929117511,0.04354179752171832,0.017016474711254902,0.011602205426866947,0.011602205426866947,0.0042677101526795115,0.043054391558091244,0.04369734543334742,0.02747496662218976,0.009885297513512019,-0.004532522435050016,0.016878539462441736,0.041283397416426046,-0.012357056713667757,0.015953183336983093,0.014803475602479745,0.01089178709111835,0.02376081345984664,0.20483208279221213,0.11551239221541708,0.177982951306849,0.025199098347898092,0.025199098347898092,0.000315529936693916,0.019776287003476684,0.034701117829728,0.011026628858144844,0.011026628858144844,0.009163511647773091,0.019488324127086565,0.013733517241089429,0.13814165653214408,0.027058350040865,-0.026152833728778885,-0.015357773937556357,-0.015351296252619561,0.010510286746905935,0.006249925955123192,0.004678546203393146,0.23637050670960394,0.03505598258294974,0.887814698202628,0.0028224367325794023,0.006241417231892322,0.8136375083142187,0.010614624600594518,0.053152636875270026,0.053152636875270026,0.6395090717604031,-0.000399742257160783,0.006215443134930995,-0.0036866080806226397,0.6994844147210667,-0.0012327344929607795,0.6196178543953468,0.7819168480547175,1.0,0.07384824195786226,0.005445657636791611,-0.018874540253796798,0.0010872863911953285,0.801183206366203,-0.011968513612455869,0.7789616602812083,0.7792471603518069,0.7947711949641407,0.7969101789087035,0.6028120283508608,-0.0025284254365901372,0.1359296743057804,0.7816086239364604,0.7826312788952899,0.8199207797491134,0.4386604193401665,-0.03183265635736668,0.7455527898690454,0.7227461792691667,0.7539662681615995,0.7717429338000769,0.05827227702173707,0.0027420301536237508,0.013945129947373071,0.05394065226205015,-0.00449307899986223,0.7154550270385722,0.017039055219866338,0.0013595884404663003,0.7693514553417536,0.001718952178577581,0.00306962856220247,-0.0017031164513513605,-0.0018462087532927463,0.013198290494927944,0.01792730334658221,0.6973058069448235,0.04846784695266097,0.030728706003183563,0.027339707587312797,0.002466978776131508,0.02683996724987403,0.4920458926494941,0.0450086970485521,0.6856004263596011,0.015165922310244634,0.014393920437195302,0.007376643480434178,0.012622051668438878,0.6090569713650406,0.0456763671956352,0.1857573772942837,0.023473402457446522,0.023473402457446522,0.023473402457446522,0.01549485349839857,0.0021367038367085312,-0.002234524219532879,0.03077595113899245,0.028942885797719173,0.5955705310128958,0.5611626922742481,0.5873621049305261,0.10311365662438383,0.02044394645732705,0.020443946457326813,0.5770575985487345,0.5704752614579873,0.03466687704115607,-0.016872875123660896,0.031856562605888816,0.05095231489310484
BUREAU_CREDIT_SUM_MEAN,-0.0009263587892279154,0.06331010305943584,0.028264163397029224,0.08417271063315279,0.00715028701879388,0.10110428185500857,0.060741761724432894,0.060741761724432894,-0.16404198969256426,0.05489620537883524,0.08125544173735452,-0.11878611689236059,-0.03724883547397705,-0.03724883547397705,0.002540400736431633,0.06876154248011145,0.03358072224269345,0.040792346036279854,-0.016399055376743823,-0.012002494261707693,0.009712649589139108,0.07945505340622068,-0.04295526508473105,-0.01237841814784616,0.016377942221348966,-0.004658084883862746,0.013213248385919049,0.08989246478804942,0.16180305833107145,0.07950809497115001,0.0510386921958438,0.0510386921958438,-0.15090850535371964,0.028952036374359974,0.08454652027975595,-0.0023107633640900615,-0.0023107633640900615,0.016302546031307773,0.00885438138175899,0.028586833142776196,0.08265439933319772,0.019646544237695202,-0.08593647301681938,-0.08363168554854129,-0.08362928546853635,0.009747247504661084,-0.018320928442299794,-0.014804451048529864,0.0020762991864987732,0.04423151586643481,0.0839336956643172,-0.03084750220098843,-0.055359431982748016,0.07705131739369496,-0.03431058013957184,-0.0763327511846214,-0.0763327511846214,0.08679328773564136,0.01390532637271777,-0.0550439498865847,-0.05482252704285939,0.08205209352413499,0.013048535960009667,0.08254407207447181,0.07447186233173403,0.07384824195786226,1.0,-0.042825377393585065,-0.07470111322477922,0.019666444020255233,0.06773189861909448,-0.030405866792413083,0.06545490533743283,0.0653941220017395,0.06581068106678466,0.06548275640173487,0.05724364640493577,-0.01740354512797014,0.011238276674091637,0.06493458619322116,0.06834053704531438,0.06602189295536945,0.0670592111539672,0.04905237886660689,0.06229684230764039,0.06997936235950117,0.06521909741349745,0.06320193959841156,0.5138867241029441,0.0036884312052059627,0.012608904338458689,0.11155963338804187,-0.014580034628308982,0.061749047396741884,0.06281419073668107,-0.048275241203224274,0.053840447987168236,0.03616975492128176,0.02325767382120065,-0.0058118795720489575,-0.03908644812692091,0.012611528805021905,0.17788408061357452,0.05650431829540429,0.0993096274989994,0.03225463052683994,-0.002215864832167312,0.022558659003464387,-0.004601961128681776,0.06266644519373268,0.03643006659962842,0.062285232856589684,0.010059213900857716,0.01226064064537527,0.041371478724833474,0.008138537298380162,0.06023006711300252,0.11087037758398817,-0.010162494746913804,0.14751748952636046,0.14751748952636046,0.14751748952636046,0.014212815276432747,0.09989682648919747,0.007092766600340659,0.04357662957174049,0.037353160592207224,0.05806632990749598,0.062033980483774,0.05728468560131784,0.27465546126009827,0.15261474107621054,0.1526147410762088,0.056441617342130435,0.05643622401346006,0.13219414656390793,-0.3525448617245088,0.047251033039799405,-0.00655081528927279
PREV_CNT_PAYMENT_MEAN,2.687528348049669e-05,0.0050802283380206315,0.002955533464514948,0.006029253716943601,0.048961322235552926,-0.007497178905215045,-0.032992089592242854,-0.032992089592242854,0.044034426966711934,-0.00651158114649979,-0.0028690717448844882,0.04794323815564167,-0.140705540049942,-0.140705540049942,0.011674528662572695,-0.02448609449548569,0.044884747356911434,0.30910712061838724,0.14307997312437787,0.25569069470056194,-0.024858388832954218,0.01011830753285568,-0.07376672388003938,-0.07914904050679297,-0.06910619237089269,0.18203824082474412,-0.029718263471905437,0.008678001441492023,0.007457493121249004,0.006928127652097952,0.00019425548838153893,0.00019425548838153893,0.049390365579740164,0.09086615612845692,-0.009802443594065607,-0.0267779305321468,-0.0267779305321468,-0.06490748309034304,0.0020561885015721163,0.006686657771746724,-0.0020859635949474547,0.009203454904980521,-0.08033394539172005,-0.08094253812578732,-0.08093779219411087,-0.03244701356748775,0.24352028279247914,0.21431560654990595,-0.028781713611537675,0.014316361148475941,0.0040253745561920195,0.22012887218840094,0.2878107879421831,0.005898345591666977,0.0918700049428184,-0.04259797496425773,-0.04259797496425773,-0.002745038890859038,0.029857780910280973,0.28699127705919125,0.24706487749252035,-0.0005288868051536147,0.028605584207376765,-0.004286589821485927,0.003690977466783453,0.005445657636791611,-0.042825377393585065,1.0,0.08157311550594437,0.03150825599325461,0.004241345909964643,0.060181125945576654,0.004956846715069831,0.004902173900260876,0.005399139216467014,0.005352997914388524,-0.011445915716969806,0.10894829498952646,-0.02364258860744385,0.004398538771539239,0.002706296490496381,0.004334343923727824,-0.017057633754522603,-0.044234484726870055,0.0028255190610741313,0.004428190914659711,0.003586828231915763,0.00484001719035256,-0.0448933871101538,0.06934030966337142,-0.041258684894813116,-0.2923714863730702,0.022259323488778678,0.0029687164676253466,0.17175123543242826,0.2588954702398995,0.0067676238912221225,0.006909119657430728,0.038236110756547,0.06221461473707375,0.11202341657216569,-0.028967785379011297,-0.004204436114225926,0.0033651443594720195,-0.2684807475713143,-0.041483614394132604,0.01842871771220449,0.03954608226997118,0.008460132960363999,-0.002876507851955999,-0.0960004472698174,0.0005591535496907234,-0.04612239462916894,0.005968004350487979,0.07839117468012685,-0.035260399079764373,0.0011384910534234308,-0.013906508516508565,-0.01624482288574736,-0.008103587748839831,-0.008103587748839831,-0.008103587748839831,0.0035817648362166258,0.0063651733265064365,0.009638643717257594,-0.08378098513730214,-0.06254356430795484,0.0009046591588036324,-0.0012592499852066847,0.0015868982923929239,-0.037783650164958146,-0.007737804370469454,-0.00773780437046964,0.0010138310045609987,0.0012446435817670355,0.01664268415941729,0.08175229816327571,0.1174749582547885,-0.030047968762264447
BUREAU_N_ACTIVE,4.368949528184305e-05,0.13414493880576006,0.17198929395754486,0.0531724015674727,0.2602079277692321,-0.0012385255005771887,-0.08065497545449497,-0.08065497545449497,0.11272043173930787,-0.07449758533699091,-0.00508146188368646,0.26973193869732287,-0.012650268635740477,-0.012650268635740477,0.2755739199639774,-0.21323767803145893,0.012264005007285247,0.0375245601791451,0.1169425563748986,0.09953718419356512,0.027866918929032012,0.0020131504512344695,-0.023000075326392384,0.002830342455425942,0.01403903855995754,0.15243668008793393,0.034196950800123645,0.027181361353873706,-0.05108240229728769,0.02633223536016606,-0.07553535730031166,-0.07553535730031166,0.3056594769657366,-0.07382240049839026,-0.2993281545871951,-0.02636825007814292,-0.02636825007814292,0.013990466536677092,0.05226064857774874,0.055057519789206706,0.026777383270512142,0.05929405838965313,0.02493251096393526,0.030599227431489344,0.030549748283884622,0.013088481736282558,0.0192819692470218,0.009645851128340146,-0.01634470250253005,0.023650423203125256,-0.018501189848462492,0.02487084067205895,0.06121052922103017,-0.01646727565590634,0.06348327552751389,0.015621179192770281,0.015621179192770281,-0.013082319128432812,0.01986594634883453,0.060486523253135055,0.04594164937271833,-0.013413791385020477,0.025356871321015623,-0.02146340623662133,-0.014567121396863295,-0.018874540253796798,-0.07470111322477922,0.08157311550594437,1.0,0.015913070307091624,-0.0235388352214515,-0.06081615058768746,-0.022673736500416788,-0.022488388500195567,-0.022944975298933468,-0.022223838302033602,-0.019801879477138337,-0.009325237847464354,-0.019931869589302275,-0.022555758854218372,-0.02185028957457005,-0.02214898638939113,-0.022009939465016438,-0.043574128440256335,-0.019794759191325395,-0.0222106167793774,-0.02392483425604579,-0.02321433382943182,-0.32635358018473964,0.06970566851572564,0.010678181783200213,-0.03161172447028917,0.03228187852409098,-0.022371269696429,-0.013050420675256663,0.05639133384687297,-0.01764574185138524,-0.0271000746865243,0.01374464737068349,-0.07248626583428235,0.041338611124573627,0.02079417453545164,-0.11283134910147379,-0.02164216017137133,-0.03503258589121925,-0.018138563045339978,0.019384414880406035,0.028562433248095445,0.022922787414539875,-0.010610255615974633,-0.04231091801824397,-0.01550953151464726,0.009101823023187247,0.003685770746351849,0.02679325263655582,0.01714251004563065,-0.02021553476089278,-0.16951287558319755,-0.006882669994786799,-0.19019324221534917,-0.19019324221534917,-0.19019324221534917,0.0030952689266255753,-0.08807119357353141,-0.0007830333856833124,0.01823900923647443,0.020493545774443952,-0.019481681187541587,-0.01878308335103791,-0.019823720055955785,-0.10085485831204045,-0.19676509211440385,-0.1967650921144023,-0.019764005429112275,-0.020476560818306615,-0.18255935351356198,0.46271299654102527,0.09333941335478285,0.021386112844842854
INST_N_PAYMENTS_60D,-0.0043807127157833884,0.04077968813679824,0.03895715072141051,0.032475455573977664,0.054692668429619395,0.0159129743894844,0.008994827505676137,0.008994827505676137,0.019597142032677473,0.011116769058641483,0.010216089685918407,0.02035366972691522,0.018034541508386185,0.018034541508386185,-0.0009016169442810805,0.014062569443430902,0.06780874151845546,0.04991845773083884,0.03182349914419533,0.05361048071681546,0.05733049878442221,0.030863938292761482,0.029214149031686166,0.020706563804574828,0.027678989262483238,0.09793474053984363,0.07591859622067594,-0.0126588155678549,0.004899123636406157,-0.013544152584532055,-0.022274747444067343,-0.022274747444067343,0.01580813090041156,-0.03178672665901849,0.010048415540309927,0.02004184406129718,0.02004184406129718,0.04547432911720525,0.13579007847841182,0.007828508087699325,-0.011007604747778158,0.14180606841970247,0.023833880139847635,0.023458005576418032,0.023456771827059134,0.0006702226980707088,-0.04684926136600736,-0.055552682058985316,0.007086524761311465,0.037083455569020415,0.0013852918890571175,-0.04359473857260633,-0.0009265188477577044,0.0007785544962942391,0.027306293279459243,0.009143030815540626,0.009143030815540626,0.002389827877695505,0.9122557959829086,-0.0027837384041692922,0.005747306161196459,0.0018416627217990068,0.8290118126421933,0.004592360221387017,0.001873944066220811,0.0010872863911953285,0.019666444020255233,0.03150825599325461,0.015913070307091624,1.0,0.001367924283524968,-0.09717078224038272,0.0006258697836650317,0.0005378086278713074,0.00131097366571568,0.0009403361215433832,-8.528368913864714e-05,-0.07261934998360152,0.009367136030159508,0.0007461828259314903,0.003597372056743975,0.0017286554600866124,0.0018437446795859366,0.0029725625073368836,0.001838778868469302,0.0029141180790814144,0.003087571959790292,0.0014438320458831084,0.008855421847367111,0.37884589711419814,0.021503255947925307,-0.03708896632595015,0.36687484149754157,0.0014730360874236504,0.1228223051634518,-0.007848176284638844,0.0005124362668352076,0.00928629584502741,0.7958062573464117,-0.07298344813164283,-0.01471537651172897,0.03984993131200662,0.0016359509381716222,0.0008240231865848991,-0.04351678499244591,0.0013054926949513197,0.10498689162107763,0.6730013464575845,0.09090517512962185,0.0015836770972306343,-0.18459496604272124,-0.0009354146358113306,0.029167868256278234,0.007140981704707458,0.0658422053624487,0.0411311485355076,-0.000569317622898593,0.0004752824557796339,0.0026663570015060356,0.0005240968037679409,0.0005240968037679409,0.0005240968037679409,0.0063701691280641315,0.0027334259249314464,0.010288622131408945,-0.31919169958877325,-0.2062955395467929,-0.00019193959003729652,-0.001074413915407562,-0.0019723875467646526,-0.0342874711117233,-0.00028205669896552493,-0.00028205669896555946,-0.0024175239252580325,-0.002334799600874688,-0.01483023386964797,0.0053108973591832484,0.10932262553786407,-0.004791850604689378
HOUSING_INFO_COMPLETENESS,0.0012943798533246059,0.108157335802912,0.07867906579380687,0.11091607181143066,0.014274563237064837,0.13550102807882747,0.023013811772750144,0.023013811772750144,0.03059103329613712,0.01733875181717723,0.04104060350951633,0.026284195373899904,0.020196098017061834,0.020196098017061834,0.002692303373110295,0.054818388850593716,0.03782014156092712,0.02756865208703218,0.009358617636430146,-0.008180967607135837,0.020619097274122943,0.038413107212022776,-0.005874895747127294,0.017047463855134656,0.0189187576034982,0.006533523004421504,0.026636398945242515,0.17871917064050752,0.1098960856622907,0.15112426088963427,0.03172030742443606,0.03172030742443606,-0.00010520786782273644,0.02727494333951355,0.04624371060334081,0.014580052358078936,0.014580052358078936,0.011714808467762367,0.020304089841736726,0.013664017935542786,0.10118938334240395,0.027788188692815925,-0.02087494504952942,-0.010740875868554387,-0.010720900656258402,0.014536706478439299,0.007242492198662115,0.006009357900165999,0.2700152419693142,0.03133283422650056,0.765752137119668,0.0038954435942553755,0.005700411626928729,0.7555192851383217,0.012472443924122546,0.07076454562344847,0.07076454562344847,0.4466436868775619,-0.00010847345697309295,0.0057880338765101775,-0.004999058955410696,0.4767943943349303,-0.0015357840943377773,0.69205732369708,0.5156984400951578,0.801183206366203,0.06773189861909448,0.004241345909964643,-0.0235388352214515,0.001367924283524968,1.0,-0.003683718804131045,0.9818890072163005,0.9827470933875783,0.9707270254220595,0.9744286965515565,0.6235983927833051,-0.000679693417042734,0.16206023679992487,0.9779915905826722,0.9432218715352443,0.9647451676972043,0.5095620789426465,-0.03665094005817727,0.7443726804948125,0.8442540169257305,0.9260535013574855,0.9688104074002142,0.06152573639337956,0.00033056654579749094,0.017264462874638883,0.049894631995707456,-0.005992141063665685,0.8707181190556922,0.01549785030828146,-0.00032520861193654143,0.6923653055486281,0.0032433306526801617,0.0016454163253709429,0.006419700285947323,-0.005380276119172309,0.016229949402506976,0.02202306005474403,0.8538215010576242,0.04558207076992749,0.04720449916479928,0.02744634130195605,0.0019986542511197104,0.027144023302772727,0.36349766038574055,0.046604271440508285,0.5545485099686234,0.01777772338650606,0.01066501068952718,0.0049331038860413925,0.015630320468344932,0.7485672577017901,0.04875032770692136,0.20800143991356387,0.02786419149398588,0.02786419149398588,0.02786419149398588,0.010975152095969302,0.0048198587676343005,-0.0038375904821081244,0.030280283441445004,0.027292336198867485,0.7282863188779197,0.5732874036371673,0.7206669321940926,0.08947541411536965,0.025044827277907477,0.025044827277907317,0.7035941787090381,0.6961824395668653,0.04170203733444086,-0.019009125066951956,0.024121972956257558,0.05929646709138882
POS_N_LOANS,0.0042568336853605416,0.03590025495123313,0.01781981893880943,0.047478712193928026,0.044736350143310316,0.0043970765907422335,0.10034650098714168,0.10034650098714168,0.05619982892891038,0.08852717267686419,0.06222409327772716,0.11314674496317557,0.08152746916414491,0.08152746916414491,0.0042682680570774005,0.14648756837537447,0.01614171907683206,-0.02546821501435295,-0.010264803280355476,0.08698759774456342,-0.12679532790754786,0.019101388475249427,0.03890976269240468,0.025746724916670356,-0.05972999466002215,-0.29118122448515854,-0.21194037778834118,-0.03066067591716648,-0.0736858834716049,-0.03650888224532058,0.30338051974182934,0.30338051974182934,-0.0021106877255691768,0.5446092425525915,0.15700574401981598,0.0664947265615067,0.0664947265615067,-0.11787426105271513,-0.32967823303595606,0.005589196098300738,-0.05254061646152146,-0.38329848739539935,0.046716291875237646,0.04425152443288526,0.04426267787250381,-0.035247201324748845,0.3631197472007712,0.4314531807086249,0.032465722451446064,-0.010471992010496044,-0.01776484682886476,0.3733517475166475,0.1261182366442723,-0.015507566082078551,0.028721977843557945,0.025081555687116248,0.025081555687116248,-0.025703013353175198,-0.087239854137087,0.11245393910275807,0.22660434447129185,-0.023666966348794272,-0.10636379119070953,-0.007375079875167816,-0.01784991161618414,-0.011968513612455869,-0.030405866792413083,0.060181125945576654,-0.06081615058768746,-0.09717078224038272,-0.003683718804131045,1.0,-0.0036283415986033845,-0.0038598964178918104,-0.0026706849271842213,-0.0026544307092421695,0.0030154221637525773,0.5318141492957856,0.03943018494240704,-0.003116391397465397,-0.0036065380011201845,-0.0020545257492534438,0.003991581162399825,0.06288151158487136,-0.00853028257458127,-0.006574053481096524,-0.0033800796808587013,-0.002721425502854881,0.08060741902829358,-0.13386576650946225,-0.12938809373070523,0.22065768737668592,0.010015287477234423,-0.004503990456262117,-0.3670492599140937,0.06057180327911843,-0.005934715810197197,0.05090395906269935,-0.11196370120275718,0.8765237895441671,0.06209158110262445,-0.21308905945383694,0.06880904146316356,-0.004862520608404962,0.21695022328843505,0.035023819476428304,-0.05155254542530875,-0.19435945360803406,-0.05884775507968051,-0.01861342757758586,0.2812735073685639,-0.012739308146202654,-0.13127740208478206,-0.02044220945329269,-0.2300312613011373,-0.1816836265911169,-0.006714724910376551,0.08357351983521508,0.015589164577150311,0.06922918679904184,0.06922918679904184,0.06922918679904184,-0.017951444154812906,0.05222987442496145,0.017153920311024536,0.12415155352041937,0.10076594842365036,-0.00639037024358663,-0.008322644735075985,-0.00721215376397037,0.0023318586499192894,0.07105213576405801,0.07105213576405851,-0.007827757658026553,-0.005922927416937855,0.060763567020826664,-0.04371773265432585,-0.491336605228215,0.037231231768212365
HOUSING_TOTALAREA_WAS_MISSING,0.0011840438429148981,0.10773774731931589,0.0786180222903442,0.11021031954196811,0.01398375801147447,0.13541180288649993,0.022580999959507436,0.022580999959507436,0.030336334807745943,0.016965846076882986,0.03988825008193724,0.025839834265717076,0.019500237319227086,0.019500237319227086,0.002295776474567343,0.05263930381207969,0.036859849073812206,0.0271465326536845,0.009486023098206085,-0.007768652021440703,0.020577239024999926,0.037203569636022914,-0.005395583625073869,0.017814190946936134,0.018670464726563942,0.006535243700128928,0.02651373391344893,0.17657647430375872,0.10830152223274063,0.15154243586317984,0.030347470448031866,0.030347470448031866,0.0005113970778823232,0.025099851255410133,0.04528008393167514,0.013792134889113976,0.013792134889113976,0.011616822819014062,0.020590752941073234,0.01375367403967315,0.10240576428361806,0.027633012799471342,-0.020929545817563976,-0.011005079720205112,-0.010990733132371089,0.014374729281265737,0.007834473079483147,0.006573208764865207,0.26727304371666033,0.03038577932132232,0.7620774520976067,0.0041435903496521214,0.005588749526683289,0.7852607986234331,0.012407289768360268,0.0707830944106452,0.0707830944106452,0.42370333094133267,-0.0007056757280785841,0.005907213564208616,-0.00566932080112525,0.4528064121965824,-0.0020764689639989143,0.6926291609209291,0.49060491482467194,0.7789616602812083,0.06545490533743283,0.004956846715069831,-0.022673736500416788,0.0006258697836650317,0.9818890072163005,-0.0036283415986033845,1.0,0.9982692971964406,0.9566190238066556,0.9677831411761728,0.584280524836977,-0.0009386391801722219,0.16035757206938692,0.9873848058624738,0.9020501118324235,0.9493337603255794,0.46802445067091886,-0.03709084381291124,0.6939999206438526,0.7938804822450176,0.8699483607119645,0.9603477868178173,0.059962078246680824,9.861209564771412e-05,0.017211632914527628,0.04859749947977365,-0.005265378535454317,0.8126397363264297,0.015137504153365415,4.0617310410224354e-05,0.6776613387822799,0.003078596931500918,0.0008248250783658806,0.0064077018995679046,-0.005905361536707449,0.016356046068787,0.021774988492410986,0.7981677401113038,0.044545306149421496,0.04768089514204478,0.02695118424986082,0.001469665564224816,0.02653883365692684,0.33130099254867423,0.04506061186333663,0.5038768242849575,0.017627212308335808,0.011609601430868862,0.0040848446663546995,0.015566934312159162,0.6843719883778484,0.04749713964685145,0.2058132008029169,0.027695869345895675,0.027695869345895675,0.027695869345895675,0.011826088807877307,0.0053389293408044715,-0.00492479732185376,0.029934439061355986,0.026787576352239863,0.6635625125365969,0.5209385428373513,0.6560202478826838,0.08714058540520982,0.02497733637794907,0.02497733637794865,0.6399937049539031,0.6340447102600355,0.04096074404402626,-0.018383063885585017,0.023036288617745586,0.05933204807117479
HOUSING_QUALITY_SCORE_WAS_MISSING,0.0010002119937370852,0.10771167934886233,0.07859483440000464,0.11020547762684293,0.014229252265634753,0.13529120391455218,0.02229721773651029,0.02229721773651029,0.030480796634389178,0.016739045493951873,0.03987475968557707,0.02592269761673419,0.019193624519968394,0.019193624519968394,0.002177660458605297,0.05257041680935101,0.03675583026384125,0.027212420686640988,0.00933946110028192,-0.007825152687264204,0.020574434124811088,0.03730426698358564,-0.005592518285985381,0.017658581613454967,0.018673291491602708,0.0065136332415956675,0.02653403772851382,0.17647772085903132,0.10849155205608875,0.15150000539378683,0.030398338174342926,0.030398338174342926,0.0006575710702451278,0.024993956636362856,0.045307155895890315,0.013698676204851528,0.013698676204851528,0.011634855266914698,0.020627348158081767,0.013746425634135816,0.10211938094013613,0.027711304048435078,-0.021065565791251125,-0.011105670738000461,-0.011091490618159797,0.014396966027860747,0.0077417994887112,0.006439754061517381,0.2674641200101477,0.03056112590019504,0.7607787315042147,0.003982730285006993,0.005560350534246239,0.7871562704402604,0.012548936544480445,0.07071153715075465,0.07071153715075465,0.4241177844488555,-0.0007656676455460852,0.005800376079489492,-0.005633959528326678,0.4532251813676813,-0.0020480642214182857,0.6933573300815912,0.4903166614910017,0.7792471603518069,0.0653941220017395,0.004902173900260876,-0.022488388500195567,0.0005378086278713074,0.9827470933875783,-0.0038598964178918104,0.9982692971964406,1.0,0.9575750461332495,0.968901711393657,0.5838664001629627,-0.0009820282943946161,0.16048365668110523,0.9880803457571387,0.9026765041011451,0.9499257836007573,0.46818306827141254,-0.03728890714310549,0.6933418601965429,0.7930731700876018,0.8690697729757001,0.9605567083279054,0.05994556316913058,3.452274536189271e-05,0.017191738642160368,0.0485960219284548,-0.005395966861398411,0.8119057640926334,0.015206170784765776,-1.1994237910254643e-05,0.6784168814510391,0.0030458070910621376,0.0007804664770489298,0.0061816151976347615,-0.005921389030003845,0.016338008129817276,0.021792654760209126,0.7975932344200469,0.044623196423234736,0.04760569444214602,0.02714516117377791,0.001499874508519867,0.026704757283914474,0.33112944306652925,0.045063660000990574,0.5037582573402464,0.017707899744357568,0.011764294609842444,0.004218833390940447,0.01567463643521693,0.68444004651178,0.04738432390353908,0.20600833184092707,0.02763880871987064,0.02763880871987064,0.02763880871987064,0.011929486194022025,0.005237873359157206,-0.00490011080149895,0.029869337676690578,0.026749852187569523,0.6637911102621384,0.5201621580630618,0.6561001032560638,0.08713272684231167,0.02490598562469764,0.024905985624698052,0.6398026694329919,0.6331880755758329,0.04104916661923902,-0.01815082230812173,0.023219327662537797,0.05941766596755218
HOUSING_ENTRANCES_WAS_MISSING,0.0011386756655707867,0.10680578671711527,0.07799840276207501,0.10918674307134581,0.01402955715690681,0.1342275313333326,0.022509378799351613,0.022509378799351613,0.03116079373797138,0.017085707166027347,0.040159998851470494,0.026609772574466114,0.01944269557941493,0.01944269557941493,0.0023408479823918246,0.05371963590584708,0.03793986712356476,0.02662378264568533,0.00963197949192604,-0.007165264091454068,0.020585685252384404,0.03728852804712293,-0.005577170060326346,0.017446347212618164,0.019004423241248614,0.006331746449483714,0.0263720052393814,0.17695287040751687,0.10752364889237627,0.1508744886269863,0.030728730011304918,0.030728730011304918,0.0005797949369403736,0.026945213000064507,0.04557486112952588,0.014884821742006317,0.014884821742006317,0.011968304864062489,0.019860830614194722,0.013894520338497331,0.10258853605122553,0.027225289639558514,-0.020012283282522587,-0.010119951004666831,-0.010101461940152455,0.014732257884521224,0.007882968834308736,0.006723077107465411,0.262791542208426,0.030656408875507205,0.7444393534817223,0.004888151541355779,0.006453236993902589,0.7300712918217205,0.01263498736193313,0.06832326208505547,0.06832326208505547,0.4426108785722898,3.0172764273954492e-05,0.0068620457472868095,-0.004208122499952154,0.4722600784677827,-0.0013584214971153355,0.6798310195827518,0.49980356503983275,0.7947711949641407,0.06581068106678466,0.005399139216467014,-0.022944975298933468,0.00131097366571568,0.9707270254220595,-0.0026706849271842213,0.9566190238066556,0.9575750461332495,1.0,0.9846284883840004,0.6040307795611066,-0.00028484107182522744,0.15827681827408716,0.9597972058135076,0.9284856678490518,0.9605029672359301,0.4854681884142421,-0.03504008186369497,0.7211191172547988,0.8199988462568173,0.8985233324491303,0.9452278143091052,0.05998773196246361,0.00017715642382168587,0.01719430683525804,0.04913572930702936,-0.004678309384399418,0.8434546146277013,0.015185594424073587,0.0008981580039526451,0.7084738519351792,0.0027129190880862434,0.0014227149902657423,0.007101805908164743,-0.004992252393221589,0.01585836337179869,0.02143387327220713,0.8270106691551422,0.0447563701698454,0.04655843422727885,0.02738056155233438,0.001992140859606632,0.026914029272757073,0.34560942903726005,0.04564990883609566,0.5260178831356569,0.01800940319138519,0.010275172098211287,0.0048238490377336615,0.015589090817880083,0.7113602865078147,0.047566245587739205,0.20222751466962935,0.027438238484762293,0.027438238484762293,0.027438238484762293,0.010654196443831884,0.005052601128816164,-0.004706592959911035,0.03054559541613606,0.027750613250244666,0.6915847385665022,0.5435830699718011,0.6834063113002722,0.08703042971529477,0.024652338587513777,0.024652338587513596,0.6670194209869326,0.6602347287089603,0.04086034727343454,-0.017355287105071927,0.0230641186919549,0.05826644615778339
HOUSING_FLOORSMAX_WAS_MISSING,0.0008787462180398069,0.10687481163113002,0.07827656792972604,0.10898156354020573,0.014503750881289473,0.13384986274552482,0.0223350105323357,0.0223350105323357,0.03055392249866852,0.016833179853085967,0.0398623037581184,0.026511342613836954,0.019503321866014556,0.019503321866014556,0.0019274246845762811,0.05285117540435484,0.03742346125446988,0.02680340520986146,0.00970594273775912,-0.007207929268034564,0.020337258162784446,0.037011910418828176,-0.005311423350706478,0.01721287580721743,0.018608958870586948,0.00657906256709024,0.02610329804469299,0.17599948552301647,0.10720245152138684,0.1500847592831344,0.030525612616595876,0.030525612616595876,0.0006917767767958747,0.026529376689783547,0.045588754670026675,0.014565103846724093,0.014565103846724093,0.01161842106768533,0.019715880274184968,0.01452529644200581,0.10079851373717914,0.02700260427376309,-0.02013925204093047,-0.010298723235514345,-0.01028141339919075,0.014508462416838102,0.007638434745830942,0.006620475565228849,0.2634933375737299,0.03028980122235485,0.7468457849351476,0.004369249381792343,0.006104546135670818,0.7400286370936618,0.012054712087079157,0.0692712818072603,0.0692712818072603,0.43773045238904723,-0.0002428326005224753,0.006613413836551529,-0.004744869182146193,0.46657098501552674,-0.0017509312532241648,0.684132878621975,0.4943483846035813,0.7969101789087035,0.06548275640173487,0.005352997914388524,-0.022223838302033602,0.0009403361215433832,0.9744286965515565,-0.0026544307092421695,0.9677831411761728,0.968901711393657,0.9846284883840004,1.0,0.5999846409773395,-0.00044521707326213944,0.15811333246588835,0.969178760958651,0.9251962966042523,0.9687847197277943,0.4804562343609985,-0.03561777670540412,0.714141408631476,0.8145760033523382,0.892988050669547,0.9492545289330732,0.05998768517460093,0.0001339528784408605,0.016767224937602826,0.04859306352675593,-0.00487378199110925,0.8357341263270269,0.015143136428534728,0.00041939225068197175,0.6976562443196836,0.0030043108067174325,0.0007742955412070121,0.007103379473744182,-0.005407075577229512,0.015717094752841387,0.0218642507243311,0.8215775144208614,0.044426590546693484,0.046848506692448416,0.027000293429229612,0.0015566610875864804,0.02661063263104702,0.341228182875742,0.045277743453306304,0.5195038919822084,0.017463299283813197,0.010492416307256511,0.004212724127835032,0.015268028050823732,0.7041207308149955,0.047340235174867754,0.20311682225810268,0.02778253890876384,0.02778253890876384,0.02778253890876384,0.010781240335400481,0.005321119855084001,-0.005311731408986349,0.030240139180093772,0.027731631421116034,0.6837178339806341,0.5367225565142982,0.6757042232523875,0.08659951854487413,0.024908556308446777,0.024908556308447335,0.6593074586806568,0.6524338150529577,0.04068238707241938,-0.017535249807922152,0.023279112076821554,0.05903827100184563
HOUSING_LANDAREA,-0.0016869646791627911,0.10505286906646412,0.0812817481882376,0.10158812208771958,0.029238048991870002,0.10522881197917483,0.05243140923869094,0.05243140923869094,0.02887969715345202,0.03355066272609435,0.04508589434281956,0.02591704802396672,0.09137163982804616,0.09137163982804616,0.012617979138632517,0.06568224094880735,0.02039499695857122,0.018432454000610127,0.009386426917117592,-0.0034165468574895775,0.014065013638657331,0.03493556265449638,0.025199634225391194,0.03514735643784417,0.016955054198634675,0.006808817698834651,0.014689517442344209,0.14238909532616198,0.06427005435004693,0.1231984805569805,0.0360114632515433,0.0360114632515433,0.00526154028587282,0.032470791657150326,0.04465899042417856,0.04025476619270057,0.04025476619270057,0.00953205413492414,0.007855854079311119,0.012065294603056501,0.08385684478276276,0.014094602001503694,0.02203304987830207,0.02886822237833413,0.028829611152622153,0.01064914445733017,0.000638600553928388,0.002194918347629497,0.21834223058667127,0.022966922423332564,0.5766084626796603,-0.00026779238990290606,-0.003852758763026831,0.5053044095035419,0.0006833975525822286,0.07490950562470601,0.07490950562470601,0.37187312139245393,0.0001999641245527696,-0.004298649925272015,-0.0048488915483640435,0.4128640557655398,-0.00040915456257099625,0.5163408361074584,0.49604026173075993,0.6028120283508608,0.05724364640493577,-0.011445915716969806,-0.019801879477138337,-8.528368913864714e-05,0.6235983927833051,0.0030154221637525773,0.584280524836977,0.5838664001629627,0.6040307795611066,0.5999846409773395,1.0,0.004169081835171793,0.16591449449370885,0.5870440490070933,0.6119665382079488,0.60128642867152,0.5677055779457565,0.01680135269798915,0.6187761392222638,0.5590699860824802,0.6211930304807501,0.5967727662708547,0.056112968560257194,-0.003853734487004392,0.009502035392041508,0.05046880458039627,-0.00479229163340852,0.6279910820684766,0.012631734723936618,-0.007669209402023755,0.5286660440808975,0.0028424714312010038,0.001061063490687892,0.005566723083680336,-0.0021087315282220824,0.007203808969275144,0.024794042933357366,0.7181774410789532,0.04572027346741602,0.3352971047547169,0.010254701787592439,5.4918042254535644e-05,0.008793513644839905,0.34772686036770667,0.04468852461371384,0.5206106113262102,0.010798630414629782,0.011076513460797351,0.0043687426118496995,0.009378990663686913,0.5477719214451944,0.03640991727547851,0.1459033705869134,0.027672274120048346,0.027672274120048346,0.027672274120048346,0.010235850856685588,0.010059831396218983,0.003271171501549771,0.02854496824675408,0.02624446913223381,0.5408823456139769,0.5054693842403789,0.5369621066684768,0.06811790636627382,0.02470245123187644,0.024702451231876168,0.5289346612028759,0.5307220031910658,0.019922348666106017,-0.018750392346799948,0.018995463279409992,0.043929270503179116
POS_PAID_LAST_6M_SUM,0.004295359939048614,0.03451544285663824,0.02295921945570977,0.03853510822722188,0.04549603178016485,0.007416699804724533,0.050243462369759836,0.050243462369759836,0.03954106958252357,0.04520136401875738,0.04828625527547659,0.057335537035952434,0.02718975474007112,0.02718975474007112,0.029062366584854636,0.0753673281074596,0.010064806268332352,-0.0437474880331342,-0.007977734290386588,0.03888794498307098,-0.1063717900516887,0.017227764987733048,0.005547943603483396,0.004717657713662187,-0.07546009626527542,-0.11204243526953153,-0.14999216413015704,-0.012834397835971992,-0.03233039493981655,-0.015034705733373545,0.1630402876393355,0.1630402876393355,0.015541342262317303,0.3193561203527868,0.07117245755199746,0.03503806287827495,0.03503806287827495,-0.10583683713992457,-0.21939000380910506,0.006045609315417753,-0.022488450091075352,-0.21897275467613975,0.010095324928581305,0.009499088000210857,0.009501464188774855,-0.040469556048726325,0.5984897753750252,0.6762664077663588,0.016615155350309073,-0.0013296139661184946,-0.004608532222324139,0.4852910573677996,0.20029734358044388,-0.003735684479351928,0.014411236286905797,0.016372274163967436,0.016372274163967436,-0.006599913000472337,-0.07254291370176218,0.18523133258313143,0.24215532627915856,-0.004196960199881433,-0.077395825476134,-0.0016691474478610327,-0.004621538139842391,-0.0025284254365901372,-0.01740354512797014,0.10894829498952646,-0.009325237847464354,-0.07261934998360152,-0.000679693417042734,0.5318141492957856,-0.0009386391801722219,-0.0009820282943946161,-0.00028484107182522744,-0.00044521707326213944,0.004169081835171793,1.0,0.021034265679467194,-0.0007964835941433294,-0.0003029549647487519,-0.0001653537305340621,0.004705557538538835,0.027587528295520896,-0.0023938376140249275,-0.002402586425115821,-0.0009799517183869855,-0.0006361009942155278,0.032569371651151126,-0.06302975138073429,-0.07997572274324845,0.15614473464560125,-0.005564588716886843,-0.001294807585046656,-0.18402578623360186,0.16668100643899,-0.0009389847031446339,0.023671910765617303,-0.07378393351987203,0.43766027601651075,0.231710850671251,-0.12043247707630043,0.04208251667193614,0.0003510481006843977,0.16783609884272208,0.015779224831923275,-0.02611593543403389,-0.10446974829837039,-0.03235172378542076,-0.003964713796797522,0.303264299479998,-0.0017244222966954477,-0.07771631511198265,-0.007871850755935486,-0.06717615034862544,-0.10563399451227555,-0.0015227643593248392,0.04182850589766679,0.007674788992815394,0.03780152419084287,0.03780152419084287,0.03780152419084287,-0.005939989933337762,0.031039717854537196,0.01092786699262778,0.0748718298664747,0.06132897632922439,-0.0009475342638474022,-0.0015771048438303638,-0.0014516094915107722,0.001621437536162394,0.03682002580346591,0.036820025803466105,-0.0018677078307653121,-0.0009555601497921023,0.03142175998560246,-0.003265182852475491,-0.09060060022223897,0.015545586009776572
REG_CITY_NOT_LIVE_CITY,0.0018845528415681364,0.09761241158997015,0.08463153154109951,0.08392263485093106,0.07099853041582799,0.04436792833241287,0.12021020587781345,0.12021020587781345,0.0458231243653847,0.09308588296236905,0.03599162164664901,0.0468984517163241,0.17599652614351977,0.17599652614351977,0.029501798384164595,0.09644004253750464,0.008325074965968366,0.011212444825825734,0.020311819122682262,0.015691735769883586,0.005621799952302723,0.02032158037045678,0.08900343393610977,0.06788952704429538,0.015772497277109197,0.007218696399974987,-0.0023690587700393945,0.04730136245577246,-0.009616236688010739,0.03861705995241935,0.057946082631852906,0.057946082631852906,0.016604032713043174,0.06297018889464313,0.059938639851927704,0.07833557004685988,0.07833557004685988,0.01145127587216001,-0.010514509450237538,0.01620745340124026,0.033832602867865595,-0.011577892390878069,0.09543038075521702,0.09217541176986178,0.09216566695557059,0.0073654903430675975,0.0011485352357626158,0.005647969078534291,0.4404092175875559,0.00328924194030057,0.13043568481860085,0.003585397803652601,-0.007950908131530144,0.13240576821914274,-0.00033934821735689133,0.07258030087826794,0.07258030087826794,0.0992882687251691,0.010593613177751014,-0.007145946424045162,0.004456105600975824,0.10038106883877734,0.009351234264500685,0.1444257222259285,0.10589490417370467,0.1359296743057804,0.011238276674091637,-0.02364258860744385,-0.019931869589302275,0.009367136030159508,0.16206023679992487,0.03943018494240704,0.16035757206938692,0.16048365668110523,0.15827681827408716,0.15811333246588835,0.16591449449370885,0.021034265679467194,1.0,0.15906819140283884,0.1533616666318186,0.1568517744522599,0.15659917963049094,0.07134046690591185,0.13384733506526664,0.13492484410293337,0.14865023388241178,0.15738659201048052,0.038088718508958994,-0.006279737229484322,-0.003260868370893706,0.03301164772574403,0.00247538580923345,0.14091781810497722,0.003011820096761478,-0.006851397337309691,0.11814126747797074,0.008334084366851402,0.004984450540201982,0.030719725640158926,0.0011343616917578602,-0.006530512623463484,0.026845148087557454,0.1369044202658008,0.02961084559155598,0.15320611002436035,-0.013586161676885193,0.0005146474265676185,-0.019856134955405554,0.0719995306966521,0.033474928014667775,0.11087570568347689,-0.0026848998004881768,0.008605440084999286,0.005374758125500466,-0.003081484845359651,0.12143788072733659,0.022265546632773473,0.028111842304170465,0.029646542421086212,0.029646542421086212,0.029646542421086212,0.008794594608001092,0.023284170658782282,0.007931960722937479,0.02444640855008788,0.02114317963011699,0.11790527702927181,0.11501100263725751,0.1159107657852883,0.0034825274099743635,0.027008314700219322,0.027008314700219516,0.11372718969937153,0.1140709347489569,-0.01054727481561106,-0.011995702534745608,-0.011322458394596127,0.04594772487776651
HOUSING_YEARS_BEGINEXPLUATATION_WAS_MISSING,0.0008093953542572471,0.10648134307856913,0.07776821980124783,0.10897049098852724,0.013690803261828087,0.13394906728405168,0.022661387709876933,0.022661387709876933,0.030151773151649207,0.01706536649840734,0.039347481227711166,0.026237239628519485,0.019126199595601606,0.019126199595601606,0.0019001168643833762,0.0528040389342536,0.03765726910802682,0.026950199018101008,0.009020067018635195,-0.007549052071843128,0.020472410034809894,0.036631323074557444,-0.005569483932027994,0.016771018902327704,0.01865431348990972,0.005972658813587897,0.026637686406087057,0.1740844105920024,0.10791299333677953,0.14861304200847575,0.030408784623916666,0.030408784623916666,-2.5616505253391114e-05,0.025496363933343074,0.04540952570400936,0.013792712960020683,0.013792712960020683,0.011722766900947644,0.020614234331581577,0.013620980248409959,0.09897632863082893,0.02741106341453071,-0.02099258712005529,-0.011072981108081926,-0.011057591655053088,0.014157050123766383,0.007853598138308738,0.006531293498200606,0.2654743491443288,0.030258376973509,0.7553744422138827,0.004193136145165581,0.005772049629572842,0.7835290777734483,0.012441682454482956,0.07103701699836598,0.07103701699836598,0.42672319952793986,-0.000782957590812543,0.005961273690217083,-0.005476303750432122,0.45608507829258316,-0.001966476497007878,0.7006719976958974,0.4939211128292023,0.7816086239364604,0.06493458619322116,0.004398538771539239,-0.022555758854218372,0.0007461828259314903,0.9779915905826722,-0.003116391397465397,0.9873848058624738,0.9880803457571387,0.9597972058135076,0.969178760958651,0.5870440490070933,-0.0007964835941433294,0.15906819140283884,1.0,0.9076197016885101,0.9510138052092139,0.4704874586222737,-0.03647887809215913,0.6993817118978676,0.7978212425317389,0.8743209885454996,0.9615788895681574,0.05953161924625182,0.00033660392132346797,0.01685208932708485,0.04821657610244336,-0.005891711798553558,0.8184254388730227,0.014664589234332314,-3.6994427042736756e-05,0.6803015524088561,0.0026879651829737118,0.000915010385389959,0.006819368295609172,-0.005469896893972523,0.015986077624965008,0.021412791133625517,0.8030158003418533,0.0441754595443452,0.046788255764257734,0.026899925758980724,0.0017320821354350577,0.02654049720781773,0.333535549115379,0.04482871083356625,0.5089216710088375,0.017261187750293165,0.01119166397355128,0.004306035954334974,0.01499081154522425,0.6884790150992409,0.047291025796541625,0.2047003711710996,0.027406009947607057,0.027406009947607057,0.027406009947607057,0.01136783440803177,0.005072141555698981,-0.005058248538113176,0.02954400954069004,0.02644158822089601,0.667814949298125,0.5261980942646864,0.6615390274153484,0.08597765283687958,0.024661353397338156,0.024661353397338333,0.6456427001092776,0.6396070633227786,0.040436381325386,-0.018012949593624036,0.022683823505571896,0.058626841042894486
HOUSING_ELEVATORS_WAS_MISSING,0.001411287988264153,0.10532806514403317,0.07662890009706598,0.10776177070765311,0.014076759850730139,0.13163584305752232,0.021043367298337206,0.021043367298337206,0.03013088506480672,0.015403487527423666,0.04098339414602733,0.02566054472343824,0.020016515608284012,0.020016515608284012,0.003183417751146963,0.05363231704530908,0.040284745397019636,0.02762992081297527,0.009307106856296325,-0.007620299985833304,0.01959673016537915,0.037627614108772606,-0.006182385567410476,0.01519386100087997,0.01844498965653585,0.006487497111438337,0.025172041392912497,0.17243208270461807,0.10748533483047035,0.14468235506810787,0.030035013296210656,0.030035013296210656,0.00013290268669621187,0.028067169193888415,0.04414113752064444,0.016103237062746047,0.016103237062746047,0.0115386781552161,0.01900287224158899,0.012900554358223905,0.10368824043958938,0.026572669850354804,-0.01980963427693248,-0.010192839973280183,-0.010168307995968323,0.013521561878158875,0.006714855015237899,0.005449185452213294,0.25369060242996583,0.029803606368401774,0.7314890807318642,0.0038914748908517147,0.005467803334633354,0.6783060239586388,0.009175571440184029,0.06493467763732254,0.06493467763732254,0.4691427960446963,0.002232924712055593,0.005620788166420739,-0.004171842188491553,0.5020903715877827,0.0004185127454371991,0.6565402027995465,0.5152954314953433,0.7826312788952899,0.06834053704531438,0.002706296490496381,-0.02185028957457005,0.003597372056743975,0.9432218715352443,-0.0036065380011201845,0.9020501118324235,0.9026765041011451,0.9284856678490518,0.9251962966042523,0.6119665382079488,-0.0003029549647487519,0.1533616666318186,0.9076197016885101,1.0,0.92401557389503,0.5026111014714576,-0.03278478635564426,0.7329594686112293,0.823834322008704,0.9047211212162356,0.9007650759521681,0.06004657916885209,0.0015895439279127197,0.016279087651777092,0.049498640416520405,-0.005122633502080388,0.8533120547542684,0.01504393952671034,-0.0004994295306167879,0.66773786644921,0.003071459802086611,0.0035924145364212724,0.006418097586769832,-0.004700586038608996,0.015308059593666485,0.020899499549926242,0.8315893449262908,0.04459725651749399,0.04460431201283713,0.0267492470721702,0.0035004603966175963,0.026438409891046136,0.36585460140376547,0.04582859495506454,0.554202567144581,0.016587180603141398,0.008288823969394492,0.005077840199900443,0.014666620598285971,0.7369261378532618,0.04774528106840237,0.1950502662005293,0.026397770336327075,0.026397770336327075,0.026397770336327075,0.00860845874003122,0.003980223266796216,-0.0036552565788852227,0.029477260623621354,0.027140236635274782,0.7232733557963242,0.5732969705027682,0.714786117803235,0.08744316944728672,0.023526239438022924,0.023526239438022876,0.7018088755284151,0.6926341685328756,0.03903026493125106,-0.017316850818624465,0.024336568773297842,0.05677892654828382
HOUSING_APARTMENTS_WAS_MISSING,0.0015239789947043495,0.10536022001327681,0.07719663625874774,0.1075908007508061,0.01386711535430797,0.13206175525775832,0.02161360474196672,0.02161360474196672,0.02891855324560377,0.016128317302476988,0.03980669702424153,0.02462980289170576,0.019203992182487584,0.019203992182487584,0.0016648283298736056,0.05222996853739197,0.03777930130834634,0.026487471359991157,0.008620319066176984,-0.007703882456511501,0.019608195631763584,0.03725415163838173,-0.00581765659196881,0.016206997044964196,0.018210255187682822,0.0053246834460228655,0.025646373194618544,0.17615034858518147,0.10551623124089332,0.14944822166681046,0.029788425700009908,0.029788425700009908,-0.0007515742634732718,0.026950592872757924,0.044276837476926546,0.013318744418250584,0.013318744418250584,0.011144046955226463,0.01939117188590297,0.013794889960219157,0.09973571753266747,0.026537425678624615,-0.020279406233607335,-0.010543565604130473,-0.010524224741463353,0.014218465460858256,0.007454844266086251,0.006351257311703185,0.2595687832589501,0.030336591806496366,0.7345273644779343,0.0038427090292145836,0.005964793622298448,0.7116645508447674,0.011461199458822392,0.06626869716290915,0.06626869716290915,0.4317439228978589,0.00034805792266930536,0.006056242250765191,-0.004263320982405872,0.4618133967533721,-0.0012148411731660747,0.6741619613173729,0.49157082929247575,0.8199207797491134,0.06602189295536945,0.004334343923727824,-0.02214898638939113,0.0017286554600866124,0.9647451676972043,-0.0020545257492534438,0.9493337603255794,0.9499257836007573,0.9605029672359301,0.9687847197277943,0.60128642867152,-0.0001653537305340621,0.1568517744522599,0.9510138052092139,0.92401557389503,1.0,0.48261023276082365,-0.03502623339270901,0.7161507410486958,0.8150697957870047,0.8944777640838917,0.9347881455127518,0.059406040036280534,0.0008863319193101431,0.016260214160817636,0.04807354908800567,-0.004966221104240903,0.8377530210466992,0.014095500153134334,0.0003174917875622248,0.6828771196251735,0.0030235634600691984,0.002134842954877948,0.007674690134818183,-0.0049227603871862344,0.015118270988356582,0.021721375960805585,0.8234663685265878,0.04369641073060874,0.046427829310690526,0.026726940040472207,0.0018391692625704657,0.026331088480593467,0.34329066532721836,0.04491457401862294,0.5258318344193553,0.01684026761558517,0.009879544665846653,0.003973916047307168,0.014524689717876573,0.7061184474336599,0.04617919922356841,0.19949328163613403,0.02670833590039166,0.02670833590039166,0.02670833590039166,0.010470156351937229,0.004475574294163603,-0.004015543646659302,0.0291182351693237,0.026472297671840478,0.687961037572052,0.5436814949143949,0.6833292337112047,0.08582328114987542,0.02393940998752201,0.023939409987522014,0.6707899962231473,0.6597892579546897,0.03939127613310936,-0.01812067987713379,0.022403407767369963,0.05684178538941534
HOUSING_YEARS_BUILD,-0.0008820159039077981,0.09553168875220726,0.07445587593992875,0.09163992477181929,0.03345018085829901,0.08296603678817914,0.05529888892378426,0.05529888892378426,0.02642437456480713,0.034875453328649476,0.04924775723986535,0.02752531625611993,0.10006366265469774,0.10006366265469774,0.014499729724666193,0.06581304731896907,0.01491739905219389,0.014924362625567678,0.0076243136204539,-0.006070664697063658,0.011402149156602665,0.03942982545185319,0.03727815396883083,0.04519497757342322,0.015344380445559169,0.003737402556179012,0.011346878348386387,0.11552584537033758,0.06940879387608956,0.09605199248465171,0.030091681137021525,0.030091681137021525,0.0032681180026495633,0.030234822041753942,0.04689280424792791,0.03890641404473928,0.03890641404473928,0.008613025959238746,0.004490046876007293,0.013327821343092974,0.06750621346464412,0.010780119025357672,0.034398983286724964,0.03910634566375637,0.03910559098333597,0.009493487869875016,-7.812282920143791e-05,0.0016184309045245268,0.18472922535222117,0.02566558915665175,0.43646735910899703,-0.00034328780489212464,-0.006274481041191305,0.4213561737025023,0.0024799816668292303,0.011458207278728812,0.011458207278728812,0.37705853933861444,0.0020584146461521554,-0.007203607026027438,-0.004497894013180626,0.3641319465529509,0.0012056572765257974,0.6876279378105089,0.36423866190017445,0.4386604193401665,0.0670592111539672,-0.017057633754522603,-0.022009939465016438,0.0018437446795859366,0.5095620789426465,0.003991581162399825,0.46802445067091886,0.46818306827141254,0.4854681884142421,0.4804562343609985,0.5677055779457565,0.004705557538538835,0.15659917963049094,0.4704874586222737,0.5026111014714576,0.48261023276082365,1.0,0.0385793701654634,0.4739035636950808,0.44031570357433036,0.5034935607020632,0.4783735012803718,0.06231768975314329,-0.002563375193740523,0.007871293493029938,0.05505621009356031,-0.002839562225317244,0.519437679944264,0.010307041523253546,-0.010856861547109603,0.36370890069469564,0.008847764857439157,0.0014622667963800173,0.004986760383685885,-0.001760832429627823,0.005703721749009037,0.027045630533040318,0.5079299663739653,0.049002564737294474,0.40846835188292147,0.006397404832199762,-0.0002977314418500243,0.0039307977485377975,0.41885914432935006,0.04378426616099767,0.5519556883242192,0.006757659244335203,0.009355752332993936,-0.0003943260760410656,0.005254813732851719,0.6633742945970038,0.03110909977733164,0.113281156282276,0.02867450881277538,0.02867450881277538,0.02867450881277538,0.009824345636917755,0.012888745572302478,0.006590432471417357,0.031015755174074337,0.025978500963130046,0.6344866437516218,0.5637248371942702,0.627832639456287,0.07710942805440872,0.025865881080350848,0.02586588108035131,0.6149063271204301,0.6023952076694526,0.02108284027735143,-0.027397796526786932,0.01661797017588921,0.03594622078709305
NAME_FAMILY_STATUS,-0.0025764827595295965,0.09155450842677305,0.07659916761234836,0.08230825751524998,0.05724348355442681,0.03913480562899724,0.11485523753986444,0.11485523753986444,0.019533656186316025,0.084398264965332,0.06837103869600433,0.026493529535944676,0.2511749457168643,0.2511749457168643,0.01597405978227067,0.08586258193942775,0.031176846997614336,-0.0032039740451871392,0.027086420278336576,0.018529044518703117,-0.0004869484315201498,0.04708462766250941,0.15305474653553935,0.13530603238364464,0.01123931694271144,0.004792432277199701,-0.008934416602667795,-0.01980361484608906,-0.02903399670319405,-0.0177674347170992,0.05049252509770999,0.05049252509770999,-0.0061700634016474834,0.06104002384211892,0.06997515446159427,0.09504933751167333,0.09504933751167333,0.0103702981999718,-0.020292620165173646,0.011426715261316006,-0.008001547342884802,-0.02570567919387267,0.17141485577230983,0.16847395686053213,0.16846901294623065,0.006269873706988123,-0.00019975667762970616,0.006431517022687192,0.06602372651788124,0.013142300750014432,-0.029052408737536558,0.0040497048583174634,-0.017548004590576923,-0.028272385271320755,-0.006178717780338398,0.06819269034090446,0.06819269034090446,-0.012366787827140095,0.00498338674893773,-0.018856372839079368,-0.00038529941630703455,-0.013318064410820106,0.004560986307190961,0.0028456243630161967,-0.015193878199576964,-0.03183265635736668,0.04905237886660689,-0.044234484726870055,-0.043574128440256335,0.0029725625073368836,-0.03665094005817727,0.06288151158487136,-0.03709084381291124,-0.03728890714310549,-0.03504008186369497,-0.03561777670540412,0.01680135269798915,0.027587528295520896,0.07134046690591185,-0.03647887809215913,-0.03278478635564426,-0.03502623339270901,0.0385793701654634,1.0,-0.02343542398504823,-0.032786211479387393,-0.03264091260295218,-0.035821430726602536,0.07074753778594636,-0.004102545306464857,-0.005150731897247997,0.04733118329707925,0.0020954808590323715,-0.029763598214352725,-0.002846482083546304,-0.0160494217746323,-0.022953371612122436,0.01600717958795054,-0.003067491650341908,0.04655163799966257,-0.0029299119745011533,-0.011821442891205203,0.045710708780508466,-0.030655938777004565,0.04030314988796947,0.12270573782850284,-0.03873186212351045,-0.00651847683762731,-0.04315568659131338,-0.007700666183925271,0.029185919134200537,-0.01730708921893178,-0.00672675178950012,-0.005169643313503715,-0.007561596503443756,-0.009402768074091383,-0.025330871737936772,0.02383112686614776,0.025489913592078195,0.04481895638057151,0.04481895638057151,0.04481895638057151,-0.001985450069167885,0.03598892926820013,0.028626884300506417,0.03193925609740177,0.028796023054868305,-0.024382032337409314,-0.015010510206960408,-0.023743774227240246,0.0020149477245199813,0.0429457980019485,0.04294579800194707,-0.022709262218551695,-0.02391432826420406,-0.005503743523245103,-0.05409742014641902,-0.03261384842513811,0.030708997574139304
HOUSING_BASEMENTAREA,4.637602980892016e-05,0.09041101791398294,0.06542246096288672,0.09342027549256034,0.011578539673513763,0.1108840055014209,0.024421301154607396,0.024421301154607396,0.024013287637414966,0.018527085604102437,0.040822406048766115,0.018395501890470966,0.022392184462548283,0.022392184462548283,0.006069860942973367,0.04632312040025943,0.02594090733774998,0.022947351007276354,0.009616191184086846,-0.005255416079346984,0.016331303046968386,0.037179125526252875,-0.006137201127072481,0.010488841915559774,0.01616827479494929,0.009631425656862161,0.02178339648295743,0.16303739939449977,0.09588226575449947,0.13285068250484564,0.026669034924202018,0.026669034924202018,0.0004619697436596492,0.02021944570762925,0.03602349857188686,0.015494208672686516,0.015494208672686516,0.009666217693874154,0.01670619434075242,0.010199269188601147,0.09373526290199108,0.02404014250781169,-0.015252959689302818,-0.00595587012377174,-0.005919272609887114,0.010657839695285422,0.0030322075781890226,0.002265967216014419,0.21586487732022466,0.029824544534300276,0.7247311280380605,0.0005594268610922393,0.004129493326994718,0.6323208310995498,0.007893296549246065,0.0657724014732909,0.0657724014732909,0.4560034696674633,0.0001426992725391711,0.003834555361879998,-0.003766515253527471,0.5222096318092888,-0.001216970427693392,0.5177255678278148,0.6252041498470167,0.7455527898690454,0.06229684230764039,0.0028255190610741313,-0.019794759191325395,0.001838778868469302,0.7443726804948125,-0.00853028257458127,0.6939999206438526,0.6933418601965429,0.7211191172547988,0.714141408631476,0.6187761392222638,-0.0023938376140249275,0.13384733506526664,0.6993817118978676,0.7329594686112293,0.7161507410486958,0.4739035636950808,-0.02343542398504823,1.0,0.6884743713996483,0.7395175857894923,0.7108368300460737,0.053590400254589075,0.002167880221489907,0.013997943756400658,0.0462493322803694,-0.0053294200315168435,0.8560315640856412,0.016460055793270253,-3.4185761071473644e-05,0.6667532210638247,0.004352275551660869,0.0016697528495562956,-0.0003216609541531121,-0.0024934925748814844,0.013292841559020278,0.01841696411228403,0.7381467445124641,0.04201957393180691,0.04774462281016181,0.02340117847488163,0.0018840573606165396,0.023201270854401216,0.41615468060966854,0.040769493479558494,0.6346291345078533,0.014344313684374983,0.01031440007402027,0.004724933724093745,0.012060020858246522,0.6662106496238152,0.03884370612008923,0.16298040781564538,0.022922818397114863,0.022922818397114863,0.022922818397114863,0.011504702627719162,0.004153641258314869,0.0010424006048266772,0.0257034032803344,0.023307398449073327,0.6531427611382091,0.607267762538726,0.6465382734786068,0.08270065007677273,0.020645684415560694,0.020645684415560302,0.637989234692487,0.64131717622223,0.03561126451931886,-0.017083168625205702,0.027038435841359447,0.04422890609197281
HOUSING_NONLIVINGAREA,0.0007772916882148011,0.09564038661995958,0.06928820592661218,0.09778770257194946,0.011177915546608696,0.11994366718067413,0.018714781252129137,0.018714781252129137,0.026277918802672755,0.013712184211513736,0.04005303161586332,0.020872232670977105,0.013440769699408264,0.013440769699408264,0.004273149659891629,0.048318417308470966,0.04066792676675729,0.027611770741073,0.007046434614507632,-0.008072965831269424,0.01786662702959835,0.039338068802526424,-0.0070947663588573715,0.01391511981655282,0.017449186421959226,0.005704798895849813,0.023304803680097793,0.16117309611530165,0.111229717897936,0.1339310417585349,0.02757768364489158,0.02757768364489158,-0.0007424352668038284,0.025110026567034583,0.039386796635612384,0.012421684613164475,0.012421684613164475,0.01036636685157695,0.017530668813906813,0.012125085518437684,0.09668657438881338,0.025616468177822774,-0.023638417482463574,-0.0146740461502678,-0.014631625455557424,0.012365505208934454,0.0033314007714277992,0.0025292880697385376,0.22817254767358303,0.03169996612977685,0.691451772703421,0.0013526208209007622,0.0033001554545803663,0.619378679136179,0.010628023625948233,0.047411943885846006,0.047411943885846006,0.44343660864084006,0.0013907085425299089,0.0033976222204726136,-0.004432796569991856,0.465442792206393,0.0002657850702442011,0.5842670373644304,0.5089693401728538,0.7227461792691667,0.06997936235950117,0.004428190914659711,-0.0222106167793774,0.0029141180790814144,0.8442540169257305,-0.006574053481096524,0.7938804822450176,0.7930731700876018,0.8199988462568173,0.8145760033523382,0.5590699860824802,-0.002402586425115821,0.13492484410293337,0.7978212425317389,0.823834322008704,0.8150697957870047,0.44031570357433036,-0.032786211479387393,0.6884743713996483,1.0,0.9122768442430083,0.8177827500598271,0.05804504625206294,0.0014516485763155361,0.014408577249435764,0.046342233365846176,-0.004831330240189623,0.7836953397585301,0.015201432827122026,-0.0010296870792199347,0.6099538943543898,0.0031323356085673046,0.004165491325884312,0.004060743323314497,-0.006907257701104903,0.013157673670024328,0.01854926572081632,0.7710556736270006,0.04128354061722355,0.042053253001877504,0.02769041516459081,0.003937770006167458,0.026979389824078888,0.3532139472173608,0.04442269418751895,0.5220571187221276,0.014588788100692874,0.009560103648504925,0.007937213477155097,0.012822477281170093,0.6667961960898808,0.04311646957678727,0.17677407104602585,0.023367191217647798,0.023367191217647798,0.023367191217647798,0.010163729110249717,0.0031024883928258452,-0.000479331139878269,0.026661394760158594,0.02370823613485776,0.6536919377352078,0.535236958038097,0.6478681290771066,0.0918661627703933,0.021260240975817146,0.02126024097581652,0.6417710583361297,0.637054245562066,0.03705854034761604,-0.017704509375908922,0.025873032922454364,0.04795997842193127
HOUSING_NONLIVINGAREA_WAS_MISSING,0.0007529086067819074,0.09838309951376237,0.07133638439472033,0.10059454287722334,0.012323140615440594,0.12273222012216096,0.021768420666547543,0.021768420666547543,0.0280434525817685,0.016404117964478607,0.03995948916012899,0.023469201377948196,0.018915310243580712,0.018915310243580712,0.0029913110257135398,0.052573773111552737,0.03930894854118525,0.02637412480650397,0.008282165810816599,-0.007849908947605733,0.018768537038585022,0.037795964020702046,-0.006458997623249584,0.01439068581673347,0.018041689845480234,0.005682800166620283,0.024443082572715696,0.15991232400276165,0.10321674876125328,0.13084829700563963,0.0300532022826779,0.0300532022826779,-0.0015576360566460627,0.029230767473303165,0.04321475535961813,0.01481120553477334,0.01481120553477334,0.010835126996423425,0.0179332014383594,0.0126755041714871,0.09015151706441699,0.02531962260732065,-0.020109245123628845,-0.010671630736620403,-0.010643136653499153,0.013690122373513003,0.004789498638829125,0.003966537891179722,0.24908010996434368,0.030337345846185637,0.7024848669207813,0.002538865041272246,0.004855247165469157,0.6286895837498853,0.01085049763197678,0.06230715383084597,0.06230715383084597,0.43454257204463637,0.001450506398877442,0.0046885838957387484,-0.003906956870972088,0.4614560844231106,-9.204979078447631e-05,0.6258811664228601,0.5047052509997646,0.7539662681615995,0.06521909741349745,0.003586828231915763,-0.02392483425604579,0.003087571959790292,0.9260535013574855,-0.0033800796808587013,0.8699483607119645,0.8690697729757001,0.8985233324491303,0.892988050669547,0.6211930304807501,-0.0009799517183869855,0.14865023388241178,0.8743209885454996,0.9047211212162356,0.8944777640838917,0.5034935607020632,-0.03264091260295218,0.7395175857894923,0.9122768442430083,1.0,0.895941693749056,0.058641804466383944,0.00043156600515990124,0.015881420240978914,0.045890464485653426,-0.005774011944705629,0.8653293194920922,0.014184798693693997,-0.0008901429420693894,0.6455021768706977,0.0036175068374617743,0.0032673792816736717,0.006191213391820352,-0.004552111641833705,0.014210713487242553,0.020558792604434103,0.8517298252198511,0.0416667063321335,0.04108107369826331,0.02619774892254624,0.003316763043593981,0.025912586705052476,0.3686691210239036,0.04611865016254757,0.5623630257513539,0.016136136171071506,0.007485405943005424,0.006545838330363322,0.013656293920108748,0.7443722241616564,0.046213682089034265,0.19229168897938853,0.025413591014716262,0.025413591014716262,0.025413591014716262,0.007777303727322017,0.003638293967312778,-0.0013736392747128925,0.027368059084458884,0.02510476956365897,0.7314119515247377,0.5915990893628721,0.7266432185902499,0.08543799099498035,0.023023644678619372,0.02302364467861901,0.7216011760241255,0.7154695498517306,0.03839218079206608,-0.018731153098433227,0.023587742307636,0.05330312870897476
HOUSING_LIVINGAREA_WAS_MISSING,0.001401624604609285,0.10342471280821605,0.07529254329030358,0.10587790686703828,0.013148193613997593,0.12997239406218936,0.021718082679092445,0.021718082679092445,0.030346016415580736,0.01637526507607441,0.03795662397132506,0.0253337871788026,0.019031201891578423,0.019031201891578423,0.0018313367990433226,0.05301794737114288,0.036612453413943896,0.02703285916903676,0.009135054186144255,-0.0076800865728596495,0.01903705037469237,0.035623029629831965,-0.005693067645020214,0.01605995086966606,0.017737805420704026,0.00568198327808874,0.025144301505945904,0.16824837402565768,0.10548316311194916,0.14165704598573053,0.03061649340813095,0.03061649340813095,1.6405588436214116e-05,0.026841550948074784,0.04486375255255665,0.013197079913799247,0.013197079913799247,0.01106950943608002,0.01930451081903746,0.013325919214715968,0.08903509914531034,0.02631887800002774,-0.02055721883933387,-0.010882720306604188,-0.010864482752918436,0.013181560399592786,0.007418922547858881,0.006210335278986481,0.262279878569431,0.029135020766668168,0.7416124869403341,0.0039056469797403267,0.005977512286813222,0.7374819732512342,0.012299583012040063,0.06847954074571623,0.06847954074571623,0.42333021292878115,-3.1351863410739976e-06,0.0061724444697116255,-0.004809654536930121,0.4528060232035271,-0.0011833943054230312,0.6743041074577198,0.5104505098345736,0.7717429338000769,0.06320193959841156,0.00484001719035256,-0.02321433382943182,0.0014438320458831084,0.9688104074002142,-0.002721425502854881,0.9603477868178173,0.9605567083279054,0.9452278143091052,0.9492545289330732,0.5967727662708547,-0.0006361009942155278,0.15738659201048052,0.9615788895681574,0.9007650759521681,0.9347881455127518,0.4783735012803718,-0.035821430726602536,0.7108368300460737,0.8177827500598271,0.895941693749056,1.0,0.05839359956423143,0.00048591455930687257,0.016621884573580714,0.046277416222690125,-0.006543179991715474,0.8325591973343246,0.01424170075144271,0.0005693057537565644,0.6712671858742292,0.0033472677024251776,0.001543838524418732,0.006707544740391866,-0.0052137777127774804,0.015376247745748799,0.02109089839197947,0.8189163024235895,0.042154183242732464,0.045035247960593626,0.0257733070848188,0.002423302078377607,0.025679263238517096,0.34089423110075895,0.04474711800818522,0.521762899480864,0.016991888585205003,0.010479303149236155,0.0044191618055455725,0.014726466126928857,0.7034093909332529,0.04732376354685269,0.20217034030983044,0.026629651977112735,0.026629651977112735,0.026629651977112735,0.01050294211225494,0.004744435891918327,-0.003558704752573167,0.028142600656745526,0.02528595040667494,0.6833059045925153,0.5415525726836155,0.6788322926786019,0.08298350067886692,0.024084135049693638,0.02408413504969386,0.662686613060895,0.658111310864824,0.04011952849393784,-0.017252994909905128,0.022555857965419417,0.056072651094833066
BUREAU_CREDIT_SUM_SUM,-0.0004594847349125958,0.048645281022396306,-0.0742746925052148,0.18166942586654328,0.04597541434304714,0.0801728202482904,0.12175643676643612,0.12175643676643612,-0.003979865690235444,0.10968940694421994,0.06398017729533183,0.058964557801564656,0.029497034622809497,0.029497034622809497,-0.019029516438736734,0.27434677341231356,0.0198952005966198,0.030957799739211776,-0.05909999449793435,-0.04808676178372361,-0.0058688256828267485,0.05101985383348056,0.017593163900276668,0.008725910452862596,0.009380345131669087,-0.08511602536601738,-0.015195763013091335,0.014810477519234791,0.1202112587119111,0.009808052032117633,0.12237067622737567,0.12237067622737567,-0.11825050808339801,0.1297441008567149,0.6684005983092353,0.07700901200991295,0.07700901200991295,0.0038002558244462853,-0.032913476456842686,0.046079159914846214,0.010517417227668802,-0.03241807647120352,-0.038879677085787726,-0.04168211256665862,-0.04171560008905564,0.0062258476300520805,0.014289238513509479,0.024678255198113723,0.035134076089347654,0.008467970763686166,0.062220215445627225,-0.0005234494925800546,-0.05378366127726488,0.05881122932438699,-0.05049593492392026,-0.03722929446750434,-0.03722929446750434,0.05431204567217181,0.002746853282583864,-0.0538192570358749,-0.040131233084807476,0.05193007605658585,-0.00289722751906618,0.06858278689817203,0.05350991988489655,0.05827227702173707,0.5138867241029441,-0.0448933871101538,-0.32635358018473964,0.008855421847367111,0.06152573639337956,0.08060741902829358,0.059962078246680824,0.05994556316913058,0.05998773196246361,0.05998768517460093,0.056112968560257194,0.032569371651151126,0.038088718508958994,0.05953161924625182,0.06004657916885209,0.059406040036280534,0.06231768975314329,0.07074753778594636,0.053590400254589075,0.05804504625206294,0.058641804466383944,0.05839359956423143,1.0,-0.02856103806069808,-0.00011761433633581944,0.07862624196776576,-0.02820003646195961,0.05598267573254607,0.18674153259242338,-0.0529312443242852,0.04901817833550136,0.1972105665890052,0.010862631524587097,0.09476999153454865,-0.04487291910849756,-0.009699199943966291,0.7650572473588342,0.05382016753556678,0.07282314652253015,0.04888481178605131,-0.022814376636342466,-0.00226814831032339,-0.02912632964049315,0.03993054055728345,0.05511148630453921,0.047583911713499114,-0.003612128119362492,0.0035237445506017683,0.005555565499643262,-0.009323904553527513,0.051889608695025714,0.5061756452745607,0.01585002968606357,0.759750774475859,0.759750774475859,0.759750774475859,0.00697551006204543,0.6780458328871203,0.008268151892594609,0.03295680112445377,0.024651700033064654,0.049668345521293344,0.05012106594267637,0.049749342976270795,0.18188882587003405,0.7860028536369811,0.7860028536369866,0.0494171469027603,0.04923012382100123,0.5154250648634412,-0.5928417764648498,-0.04515666769521433,0.0020729889455820658
CC_DRAWINGS_ATM_SUM,-0.002309031978778781,0.026137871016144548,0.02880637941913015,0.01677733647751248,0.050886676664529264,0.0016574612561889657,-0.02175493419563725,-0.02175493419563725,0.034727788175957196,-0.008617500338119987,0.004570570167883106,0.027914693634182954,0.0006908946835080373,0.0006908946835080373,0.006702557622347599,-0.03220218525921906,0.08417467997441054,0.08404235638258861,0.04769405171559422,0.06187942977738792,-0.000850951505538074,0.03477470625932231,0.03281998343521815,0.02827423906824989,-0.03469261421583341,0.14115204209608417,0.0983426559700159,-0.019946887660117242,0.031400967945794556,-0.021989368295470105,-0.11698343079719113,-0.11698343079719113,0.04538595364057519,-0.16027544036032645,-0.02427497865189355,0.005823574340849947,0.005823574340849947,-0.015136413359298061,0.22780775256210536,0.004719251556274252,-0.013910731354433397,0.24640156632974064,0.03682263137027768,0.037766632775097064,0.03777061180376875,-0.04176271217874857,0.0019994612301182115,-0.015482482127465272,0.005107596090370016,0.05655444781718812,0.0031311321667225962,0.005032090830507452,0.057413595166834586,0.0023499247802620713,0.04068681715011666,-0.0006884119393686957,-0.0006884119393686957,0.00440551397090632,0.36928577422257014,0.05764986691827026,0.03190726655278546,0.0035809936716662836,0.3955330921225111,0.006450950555265734,0.004351858103473767,0.0027420301536237508,0.0036884312052059627,0.06934030966337142,0.06970566851572564,0.37884589711419814,0.00033056654579749094,-0.13386576650946225,9.861209564771412e-05,3.452274536189271e-05,0.00017715642382168587,0.0001339528784408605,-0.003853734487004392,-0.06302975138073429,-0.006279737229484322,0.00033660392132346797,0.0015895439279127197,0.0008863319193101431,-0.002563375193740523,-0.004102545306464857,0.002167880221489907,0.0014516485763155361,0.00043156600515990124,0.00048591455930687257,-0.02856103806069808,1.0,0.011127195452251363,-0.015007374730904152,0.21536517398575816,0.00019285143922636325,0.2065204144696988,0.05690020158480719,0.001368842696183154,-0.0047207311415712995,0.33838210666177515,-0.13778366008150794,0.021343359068578118,0.03170038789310428,-0.013479386567411699,8.049895498424008e-05,-0.11592512967101248,-0.013074487018660846,0.11938767298425704,0.42838139425369104,0.11252033077671443,-0.0002845233155095298,-0.32945800617553933,-0.000735561719519138,0.011364071727331322,0.01313477878789719,0.0923923322584628,0.023710158787606943,-0.002847753064096052,-0.03199545204158055,0.008687992926121255,-0.014266577962137825,-0.014266577962137825,-0.014266577962137825,0.009845993790415298,0.0014053555806014925,0.015644673282301364,-0.01194762906320325,0.037933113514143614,-0.0018230179027343846,-0.002295786807138093,-0.002415458224357015,-0.017180035931456644,-0.015793206750813256,-0.015793206750813565,-0.002699725949776221,-0.0033134685446880503,-0.028264145473465188,0.059809095613077366,0.16849124515027025,-0.01268680480672449
POS_DPD_MEAN,-0.001500097440191058,0.03817551007165552,0.03714601075177356,0.027602729981465846,0.04565346918443281,0.019944411597812715,-0.01470431626555247,-0.01470431626555247,-0.0015981502123124244,-0.01228518348420842,0.02574811847835399,-0.00452323780231235,-0.006241679764630937,-0.006241679764630937,-0.0033405477952515735,-0.037198777257347486,0.017576126121963215,-0.005913954321742054,0.05895472824481852,-0.0037186201826748017,0.5122040748513813,0.01973446119902083,0.0009716612390444116,-1.3670664141859107e-06,0.4657390859582545,0.07346367596055424,0.615536730255337,-0.004535426595438584,0.018496316404607176,-0.004987209979959573,-0.08060930595253295,-0.08060930595253295,0.0037460082192804704,-0.21422796057707463,-0.012305943843345343,-0.004288325146693407,-0.004288325146693407,0.42213351984812225,0.5162063547125115,0.022055506547843228,0.006345959732104931,0.48302661319725065,0.000902197909982533,0.0005563934894153425,0.0005760498701340658,0.49707450967929173,-0.015615059676394887,-0.02510756307554425,0.006428929446955534,0.020983641935783143,0.014043389303301174,0.007526308008051956,0.030269940488847732,0.01616315508503975,-0.0035804898447633756,-0.003674276593946656,-0.003674276593946656,0.013446414274079053,0.030973004919168955,0.026276977544789554,-0.047175749384142374,0.0138363573440188,0.035853468537658674,0.011554502076631295,0.010951928774568617,0.013945129947373071,0.012608904338458689,-0.041258684894813116,0.010678181783200213,0.021503255947925307,0.017264462874638883,-0.12938809373070523,0.017211632914527628,0.017191738642160368,0.01719430683525804,0.016767224937602826,0.009502035392041508,-0.07997572274324845,-0.003260868370893706,0.01685208932708485,0.016279087651777092,0.016260214160817636,0.007871293493029938,-0.005150731897247997,0.013997943756400658,0.014408577249435764,0.015881420240978914,0.016621884573580714,-0.00011761433633581944,0.011127195452251363,1.0,0.013503779360390298,0.035788458873630656,0.014993403313652103,0.025957203495572838,0.018457518403833757,0.01093193902476263,0.009559544198088387,0.014556510204424227,-0.11785185727077824,-0.029758363485994668,0.9081886631223938,-0.005746700663058627,0.014373376755010474,0.006699223598194368,-0.0013767839291830117,0.035469952339012976,0.028836415034070213,0.03427280260141751,0.009473238787982974,-0.09836170670236592,0.009465070562658856,0.7850831889992789,0.02618841145180054,-0.04242794461670493,0.7192865747389112,0.011596278409196392,-0.0037852457278048385,0.010208438422086555,-0.0039702880102408,-0.0039702880102408,-0.0039702880102408,0.021725128535858344,-0.001666254593959619,0.007562633069180778,-0.003718722002491744,-0.0035803942170238357,0.011023252191109318,0.00862467710044506,0.010837316388496663,0.009185047153328673,-0.0037538376372087626,-0.0037538376372088108,0.01001489932758686,0.01108924489331284,0.0031359412656273853,0.0024239406343163055,0.03387092655909269,0.01648287789296346
PREV_AMT_APPLICATION_MEAN,-0.00017660390320894335,0.08924819828607303,0.07149307296430824,0.08428907690060418,0.01730866300241225,0.08232069206270758,0.06430980063828654,0.06430980063828654,0.020467506504038602,0.03726189876811035,0.09063197944073702,0.019402743339517022,0.10386881855391669,0.10386881855391669,0.046710550968820895,0.05423139181885601,0.03886125279428212,-0.1498378457737872,-0.13328576491338173,-0.04022057981870814,-0.014383961550836202,0.06371281000114622,0.02103371162291627,0.0625509134182757,0.03666679750602886,-0.1919008636873674,-0.013828800510924692,0.07842523080266857,0.06627329093654101,0.06863395532354026,0.05264421305584983,0.05264421305584983,-0.004725964492820402,0.011598310875106417,0.034739061167984996,0.021988483438295663,0.021988483438295663,0.0037223621398255447,-0.06785677085597494,0.011885657552833944,0.08006384172846426,-0.07085052657728742,0.02215241560931295,0.026351149273711467,0.026344586941710456,0.02160598671025,0.031745069879917334,0.06891410700603424,0.04131698818342463,0.03632881132921354,0.06230183044421699,0.02643968375938563,-0.10216580490668083,0.05921366610566661,-0.022496493962106314,0.025533504067392014,0.025533504067392014,0.06865517329053022,-0.03085320059918833,-0.10957976756641663,-0.0683953658109446,0.06543445512610993,-0.03188849269316203,0.05582869254351006,0.05619095838205823,0.05394065226205015,0.11155963338804187,-0.2923714863730702,-0.03161172447028917,-0.03708896632595015,0.049894631995707456,0.22065768737668592,0.04859749947977365,0.0485960219284548,0.04913572930702936,0.04859306352675593,0.05046880458039627,0.15614473464560125,0.03301164772574403,0.04821657610244336,0.049498640416520405,0.04807354908800567,0.05505621009356031,0.04733118329707925,0.0462493322803694,0.046342233365846176,0.045890464485653426,0.046277416222690125,0.07862624196776576,-0.015007374730904152,0.013503779360390298,1.0,0.017312426129505645,0.04508758747262616,-0.1627002850523724,-0.1055469737351315,0.03926739420366139,0.027527751540295322,-0.042791572575708446,0.19083643676978215,-0.012276342327558578,-0.019008301377270963,0.010984918747746179,0.03864466884384837,0.8717588567231426,0.04795214843899856,-0.012163643896130259,-0.07379018667633573,-0.008572064300063232,0.04901768569670608,0.15081065096756696,0.04396595167419782,0.013408284361315689,0.004310651904025361,-0.061308229359649385,-0.01144291032885153,0.041378387467732355,0.0393802216473101,0.02458527391584804,0.016349852081244346,0.016349852081244346,0.016349852081244346,0.007206650354850194,0.0027006528605910602,-0.0019385222669583311,0.2308114202912129,0.19958261695165336,0.0407361026437415,0.043214757694457775,0.038652130202186226,0.16057387537676285,0.015020253285032377,0.01502025328503215,0.037348651385534705,0.037872068529472794,0.01121230974528614,-0.04563762761257578,-0.10005011434892079,0.04194956390911791
INST_DAYS_ENTRY_PAYMENT_MAX,-0.0014751233273665061,0.012008484248277008,0.018214474529313924,0.0014523374712117694,0.022406265862401395,-0.0015670827693852587,-0.012139193445071224,-0.012139193445071224,0.01437243921835597,-0.007702441481792373,-0.004922438914666078,0.013338663715565418,0.02147075321881455,0.02147075321881455,-0.009437339820070969,-0.020145280305903342,0.04813672463525098,0.006853400788226903,0.027023104177514096,0.029999838657870835,0.06887543089814903,0.009021690673471403,0.03665974468474174,0.0255061334758956,0.052001095863777505,0.036910382138903,0.07812102269321704,-0.011235032170552717,-0.0019942781886178053,-0.012229469711827659,-0.07746604514824824,-0.07746604514824824,0.022217456658928044,-0.10317954475111978,-0.019573584352682298,0.007288395855666516,0.007288395855666516,0.04406073638665197,0.10605314763955896,0.004477873839894037,-0.004498861229209232,0.10697581181642732,0.04108988154819054,0.041461398442904515,0.0414885053047628,0.015558844416789069,0.017611427844918946,0.013081488687201031,0.008542972546743589,0.02771920983694152,-0.005190823512882527,0.0332072364580959,0.04131759632738215,-0.003532565020158645,0.0199944796798854,0.008647549846890349,0.008647549846890349,-0.0004671897642177927,0.381187085507381,0.03731011684308508,0.02842621019772743,-0.0014772862582391158,0.35504993014684977,-0.0019228510006801844,-0.004509517633387896,-0.00449307899986223,-0.014580034628308982,0.022259323488778678,0.03228187852409098,0.36687484149754157,-0.005992141063665685,0.010015287477234423,-0.005265378535454317,-0.005395966861398411,-0.004678309384399418,-0.00487378199110925,-0.00479229163340852,-0.005564588716886843,0.00247538580923345,-0.005891711798553558,-0.005122633502080388,-0.004966221104240903,-0.002839562225317244,0.0020954808590323715,-0.0053294200315168435,-0.004831330240189623,-0.005774011944705629,-0.006543179991715474,-0.02820003646195961,0.21536517398575816,0.035788458873630656,0.017312426129505645,1.0,-0.006905751694057632,0.011920106426733548,0.021423905977927604,-0.00518243580535847,0.0008655940636533968,0.2847350983542527,-0.013065107226900678,0.014594777289496012,0.03770478214087028,-0.020738313044896137,-0.0065172276791763155,0.004386178867508285,-0.0026942722106271114,0.0958335239976817,0.264255876223737,0.08755765353618031,-0.001315818067500282,-0.09324262708323966,-0.003948495935043786,0.03393094486238841,0.003278044043835828,-0.07033893630741855,0.035276711683830446,-0.005794439774033328,-0.004448731643135456,0.00751388045030075,-0.01861500247389084,-0.01861500247389084,-0.01861500247389084,0.0009181572420338712,-0.011104760828719844,0.0007911302564197368,-0.1776733769226852,-0.0714215460551968,-0.005012702167657474,-0.004389346955273787,-0.005845324230612993,-0.027827283578455146,-0.019319314921581284,-0.019319314921581697,-0.0056852703837099805,-0.006670491093920857,-0.02830149883348042,0.035950425815207764,0.02662042774344258,0.01694944156787109
HOUSING_BASEMENTAREA_WAS_MISSING,0.0009526571817517544,0.08941333000427086,0.06326157547319006,0.09431720218234674,0.011472843185496987,0.11232046261600998,0.02273652775631281,0.02273652775631281,0.023854854119454493,0.01726040248730053,0.03827636971461765,0.021736828812300844,0.019896548845160185,0.019896548845160185,0.0029387519337026446,0.049565360002065864,0.019850846145489504,0.022094815249108484,0.007909879569060608,-0.0073584190253660016,0.01901469987175972,0.034409969214390955,-0.0072060287715873025,0.009781883636188584,0.01853774824497045,0.006581956895090656,0.023380431354093924,0.163608127453248,0.09338765889657247,0.1325632966226332,0.029642436522163033,0.029642436522163033,-0.00116796524125004,0.02428897243956403,0.041040428320955495,0.014042959267192203,0.014042959267192203,0.011061134455674913,0.017471760521142594,0.01077215825574663,0.08879813673268627,0.024527247486019043,-0.018299070429925148,-0.00905879491652381,-0.009023301279368916,0.013013676745214321,0.00402028745973141,0.003481055713860411,0.2346484996359854,0.028847878653779174,0.6670388274936837,0.0013056497744652106,0.003982589556210449,0.5931243616124444,0.009225536489711243,0.06605949055171242,0.06605949055171242,0.41555807291329944,-0.00035331792977292073,0.00413206522624495,-0.004685319657641954,0.442515424178446,-0.0020675147013404865,0.5742017797585643,0.48601635483443606,0.7154550270385722,0.061749047396741884,0.0029687164676253466,-0.022371269696429,0.0014730360874236504,0.8707181190556922,-0.004503990456262117,0.8126397363264297,0.8119057640926334,0.8434546146277013,0.8357341263270269,0.6279910820684766,-0.001294807585046656,0.14091781810497722,0.8184254388730227,0.8533120547542684,0.8377530210466992,0.519437679944264,-0.029763598214352725,0.8560315640856412,0.7836953397585301,0.8653293194920922,0.8325591973343246,0.05598267573254607,0.00019285143922636325,0.014993403313652103,0.04508758747262616,-0.006905751694057632,1.0,0.014366363775952757,-0.0012397949555336732,0.6137692217470018,0.0036175992819598587,0.0016284999035385158,0.0042298158329202515,-0.004952643618839817,0.014547172036624608,0.019841367541959972,0.8618644146332373,0.04127028467207347,0.03817779173496245,0.025723118877949935,0.0007272053561841726,0.025080117546059454,0.3890195393418779,0.04153902608972375,0.5873205038781935,0.015162830361270176,0.009534792815420221,0.005396985909885299,0.013380535561288341,0.7766377779963995,0.040994903498669244,0.17998509445079341,0.02460097532344489,0.02460097532344489,0.02460097532344489,0.009713733633951326,0.00398581577148294,-0.0007893271394383321,0.027389050552104735,0.024386354814870982,0.761455032021619,0.6206765319433238,0.7560307648117536,0.0811327931428745,0.022243243020498377,0.02224324302049785,0.7468502744993532,0.7467920396200596,0.041216247167433336,-0.020017943593258775,0.023429324267435322,0.05078392795185126
AMT_REQ_CREDIT_BUREAU_YEAR,-0.005394615814257235,0.052303275762933525,0.01033352382563318,0.08853597175852357,0.08451773468175974,0.02995448548030815,0.009171723984303532,0.009171723984303532,0.05262337533309666,0.01811048562365914,0.024755711008172976,0.03906963830122414,-0.0477731080748123,-0.0477731080748123,0.04822376415262947,0.04168949728373144,0.03434670215821489,0.19493270089223688,0.10134110479800097,0.2726208613430708,0.03675955035126745,0.04519719654191529,-0.004297086256117969,-0.01701117090244723,-0.023526221852586175,0.2934465779217724,0.07570155278104292,0.010450787046399507,0.07104184654475465,0.011313253481872523,-0.0796334088168566,-0.0796334088168566,0.0542622093148614,-0.1043528031309512,0.1477034866270697,-0.006968723298859881,-0.006968723298859881,0.01963905140681137,0.15005833262257162,0.020868391849184712,0.0089453374795127,0.19394349247822737,-0.036856205121209275,-0.03935942246909948,-0.039309837257698876,-0.007322936443770183,-0.07038455032587732,-0.10599354965689367,0.0016162735234579277,0.018990767355598515,0.01924695668105197,-0.0715470296962562,0.011379598949900946,0.017841646695735087,-0.014593864682235358,-0.019853740154869272,-0.019853740154869272,0.016902257378602223,0.11208140863320033,0.013869603850339973,1.0031369408335856e-05,0.017022375507824625,0.11657461635011042,0.020031361893618982,0.018059831364834203,0.017039055219866338,0.06281419073668107,0.17175123543242826,-0.013050420675256663,0.1228223051634518,0.01549785030828146,-0.3670492599140937,0.015137504153365415,0.015206170784765776,0.015185594424073587,0.015143136428534728,0.012631734723936618,-0.18402578623360186,0.003011820096761478,0.014664589234332314,0.01504393952671034,0.014095500153134334,0.010307041523253546,-0.002846482083546304,0.016460055793270253,0.015201432827122026,0.014184798693693997,0.01424170075144271,0.18674153259242338,0.2065204144696988,0.025957203495572838,-0.1627002850523724,0.011920106426733548,0.014366363775952757,1.0,0.02429495810378423,0.015696715236626645,0.05265952723861138,0.12913778756948632,-0.314861286246058,-0.001293952187752055,0.0632137550234303,0.20658263636673077,0.01421799964559716,-0.18069111296314883,-0.0015257971901079302,0.04793035633986768,0.1700208191330653,0.04420473728137409,0.009668338904687598,-0.11868496689390182,0.01116144660249729,0.026371610931604964,0.014148737141087747,0.32301555912553714,0.048672883067151194,0.009589658495032096,0.13649669801176398,-0.001124027624219957,0.24131260510370295,0.24131260510370295,0.24131260510370295,0.014395055770287803,0.22766199010399474,0.019580191999289114,-0.09548023080078945,-0.06529646138564996,0.00916410617886761,0.00976304056741179,0.009921862687704803,-0.0018433703626175248,0.2326339539930124,0.23263395399300468,0.009692614224776158,0.009113852846174686,0.1468560367650909,-0.07733906508388096,0.3958299827559948,-0.0627186930486493
POS_PAID_LAST_6M_MEAN,0.0015197659419718822,0.013517577756467062,0.0154072802178786,0.008842309849767267,0.03512780788343126,-0.003388921708666734,-0.0011088573695269956,-0.0011088573695269956,0.0347684461212737,0.008534586019125472,-0.018051276589340456,0.020271469515241197,-0.027905179858775837,-0.027905179858775837,0.029728977365035516,-0.010366373547629256,0.022079227947859378,0.10680711003754786,0.04336322451120085,0.06571289192792265,-0.00375277265269543,-0.015362784912660469,-0.009884675939025008,-0.010819375305915735,-0.04660758121433363,0.034737925141753986,0.0005464107208030841,-0.0018810465329914014,-0.010962775149644348,-0.001910007016770297,-0.002336639243579631,-0.002336639243579631,0.038822885135384046,0.042487515873457525,-0.026379748547384736,0.0020262633846909266,0.0020262633846909266,-0.04811615792255709,-0.0016299640836217005,0.002341982844553255,-0.0035282279893320305,-0.0077730968434117165,-0.00296366546163861,-0.0019233368437584194,-0.0018978030851367802,-0.003952487316032853,0.30339901276284037,0.2521380386346055,-0.00038469824833263743,0.004588539205950363,0.0005355328224287905,0.3387797622380361,0.6930952390672164,0.001609775118195741,0.052085498125703,0.008997171145378407,0.008997171145378407,-0.001189017561478025,-0.0016500795076181888,0.7258093287245099,0.4005871806441213,0.00028606757589180114,0.004421028576670755,-0.006444249099812884,0.0005743462622660737,0.0013595884404663003,-0.048275241203224274,0.2588954702398995,0.05639133384687297,-0.007848176284638844,-0.00032520861193654143,0.06057180327911843,4.0617310410224354e-05,-1.1994237910254643e-05,0.0008981580039526451,0.00041939225068197175,-0.007669209402023755,0.16668100643899,-0.006851397337309691,-3.6994427042736756e-05,-0.0004994295306167879,0.0003174917875622248,-0.010856861547109603,-0.0160494217746323,-3.4185761071473644e-05,-0.0010296870792199347,-0.0008901429420693894,0.0005693057537565644,-0.0529312443242852,0.05690020158480719,0.018457518403833757,-0.1055469737351315,0.021423905977927604,-0.0012397949555336732,0.02429495810378423,1.0,0.0014962496090454359,0.007539917205997238,-0.013797706140202294,0.006095875334870659,0.32844110815823985,0.002024533731553104,-0.01573544131272524,-0.0033145613416145294,-0.09105569646959774,-0.014865683212479304,0.021482777475355663,0.0003290479903689924,0.018550076052041956,-0.0012822891100648785,0.022408691641961877,-0.0024837829212378607,0.012274458843177327,0.0012068599509789703,-0.011289383492227335,-0.005615539931748915,-0.0036287839708509626,-0.013036661520944398,0.004598106460040607,-0.0173550028703734,-0.0173550028703734,-0.0173550028703734,-0.000179017544329002,-0.006525297891979844,-0.0022480485833244546,-0.02624486467220935,-0.010310947158702493,-0.00415507834450111,-0.0025658743892016346,-0.003873657326213869,-0.02650948130204416,-0.018713147662356936,-0.01871314766235716,-0.0037130834338583137,-0.004018548413553011,-0.012767492551544891,0.07089893723689887,0.0025557828358096163,0.0023351817497858298
HOUSING_ENTRANCES,-0.0020114390386238436,0.08490257774388225,0.06256169666428994,0.08633756785179304,0.01211785499201688,0.10680616088609399,0.021218840583830403,0.021218840583830403,0.02619196376839763,0.017368246513027687,0.031993720319665776,0.02055087782637979,0.016117413468141807,0.016117413468141807,0.0006983063455682938,0.040423603832377884,0.032951741038056606,0.02423664285597967,0.00900084742022965,-0.0035736213551298165,0.012626129546630938,0.029969315669496743,-0.006726666574278022,0.012734681660060235,0.011945973743134074,0.007890755649572551,0.018217266191528,0.14820598359088746,0.08325950106036849,0.1285597579520847,0.024904318905008892,0.024904318905008892,-6.954833500148622e-05,0.019942146398987108,0.035546595285672486,0.0145584578114707,0.0145584578114707,0.007059371374197922,0.014869638348142523,0.010711504419871211,0.08178349830517996,0.019710183254942858,-0.014897719613917094,-0.007225258316517609,-0.00720939787305223,0.007844023329779405,0.007433212579696908,0.005600476793864642,0.19914598319367346,0.024576014553256084,0.7171210291302107,0.005267723947875809,0.006960512656461994,0.6435282383185278,0.008344886604657853,0.06301980144981595,0.06301980144981595,0.38347855246676116,-0.0006455337058879376,0.006863206533498849,-0.003040791727613167,0.44966262920267785,-0.00117769298556894,0.5046776549388524,0.6410582491232367,0.7693514553417536,0.053840447987168236,0.0067676238912221225,-0.01764574185138524,0.0005124362668352076,0.6923653055486281,-0.005934715810197197,0.6776613387822799,0.6784168814510391,0.7084738519351792,0.6976562443196836,0.5286660440808975,-0.0009389847031446339,0.11814126747797074,0.6803015524088561,0.66773786644921,0.6828771196251735,0.36370890069469564,-0.022953371612122436,0.6667532210638247,0.6099538943543898,0.6455021768706977,0.6712671858742292,0.04901817833550136,0.001368842696183154,0.01093193902476263,0.03926739420366139,-0.00518243580535847,0.6137692217470018,0.015696715236626645,0.0014962496090454359,1.0,0.002558953375452946,0.0006554537025438089,0.0024149175456188565,-0.0016718149017377266,0.009722954354363053,0.017485325914535575,0.6014104431121172,0.03583871990902756,0.032303157301327864,0.02189710172451595,0.001307383814513696,0.021744755323343558,0.3039947791452841,0.034157086748336875,0.5177577744552014,0.010865885571973015,0.009850382147866,0.004970194624196162,0.008472373570688994,0.52023027224734,0.03699729787976733,0.15444871493708204,0.02286862865807027,0.02286862865807027,0.02286862865807027,0.011223201150003909,0.005474868124295115,-0.002187720755774402,0.023449159968801352,0.022261342605675517,0.5074995132912614,0.43966634944860716,0.4965920582666076,0.07036673597831822,0.020527628635657862,0.0205276286356584,0.4851000017886705,0.4851585308125571,0.029752856392959433,-0.013917178563860022,0.02191539314648065,0.042684201615619685
AMT_REQ_CREDIT_BUREAU_QRT,-0.0018848454610671547,0.029507280624710294,-0.010441270679787808,0.07204530244080383,0.05281209466199884,0.019830892033637783,0.02744336280485862,0.02744336280485862,0.03496339103169317,0.02618394155283749,0.03038870882950747,0.04311740256475842,0.006284980735370637,0.006284980735370637,0.043461332389210024,0.019270222014628878,0.006221204636972314,0.008487479453405212,0.003996857251443289,0.022364215143250436,0.017100429306933382,0.02162625537242152,0.006079647354872264,0.00368177827279767,0.020379399942997894,-0.009995849946475887,0.013376834988517388,-0.0030676307467913796,0.00818024649711905,-0.0031222344999555923,0.027845862736381677,0.027845862736381677,0.010535961848971065,0.01860374995212885,0.1625875992995134,0.029771267798654202,0.029771267798654202,0.013797672727698686,0.0037878553018782235,0.017087735051595606,-0.006688505026558579,-0.007128565585938362,0.004097405101026062,0.004250575347586959,0.00419938558409561,0.018562190435294102,0.02259967993487822,0.023266148978343674,0.009682686721427372,0.012430693269915088,0.0018770958454912316,0.022255605760600386,0.005858083230780233,0.002504897904798636,0.0022557516738669586,-0.00010584344223748164,-0.00010584344223748164,-0.0012671547849093707,0.01815857527030506,0.004333508085462866,0.007786732364344359,-0.0003433613656304812,0.017952580230113323,0.005375016636950704,0.0014706664641390046,0.001718952178577581,0.03616975492128176,0.006909119657430728,-0.0271000746865243,0.00928629584502741,0.0032433306526801617,0.05090395906269935,0.003078596931500918,0.0030458070910621376,0.0027129190880862434,0.0030043108067174325,0.0028424714312010038,0.023671910765617303,0.008334084366851402,0.0026879651829737118,0.003071459802086611,0.0030235634600691984,0.008847764857439157,0.01600717958795054,0.004352275551660869,0.0031323356085673046,0.0036175068374617743,0.0033472677024251776,0.1972105665890052,-0.0047207311415712995,0.009559544198088387,0.027527751540295322,0.0008655940636533968,0.0036175992819598587,0.05265952723861138,0.007539917205997238,0.002558953375452946,1.0,-0.0014044036980598354,0.03194276015933774,0.000987030909182662,0.005670128353849431,0.22167847566701232,0.002244395983347506,0.02393750741484556,0.01123646464845201,-0.02501041319193389,0.002731457985989229,-0.02576573108575286,0.00011298577670524824,-0.016606682371309505,0.0024223302972957734,0.0034462267439759396,-1.6493098791652417e-06,0.01102430675555409,0.004414332309114375,0.004058112978949147,0.1287158681298189,0.0067177189072997485,0.26518043914799794,0.26518043914799794,0.26518043914799794,0.0005046000985093716,0.2522980106229344,0.00245081808212357,-0.013958040678517216,-0.012576210673558595,0.0036091901757625716,0.0034019640898394,0.004355907329144661,0.02131734918848742,0.2579572017208502,0.2579572017208445,0.004710858928416294,0.003569214969731032,0.16233451127979817,-0.09942336912507588,-0.03916336604276414,-0.010555831868987002
INST_N_PAYMENTS_30D,-0.0036471972842278097,0.03314957307482966,0.031195242054361635,0.02609586302624242,0.043752911334544585,0.01432982153621995,0.0031451410415765167,0.0031451410415765167,0.013152136795602043,0.006396331674654032,0.014087598885776174,0.015890582799879826,0.006730730038567435,0.006730730038567435,-0.005918084559041617,0.008171091446370087,0.06119344405655545,0.054555950025820026,0.02350010799911553,0.04517528315867893,0.04631878062640181,0.03287207516372365,0.01987101831265633,0.01390930322258068,0.014412328952291711,0.09034311720571625,0.06561510063865895,-0.008126434486618983,0.009846957311060084,-0.008750838849821092,-0.02061242925143965,-0.02061242925143965,0.011910766870731148,-0.02926719973142559,0.007684147750287489,0.015851218044264384,0.015851218044264384,0.031490497150410114,0.12376347344623179,0.007531413159339073,-0.007072112200273781,0.1350470903435631,0.013422970832006978,0.013883999044111122,0.013894325823640488,-0.00232762538724117,-0.04773050886462367,-0.056022919243029545,0.002246131448275228,0.036431249849066295,0.0032052695626525298,-0.051348922690893944,-0.010527780996085218,0.0022446626739748383,0.023891636525188716,0.00294057815518593,0.00294057815518593,0.003843356460437057,0.7414338640753281,-0.009403530277109329,-0.010950219530752503,0.004093640386112671,0.6783376259572278,0.005500504026017646,0.0033821414154794516,0.00306962856220247,0.02325767382120065,0.038236110756547,0.01374464737068349,0.7958062573464117,0.0016454163253709429,-0.11196370120275718,0.0008248250783658806,0.0007804664770489298,0.0014227149902657423,0.0007742955412070121,0.001061063490687892,-0.07378393351987203,0.004984450540201982,0.000915010385389959,0.0035924145364212724,0.002134842954877948,0.0014622667963800173,-0.003067491650341908,0.0016697528495562956,0.004165491325884312,0.0032673792816736717,0.001543838524418732,0.010862631524587097,0.33838210666177515,0.014556510204424227,-0.042791572575708446,0.2847350983542527,0.0016284999035385158,0.12913778756948632,-0.013797706140202294,0.0006554537025438089,-0.0014044036980598354,1.0,-0.0682016550987408,-0.02072542708931834,0.03250739755667339,0.001727424237699098,0.002054112245724345,-0.05449964614764362,-0.0008999127017566927,0.08563998651745604,0.5604568067327526,0.07541893573268497,0.0016177838134027764,-0.16618384059507568,-0.00011635388283885005,0.020252516930066546,0.007262694047187282,0.08948444638243644,0.03127754676405132,0.0008703617984055521,-0.0063721301192193325,-0.00020860393302830302,0.0018186713167831373,0.0018186713167831373,0.0018186713167831373,0.005703855296941068,0.003106513546020409,0.009073285243981263,-0.2400693337310214,-0.24625133789580075,0.0007744745353165502,0.00048334788155982364,-0.0007903913032434467,-0.026512488905238125,0.0008076378118935139,0.0008076378118934592,-0.0009008155050441725,-0.0007686631833516086,-0.009852402514526825,0.0010225710379210247,0.11500404523252994,-0.010380321415076214
POS_N_COMPLETED,0.00445942079499824,0.028496536287588376,0.00959515371428373,0.042768106173705356,0.02807908091376202,0.01159977059356748,0.08636407961978464,0.08636407961978464,0.03677025050783725,0.07829186581430812,0.06916951751167241,0.09338784281149572,0.051203817330153785,0.051203817330153785,-0.017491113701400218,0.13015134077444396,0.024712276608796258,-0.01993132152270352,-0.022206321799404998,0.08755792326806357,-0.12089266924217099,0.0366250290561021,0.020690939097392377,0.013013119977151707,-0.0686517059810969,-0.27608227130539403,-0.19862617383385386,-0.017055115271787467,-0.05387301153850691,-0.022747112370547537,0.28310355691532124,0.28310355691532124,-0.017907559631724836,0.49712161595827803,0.15092447527937616,0.05630371109030462,0.05630371109030462,-0.11782561286531783,-0.306393928117047,0.00426353372288644,-0.041188649620604284,-0.34943010220886567,0.02220120532989258,0.02047667564098409,0.02048812167050231,-0.037431597907802296,0.24949924089127679,0.31810287403892895,0.02272737942900957,-0.000837955022323732,-0.006052636012436565,0.24799127615586072,0.062189454550355384,-0.005025251308209905,0.03337637078350623,0.00853174534078513,0.00853174534078513,-0.014796728496028673,-0.07719528521898293,0.0536223089462739,0.1367274918209111,-0.013341493039722672,-0.09923160557507123,0.00016379697260568714,-0.008730567925934124,-0.0017031164513513605,-0.0058118795720489575,0.06221461473707375,-0.07248626583428235,-0.07298344813164283,0.006419700285947323,0.8765237895441671,0.0064077018995679046,0.0061816151976347615,0.007101805908164743,0.007103379473744182,0.005566723083680336,0.43766027601651075,0.030719725640158926,0.006819368295609172,0.006418097586769832,0.007674690134818183,0.004986760383685885,0.04655163799966257,-0.0003216609541531121,0.004060743323314497,0.006191213391820352,0.006707544740391866,0.09476999153454865,-0.13778366008150794,-0.11785185727077824,0.19083643676978215,-0.013065107226900678,0.0042298158329202515,-0.314861286246058,0.006095875334870659,0.0024149175456188565,0.03194276015933774,-0.0682016550987408,1.0,-0.0047723044559956325,-0.1963389410087042,0.07086458665700865,0.0028383192065822354,0.18998899980870879,0.02597651349590676,-0.062472497150159956,-0.16487742798838392,-0.06942163588591818,-0.011336132137297653,0.2723203444048123,-0.006131690537095229,-0.11394737148913316,-0.01807785549823883,-0.12549260822809433,-0.16487255145842547,8.268287768864032e-05,0.07860632577713547,0.008649942789526023,0.07216259097105157,0.07216259097105157,0.07216259097105157,-0.01476938014548656,0.05257605597261454,0.019126645901715613,0.11357547631673678,0.08693362943247783,-0.00014811890142634837,-0.0026091201325367823,-0.00018326084880487201,0.009861659993290387,0.07414210397632431,0.07414210397632447,-0.0006836295262613607,0.0006858516359085076,0.06834248371791561,-0.06598495075350069,-0.4485757744490229,0.017504184207575647
POS_INSTALMENT_FUTURE_TREND_MEAN,0.001701608665043978,0.027341925806965747,0.027427615440627873,0.018301356856930417,0.040970979783211105,0.00032008091373889334,0.016990471554406642,0.016990471554406642,0.02108637365867942,0.014506693769162575,-0.00037831805528948853,0.005661168808662072,0.011702969295721611,0.011702969295721611,0.03863852763885934,0.008649337134151367,0.004126675020665138,0.019683504935703002,0.01813793978127526,0.05000728878869603,-0.0475802487839628,-0.007960944533891307,-0.0013901445520803908,-0.0006706274082540183,-0.06740682459181546,0.02162719722240355,-0.048685493836936336,-0.0015785569990632465,-0.022288470186783156,-0.0009260128551663504,0.03648886856835411,0.03648886856835411,0.03167759627280123,0.08130958353977744,-0.027954454249313507,0.008737191766171982,0.008737191766171982,-0.06960478855303565,-0.07203140063307165,0.004644130760173065,-0.001679083732643342,-0.0750864363720917,0.004891520789320583,0.006225559307355158,0.00620994107747488,-0.022507194520969546,0.30409503110032876,0.2618541774357387,0.003938425970549541,-0.004777317973308013,-0.0012432297304421887,0.3026248021747066,0.4843814777073098,-0.002094199764528674,0.02212592830639011,0.02702775132949933,0.02702775132949933,-7.103360791949413e-05,-0.012358442315794423,0.46228829420910983,0.31750796893020294,0.001221037642821735,-0.011787441390937401,-0.006009178558940287,0.0009743939005200078,-0.0018462087532927463,-0.03908644812692091,0.11202341657216569,0.041338611124573627,-0.01471537651172897,-0.005380276119172309,0.06209158110262445,-0.005905361536707449,-0.005921389030003845,-0.004992252393221589,-0.005407075577229512,-0.0021087315282220824,0.231710850671251,0.0011343616917578602,-0.005469896893972523,-0.004700586038608996,-0.0049227603871862344,-0.001760832429627823,-0.0029299119745011533,-0.0024934925748814844,-0.006907257701104903,-0.004552111641833705,-0.0052137777127774804,-0.04487291910849756,0.021343359068578118,-0.029758363485994668,-0.012276342327558578,0.014594777289496012,-0.004952643618839817,-0.001293952187752055,0.32844110815823985,-0.0016718149017377266,0.000987030909182662,-0.02072542708931834,-0.0047723044559956325,1.0,-0.05451046221401214,-0.012781139594010024,-0.005722688831654957,-0.0004074182910653122,-0.0020362411962948925,0.002227817357437507,-0.02822777161210203,0.00023399189826484588,0.0019941965274320383,0.09818798567316879,-0.0005269535422797988,-0.04266787832097417,0.003355886532120895,0.029802452290914914,-0.07338379374779992,-0.0019707530746087194,-0.010624127512629783,0.00354062273039871,-0.015189741355347602,-0.015189741355347602,-0.015189741355347602,0.0009263423805270488,-0.007104979243082204,-0.002088340000409478,-0.0012530321455472867,0.005911002166811975,-0.0012094289851599745,-0.0014928659732828219,-0.0015478546842838542,-0.017821131309887838,-0.017077480597210024,-0.017077480597209725,-0.0014752812643921453,-0.0013033853802671127,-0.019783656637822562,0.055133548592536614,0.02677880020461796,0.006948896708812799
POS_DPD_MAX,0.0010249582009084002,0.03601699294548339,0.03719682846955754,0.023802654278141287,0.046620726012883335,0.017911803219978803,-0.02488465842945424,-0.02488465842945424,-0.0037999485216163526,-0.019979825730797957,0.01883935601490038,-0.009670683083781143,-0.017209321558633958,-0.017209321558633958,-0.002709685075881772,-0.0496434345318004,0.016264603744142448,0.01441962688753351,0.06113863990480599,-0.013819032146132894,0.508566530124247,0.016779957002600106,-0.004240010017865678,-0.004761077182642611,0.4541834197364118,0.10682244423502632,0.6161942226417141,-0.003211008081568328,0.022070990866697154,-0.0037273153873765047,-0.10038126485830978,-0.10038126485830978,0.008054665365265883,-0.2530417227788159,-0.02495400562991222,-0.009658519532390424,-0.009658519532390424,0.4207541761239169,0.5475843221408099,0.023088999066938492,0.008649938683438472,0.5243596706298401,-0.004187291209889919,-0.004617742530934614,-0.0045988348827600166,0.4783904836449864,-0.037128017943469205,-0.05091054751331189,0.002678986038732767,0.021389273579562093,0.013919961968530507,-0.022133111525640417,0.009627037522997716,0.0155512466483361,-0.0030936419473425003,-0.004961701916034149,-0.004961701916034149,0.012430769147081579,0.04867511614664572,0.007529546068938097,-0.07492897615692719,0.013132384478231557,0.05667364336213852,0.010799861624713837,0.01026281612807329,0.013198290494927944,0.012611528805021905,-0.028967785379011297,0.02079417453545164,0.03984993131200662,0.016229949402506976,-0.21308905945383694,0.016356046068787,0.016338008129817276,0.01585836337179869,0.015717094752841387,0.007203808969275144,-0.12043247707630043,-0.006530512623463484,0.015986077624965008,0.015308059593666485,0.015118270988356582,0.005703721749009037,-0.011821442891205203,0.013292841559020278,0.013157673670024328,0.014210713487242553,0.015376247745748799,-0.009699199943966291,0.03170038789310428,0.9081886631223938,-0.019008301377270963,0.03770478214087028,0.014547172036624608,0.0632137550234303,0.002024533731553104,0.009722954354363053,0.005670128353849431,0.03250739755667339,-0.1963389410087042,-0.05451046221401214,1.0,-0.011380281142860047,0.01359184577906947,-0.024701526688748848,-0.006483004971752213,0.037100365513463796,0.06288008340884838,0.037419725554875855,0.009259340750407893,-0.15478359436907008,0.009952752568417026,0.7612737583053779,0.027972191973619397,-0.02063248256146437,0.766168489762122,0.011291893914516942,-0.01205614324310371,0.007521464164741579,-0.011011668171427657,-0.011011668171427657,-0.011011668171427657,0.022204118307244294,-0.006420621891784669,0.005961931142544712,-0.018215323348722258,-0.015329797708755689,0.010988416185294132,0.00893091146347782,0.010770360164880557,0.004477905101683152,-0.010808014603606602,-0.010808014603606132,0.010047735351154186,0.010694142474777462,-0.0032095728234806495,0.010649442404252713,0.0821395711555657,0.010668384065751558
BUREAU_N_LOANS,0.0007285606042320434,0.05489030337768166,-0.06998535411694258,0.19115671139756948,0.12055612755101892,0.0433820047474097,0.06830937292823827,0.06830937292823827,0.07743818523151302,0.06023820909121186,0.023317643685394716,0.09480294488949627,0.033599427339679126,0.033599427339679126,0.056048601482321776,0.21690014014415268,0.0007125107141572599,0.023749838815886663,-0.023548535609476572,-0.02268695340360335,-0.010589021384713442,0.013216734494865628,0.02424347576566313,0.005364691041425788,-0.0006532720018035495,-0.0392645478949038,-0.01844363715394723,-0.009651631611482143,0.03638109047876527,-0.009730307662663354,0.08436843599878195,0.08436843599878195,0.020546097208920148,0.09949258307749269,0.6998681039443456,0.07325912225223802,0.07325912225223802,-0.004380897563960024,-0.02803899852418867,0.05599359370852509,-0.013362225524433165,-0.0297084239493005,-0.0070281371478014805,-0.009571212625939391,-0.009637343698633477,-0.00013908086832424273,0.03505284468139439,0.04059269573335045,0.022229972063266667,-0.011558039302199511,0.016721485091554283,0.02360768667325107,-0.013371064767139156,0.016675600023012948,-0.03247989559372617,-0.0014321858603112622,-0.0014321858603112622,0.008885073447123585,-0.0026249156617737315,-0.01398246231987756,-0.0021527441145788254,0.009229885964204498,-0.007164633541745918,0.024063051851529155,0.013105170784089551,0.01792730334658221,0.17788408061357452,-0.004204436114225926,-0.11283134910147379,0.0016359509381716222,0.02202306005474403,0.06880904146316356,0.021774988492410986,0.021792654760209126,0.02143387327220713,0.0218642507243311,0.024794042933357366,0.04208251667193614,0.026845148087557454,0.021412791133625517,0.020899499549926242,0.021721375960805585,0.027045630533040318,0.045710708780508466,0.01841696411228403,0.01854926572081632,0.020558792604434103,0.02109089839197947,0.7650572473588342,-0.013479386567411699,-0.005746700663058627,0.010984918747746179,-0.020738313044896137,0.019841367541959972,0.20658263636673077,-0.01573544131272524,0.017485325914535575,0.22167847566701232,0.001727424237699098,0.07086458665700865,-0.012781139594010024,-0.011380281142860047,1.0,0.020862746052677586,0.011642765859306443,0.03291696602867938,-0.016331554459227317,-0.008097734700148322,-0.022515365933400852,0.00797464225079677,0.028398526811299552,0.014361279356576367,-0.009212303544411372,-0.0034709756441862667,-0.0015291300645990014,-0.012215528969212804,0.017386739390934724,0.5067379116670729,0.009993723840116108,0.8309132995015602,0.8309132995015602,0.8309132995015602,7.608455928393512e-05,0.7724245029525846,0.00478736489681053,0.010337283158265584,0.0071888657651106745,0.01625516088948915,0.015898922708801923,0.01679638855718883,0.04021831916852381,0.8596242958537204,0.8596242958537195,0.016880814264270853,0.01622791591970386,0.5268341183947206,-0.433631745828743,-0.02952198336882134,0.006391569142335674
HOUSING_LANDAREA_WAS_MISSING,0.0008721145081117811,0.0795769392446257,0.05527956272735785,0.08444192426868641,0.01060133812672664,0.09896571933817118,0.021343268467762636,0.021343268467762636,0.023004428395944406,0.016177743616893576,0.032773202547507575,0.021762141093223348,0.017730168377152338,0.017730168377152338,0.0007414120022153122,0.0493447907237568,0.016639026612621018,0.01986251912069514,0.00753278900802948,-0.007199281091876959,0.0183018175128761,0.029188112896736954,-0.008724242772989976,0.006775396783797901,0.017311470158938816,0.007154341655017192,0.02251292896762167,0.14039354878292717,0.0858353076513798,0.10836059438910418,0.02969000652433594,0.02969000652433594,-0.001510808631109316,0.023825592354119345,0.04124989575699743,0.012813509514134685,0.012813509514134685,0.010061683089579937,0.016924952331718486,0.009066962182563854,0.05531492888369168,0.024081130367261526,-0.018427419612648172,-0.00980021719781314,-0.00978000082841598,0.013151143658949739,0.003106447100902176,0.0026080435788852865,0.23107246905877193,0.024026269336057993,0.6444160788781497,0.001302393521155171,0.00241376590806525,0.5642930640697645,0.00862909921081969,0.06048711709436825,0.06048711709436825,0.38507693535733234,-0.0002992741571805195,0.0014031799259112028,-0.004948418022689544,0.4146188097457039,-0.0020043816687112244,0.5607838924791133,0.4590139159008943,0.6973058069448235,0.05650431829540429,0.0033651443594720195,-0.02164216017137133,0.0008240231865848991,0.8538215010576242,-0.004862520608404962,0.7981677401113038,0.7975932344200469,0.8270106691551422,0.8215775144208614,0.7181774410789532,0.0003510481006843977,0.1369044202658008,0.8030158003418533,0.8315893449262908,0.8234663685265878,0.5079299663739653,-0.030655938777004565,0.7381467445124641,0.7710556736270006,0.8517298252198511,0.8189163024235895,0.05382016753556678,8.049895498424008e-05,0.014373376755010474,0.03864466884384837,-0.0065172276791763155,0.8618644146332373,0.01421799964559716,-0.0033145613416145294,0.6014104431121172,0.002244395983347506,0.002054112245724345,0.0028383192065822354,-0.005722688831654957,0.01359184577906947,0.020862746052677586,1.0,0.035233762478992986,0.035873656631510646,0.025422248119572957,0.0011883195400695518,0.02501071462241725,0.37819301069279515,0.03921442717320262,0.576583049993246,0.015006044883931643,0.01011271040332506,0.005939011913278396,0.013601413112844376,0.7582225304208776,0.04096937791713285,0.1792256123740815,0.0254662553170102,0.0254662553170102,0.0254662553170102,0.009121624837497223,0.005999516464492219,-0.001581710601325267,0.02458072846607651,0.022104539343040186,0.7432274936113826,0.6068280664558,0.7417218297077708,0.06879310720011718,0.02367694836307747,0.02367694836307772,0.7309361918698775,0.7313422017945348,0.04038492787703754,-0.019573306435224914,0.023464811293022265,0.049657617612051244
PREV_AMT_CREDIT_MEAN,0.000459330675833865,0.07805120459493646,0.06167652413633196,0.0748774728059552,0.01536354333018287,0.07264134071303059,0.05712255616068595,0.05712255616068595,0.015588634763448937,0.032439491576374796,0.078780241059719,0.013373539253960565,0.08558845221418647,0.08558845221418647,0.046548587688599964,0.05418730112571054,0.019617931961000253,-0.21684922609652885,-0.13276467091671137,-0.03241987927131715,-0.023879465650683523,0.05036021680500571,0.011370278226245732,0.04983465212120944,0.029346944692563555,-0.1876760201174557,-0.03916049458855299,0.06914490354044517,0.053091031015014736,0.06065707263319376,0.0651882782489357,0.0651882782489357,-0.00718000501985292,0.05189940056597031,0.032599322462849,0.019025185649187527,0.019025185649187527,-0.0012143749317366464,-0.10777689010397319,0.009560559589972442,0.07097304186597206,-0.10784486164420391,0.011121785406130204,0.014742056848694897,0.014742926717935286,0.01903746466172737,0.04336797809441435,0.0799108904128351,0.035530053291372064,0.02284013691064852,0.05590693305741945,0.03227356101070797,-0.09088357389242933,0.05393732517302016,-0.021117950707839186,0.02046900671163964,0.02046900671163964,0.06060909311430971,-0.03593164839340969,-0.09752461551587753,-0.056853854145412115,0.05825643616477663,-0.03633137933431191,0.048823758575428124,0.0496398710150431,0.04846784695266097,0.0993096274989994,-0.2684807475713143,-0.03503258589121925,-0.04351678499244591,0.04558207076992749,0.21695022328843505,0.044545306149421496,0.044623196423234736,0.0447563701698454,0.044426590546693484,0.04572027346741602,0.16783609884272208,0.02961084559155598,0.0441754595443452,0.04459725651749399,0.04369641073060874,0.049002564737294474,0.04030314988796947,0.04201957393180691,0.04128354061722355,0.0416667063321335,0.042154183242732464,0.07282314652253015,-0.11592512967101248,0.006699223598194368,0.8717588567231426,0.004386178867508285,0.04127028467207347,-0.18069111296314883,-0.09105569646959774,0.03583871990902756,0.02393750741484556,-0.05449964614764362,0.18998899980870879,-0.0004074182910653122,-0.024701526688748848,0.011642765859306443,0.035233762478992986,1.0,0.042148279200457515,-0.025218131498216504,-0.0826691656554089,-0.02187044813255553,0.04384015281022118,0.20224645512282244,0.039937012997277435,0.010011679460455579,0.0008892709851016244,-0.05623100415378324,-0.014481138305806019,0.03840454089045097,0.039363843634771765,0.02101056721996381,0.01632692552679059,0.01632692552679059,0.01632692552679059,0.003121610645459734,0.0021613317606075898,-0.0024052268161889314,0.1903613626003701,0.15673981776247586,0.037245724935185,0.03951525129001403,0.03524961540364226,0.13941177394758708,0.015092764240127558,0.015092764240127284,0.03391614335875547,0.034532301048596885,0.013195579779211,-0.044430659138072745,-0.08781565112690976,0.03975686786503811
NAME_HOUSING_TYPE,-0.0026510440100843977,0.1121085850488354,0.09848048822470555,0.09440761543365896,0.06425651687163758,0.056505044968676546,0.11214252281697962,0.11214252281697962,0.03698659426705259,0.06869193443083212,0.049276672745333094,0.039213565600516975,0.2330555249469969,0.2330555249469969,0.02880346070555438,0.08920915941875394,0.007493834938933112,0.004132764377703904,0.010695995124948454,0.0015480214266934058,0.0068030209751768645,0.027474089010703945,0.09999428015077239,0.09097785460707677,0.01797441800757954,-0.004781945204366348,-0.001954760704878466,0.03534199786530358,-0.006874908421405862,0.037491291025944416,0.043070401941893634,0.043070401941893634,0.013770039193541249,0.05060103358669916,0.05594908638005955,0.08814407782125083,0.08814407782125083,0.01199773847384124,-0.013023533369478998,0.016857956762646956,0.025083943488189164,-0.012455209138017988,0.11024088446157611,0.10802932688020274,0.10797769219239116,0.00910289928326517,-0.005839575579321993,-0.00012280826369739394,0.11480357553917848,0.006060729621516141,0.023417672879886067,-0.00212934242725748,-0.015100032441056743,0.028975855027389957,-0.011242534497922743,0.07163939884432631,0.07163939884432631,0.025631559483397584,0.002045527869101322,-0.014918714079465427,-0.0023978568950324916,0.025658986857654355,0.0012849757973688247,0.18297538802450486,0.02570661611139297,0.030728706003183563,0.03225463052683994,-0.041483614394132604,-0.018138563045339978,0.0013054926949513197,0.04720449916479928,0.035023819476428304,0.04768089514204478,0.04760569444214602,0.04655843422727885,0.046848506692448416,0.3352971047547169,0.015779224831923275,0.15320611002436035,0.046788255764257734,0.04460431201283713,0.046427829310690526,0.40846835188292147,0.12270573782850284,0.04774462281016181,0.042053253001877504,0.04108107369826331,0.045035247960593626,0.04888481178605131,-0.013074487018660846,-0.0013767839291830117,0.04795214843899856,-0.0026942722106271114,0.03817779173496245,-0.0015257971901079302,-0.014865683212479304,0.032303157301327864,0.01123646464845201,-0.0008999127017566927,0.02597651349590676,-0.0020362411962948925,-0.006483004971752213,0.03291696602867938,0.035873656631510646,0.042148279200457515,1.0,-0.025882484850880662,-0.007249909391245032,-0.03071662263093131,0.01764029852607239,0.03914693354835659,0.05127649226321643,-0.001194263967887837,0.004566611986528777,-0.004489980404324995,-0.002351731277114425,0.03169351998803132,0.02105095113210184,0.03406535413007069,0.034155379045626905,0.034155379045626905,0.034155379045626905,0.006333203197374658,0.025479823535461802,0.004786765391465182,0.025714922262836833,0.022132512204842636,0.0317332112334075,0.060209367058716275,0.0302733475848703,0.027690158041325172,0.03039475274098374,0.030394752740983976,0.029623352607949165,0.03016002311116448,-0.019003971718975398,-0.020264654501884156,-0.017016679572002757,0.02612258190692645
NAME_CONTRACT_TYPE,0.001652924135348321,0.002744952135026918,0.0035339564177319593,0.00048756992994026914,-0.00764730160696231,0.014383898499013222,-0.042073237238460896,-0.042073237238460896,-0.014996564093281092,-0.031790276716964265,-0.08204587381353738,-0.02762040750284716,-0.08184751776534922,-0.08184751776534922,-0.01166007412636074,-0.05376024775173512,0.2650069185709905,0.013280287176441032,0.019995062163860183,0.024536764388190833,0.046132089853500535,0.0006439925416664948,-0.043229015390419394,-0.0432955795733267,0.03307170361073983,0.04829731687578509,0.06118003741618296,0.02440856040999555,0.062338193833440685,0.02356186118114983,-0.07092656592542376,-0.07092656592542376,-0.005764277320784726,-0.11017272453509351,-0.04078095474702922,-0.047809445964974544,-0.047809445964974544,0.03246720612853689,0.07674755401027246,0.005283066077389132,0.02128101278869442,0.08886931041016581,-0.05520053326544166,-0.05496709496350574,-0.05493772629179197,0.005882309315132192,0.002653975918822087,-0.003277204704233442,-0.0044870678498040665,0.18381226577422163,0.029203299781573665,0.010575733382670666,0.02774586323679228,0.027452212250894482,-0.11051171721450337,-0.021800036227332033,-0.021800036227332033,0.02602582691849345,0.11074884566497722,0.025931013341151506,0.020856636639693144,0.025593923117126598,0.11433454132583791,0.018099399639124502,0.023019949519244264,0.027339707587312797,-0.002215864832167312,0.01842871771220449,0.019384414880406035,0.10498689162107763,0.02744634130195605,-0.05155254542530875,0.02695118424986082,0.02714516117377791,0.02738056155233438,0.027000293429229612,0.010254701787592439,-0.02611593543403389,-0.013586161676885193,0.026899925758980724,0.0267492470721702,0.026726940040472207,0.006397404832199762,-0.03873186212351045,0.02340117847488163,0.02769041516459081,0.02619774892254624,0.0257733070848188,-0.022814376636342466,0.11938767298425704,0.035469952339012976,-0.012163643896130259,0.0958335239976817,0.025723118877949935,0.04793035633986768,0.021482777475355663,0.02189710172451595,-0.02501041319193389,0.08563998651745604,-0.062472497150159956,0.002227817357437507,0.037100365513463796,-0.016331554459227317,0.025422248119572957,-0.025218131498216504,-0.025882484850880662,1.0,0.08459602741697174,0.8917806616355884,0.020688470111633776,-0.01951820198177099,0.020087921587902898,0.030169990308536634,0.008510604875374604,-0.03792124537091476,0.030515672428551917,0.022837049674105513,-0.027769909394189028,0.004999048520197327,-0.010596921854769188,-0.010596921854769188,-0.010596921854769188,0.005552089914902,-0.005862816672755774,0.013957261315131975,-0.05262212129843184,-0.039945203877335723,0.02223684430735754,0.017007071630327393,0.020907409050669293,-0.007902128849254975,-0.010019833482006793,-0.010019833482006866,0.020905818900579652,0.020016592801861684,0.008915337037267386,0.019408317558057962,0.07698584653574155,0.03364692723704867
INST_N_PAYMENTS_365D,-0.004458851694210763,0.03174866152368153,0.03227912867954559,0.022515805114824605,0.055464189332578455,0.009149026786089098,-0.0043669051700657045,-0.0043669051700657045,0.020691068284378063,0.003320188052420759,0.014232603233804746,0.016889466248155623,-0.005211481801584919,-0.005211481801584919,0.004326785937332314,-0.002084726051066689,0.060183584214277545,0.07217049832718196,0.033822575654681344,0.035886790987561624,0.06377010074529245,0.035568187173212126,0.02122540825045312,0.011735031361321195,0.027312554025368443,0.13771219274400404,0.09304176277078001,-0.013463580320041716,0.013121572892022653,-0.013743752234724287,-0.049023759164087945,-0.049023759164087945,0.02493834241148455,-0.07309605976487142,-0.006298229832701444,0.012490659375774376,0.012490659375774376,0.04611589650355844,0.17769663448428014,0.009063898033970936,-0.010737032873657792,0.19269102625304824,0.012589430040126214,0.012306237345273256,0.012294378762586438,0.013665204530315804,-0.055558174319871735,-0.06896918422063879,0.00020383206555654485,0.03823975406135227,0.004732331818018838,-0.05802390520869994,-0.0039573679525520935,0.003516822185006896,0.027182705488664374,0.0012369802631322557,0.0012369802631322557,0.0028894686866840985,0.6951118449538601,-0.0030405094060770126,-0.0037227137888642342,0.002966260727425315,0.7830435818557633,0.0055597467567511,0.004077064783634482,0.002466978776131508,0.022558659003464387,0.03954608226997118,0.028562433248095445,0.6730013464575845,0.0019986542511197104,-0.19435945360803406,0.001469665564224816,0.001499874508519867,0.001992140859606632,0.0015566610875864804,5.4918042254535644e-05,-0.10446974829837039,0.0005146474265676185,0.0017320821354350577,0.0035004603966175963,0.0018391692625704657,-0.0002977314418500243,-0.00651847683762731,0.0018840573606165396,0.003937770006167458,0.003316763043593981,0.002423302078377607,-0.00226814831032339,0.42838139425369104,0.028836415034070213,-0.07379018667633573,0.264255876223737,0.0007272053561841726,0.1700208191330653,0.0003290479903689924,0.001307383814513696,0.002731457985989229,0.5604568067327526,-0.16487742798838392,-0.02822777161210203,0.06288008340884838,-0.008097734700148322,0.0011883195400695518,-0.0826691656554089,-0.007249909391245032,0.08459602741697174,1.0,0.07304614056776298,0.0016690055374141467,-0.25409985597260604,0.0007083589772208586,0.035121071457495365,0.009942167308895748,0.12440155662837149,0.05864302563647626,0.0002427010355184333,-0.013710899061269873,-0.0008835585003603614,-0.006696487816749788,-0.006696487816749788,-0.006696487816749788,0.008845393822960247,-0.0015924031773360905,0.014231053492282904,-0.19410010536095976,-0.12286540343694413,0.0006285597672017448,0.00016256270197795316,0.0001944714887467399,-0.03693652663482787,-0.00805246819817712,-0.00805246819817706,-5.482304502492006e-05,-0.0011732861357326085,-0.017666034409401243,0.018317298447317658,0.17320869292383737,-0.019785260809452428
TOTAL_DOCUMENTS_SUBMITTED,0.002462026592851509,0.001110131968074883,0.0032377360917043717,-0.0019200421433868328,-0.006720453170749195,0.012004690157780766,-0.05232431292953938,-0.05232431292953938,-0.014605041024577221,-0.04130931666904834,-0.07054307575494091,-0.028032439046131535,-0.0886811714178902,-0.0886811714178902,-0.009157660756848087,-0.05851401127610794,0.24980898863810297,0.015648863711234463,0.012753778676483704,0.01611956720726381,0.04481978447240289,-9.757856126579361e-05,-0.04621845819349112,-0.04269421763742061,0.03282611698622386,0.04143861498983209,0.06076515731627815,0.02207318048281679,0.06365326623180524,0.02135410898621164,-0.07702157050982157,-0.07702157050982157,-0.0030506785578398123,-0.116633329937685,-0.0460425115423457,-0.05464100520336849,-0.05464100520336849,0.03273980952835745,0.0768064921949241,0.006130350039606475,0.01869251503058771,0.0909504737424223,-0.05765964899986333,-0.05743034030538841,-0.05742988083825899,0.006927116543797381,-0.004242873547125043,-0.010178845970942318,-0.011275260587377592,0.16610170910455813,0.028270518934370097,0.004834584808237137,0.02419906028437169,0.026775128371710578,-0.10060590297893697,-0.024239747257274034,-0.024239747257274034,0.024685917706992622,0.09613793193306978,0.022825557437184164,0.017260795331904513,0.024748025010376686,0.09989036305101176,0.016216767188333342,0.0215783888239739,0.02683996724987403,-0.004601961128681776,0.008460132960363999,0.022922787414539875,0.09090517512962185,0.027144023302772727,-0.05884775507968051,0.02653883365692684,0.026704757283914474,0.026914029272757073,0.02661063263104702,0.008793513644839905,-0.03235172378542076,-0.019856134955405554,0.02654049720781773,0.026438409891046136,0.026331088480593467,0.0039307977485377975,-0.04315568659131338,0.023201270854401216,0.026979389824078888,0.025912586705052476,0.025679263238517096,-0.02912632964049315,0.11252033077671443,0.03427280260141751,-0.008572064300063232,0.08755765353618031,0.025080117546059454,0.04420473728137409,0.018550076052041956,0.021744755323343558,-0.02576573108575286,0.07541893573268497,-0.06942163588591818,0.00023399189826484588,0.037419725554875855,-0.022515365933400852,0.02501071462241725,-0.02187044813255553,-0.03071662263093131,0.8917806616355884,0.07304614056776298,1.0,0.018934105005692446,-0.013595517396161797,0.020208379648477343,0.028716117342576317,0.006959996657394146,-0.044018578746829684,0.03005942378636581,0.022592589112545934,-0.031233366021430838,0.0011400866431074328,-0.01641523148274852,-0.01641523148274852,-0.01641523148274852,0.0037214650118248963,-0.011071326197573114,0.006274187972438978,-0.04882563451220219,-0.037656151032985745,0.021890414089734734,0.017956217607889995,0.020645226593430464,-0.008099810609640478,-0.015755347189691623,-0.015755347189691307,0.02042425577681272,0.02014275880566133,0.006978799902023152,0.024082240141218483,0.07695831085906957,0.028671266232831213
HOUSING_FLOORSMIN,0.0016986002282218353,0.07510961595958528,0.05587215658340874,0.0755350505360005,0.007926848221985338,0.09635304224657293,0.00836821052141168,0.00836821052141168,0.012939420881852405,0.0033678556715095987,0.03508718897280433,0.004031777450479403,0.008855454807611053,0.008855454807611053,0.012196310832409228,0.022148064368274625,0.018218490060040542,0.013450497446014906,0.0036712808072412646,-0.007968333726198932,0.010767965644366034,0.034039634808572465,-0.007192517430478667,0.02071586259273372,0.007581381744991658,0.00928424506583908,0.015407990403461096,0.1816376296746634,0.09199167872263324,0.16683370367623532,0.01429134835889075,0.01429134835889075,0.0017172457371850104,0.003956967798724173,0.012094858033920786,0.009039241440902597,0.009039241440902597,0.004455717900759838,0.01166140983329714,0.007580495288634568,0.15861678558445105,0.01856146894387909,-0.01788443360612208,-0.00980783667684666,-0.009841878864155846,0.00668838669513234,-0.0029298576031949806,-0.003934157856271204,0.12793728650017963,0.03126255516313949,0.5291413789844598,-0.0027179790149581746,-0.0013459080245535621,0.5215465155286977,0.005466646849969878,0.024180589989736368,0.024180589989736368,0.6819341402360974,0.0005653930789510227,-0.0007639225029767365,-0.0026644269314703914,0.6882945817860091,0.00021966101182369988,0.35799451832866813,0.5333895182822,0.4920458926494941,0.06266644519373268,-0.002876507851955999,-0.010610255615974633,0.0015836770972306343,0.36349766038574055,-0.01861342757758586,0.33130099254867423,0.33112944306652925,0.34560942903726005,0.341228182875742,0.34772686036770667,-0.003964713796797522,0.0719995306966521,0.333535549115379,0.36585460140376547,0.34329066532721836,0.41885914432935006,-0.007700666183925271,0.41615468060966854,0.3532139472173608,0.3686691210239036,0.34089423110075895,0.03993054055728345,-0.0002845233155095298,0.009473238787982974,0.04901768569670608,-0.001315818067500282,0.3890195393418779,0.009668338904687598,-0.0012822891100648785,0.3039947791452841,0.00011298577670524824,0.0016177838134027764,-0.011336132137297653,0.0019941965274320383,0.009259340750407893,0.00797464225079677,0.37819301069279515,0.04384015281022118,0.01764029852607239,0.020688470111633776,0.0016690055374141467,0.018934105005692446,1.0,0.0362402667092398,0.6168658304200586,0.01023775268481834,0.016344421501831206,0.006559466018666776,0.008484347933260661,0.47733650536216227,0.027081633893446602,0.10054361534208697,0.011168426433833513,0.011168426433833513,0.011168426433833513,0.01610416607774268,-0.0013074056234673335,0.0004836791066200128,0.027485689541548425,0.026493025627460552,0.4988458536839583,0.5049631304323077,0.4732131534553361,0.09957206824850401,0.009078503959184152,0.009078503959184395,0.4667181151534794,0.45881070486680203,0.020541796736396698,-0.012398965009744644,0.031786425622013906,0.029781316289199698
INST_N_PAYMENTS,0.0011201004530524464,0.058629292788215666,0.04627309743251314,0.055494638734417685,0.018924921029809607,0.04703781073085877,0.06426488240594033,0.06426488240594033,0.02920568507964925,0.04369770336368585,0.08394447318750904,0.0231195131672218,0.07931929807733389,0.07931929807733389,0.034126271689384466,0.09130766227866555,-0.004025635705890447,-0.0997547639630323,-0.04745355588024034,0.004659583205138815,-0.11456954829364525,0.05244763519642856,0.022115654687824067,0.04598228720574607,-0.06618572627196578,-0.09495722678372241,-0.2007863614803822,0.05007549473513115,0.028638646237237088,0.049251488553790176,0.10195687703126936,0.10195687703126936,0.003946558831461892,0.3587065302919768,0.05222510331397488,0.048988972287760474,0.048988972287760474,-0.08518447862850494,-0.3281856024399897,0.012689613339766061,0.033888312453636694,-0.20303098025805824,0.020248330690454352,0.022195937983142008,0.022234239957478526,-0.07107008866247566,0.13173165086461566,0.17126194014565974,0.03834034527891598,0.0188095592730392,0.04753435225207823,0.1400851668081561,0.028926326924521847,0.044714792240281624,-0.043475562692819936,0.03011181259792448,0.03011181259792448,0.04459978989085249,-0.19322645862687152,0.026901970488779313,0.09206764147401064,0.04323822272716567,-0.2220756446389423,0.040548088654067484,0.03987659547127824,0.0450086970485521,0.03643006659962842,-0.0960004472698174,-0.04231091801824397,-0.18459496604272124,0.046604271440508285,0.2812735073685639,0.04506061186333663,0.045063660000990574,0.04564990883609566,0.045277743453306304,0.04468852461371384,0.303264299479998,0.033474928014667775,0.04482871083356625,0.04582859495506454,0.04491457401862294,0.04378426616099767,0.029185919134200537,0.040769493479558494,0.04442269418751895,0.04611865016254757,0.04474711800818522,0.05511148630453921,-0.32945800617553933,-0.09836170670236592,0.15081065096756696,-0.09324262708323966,0.04153902608972375,-0.11868496689390182,0.022408691641961877,0.034157086748336875,-0.016606682371309505,-0.16618384059507568,0.2723203444048123,0.09818798567316879,-0.15478359436907008,0.028398526811299552,0.03921442717320262,0.20224645512282244,0.03914693354835659,-0.01951820198177099,-0.25409985597260604,-0.013595517396161797,0.0362402667092398,1.0,0.0371478479858989,-0.0843275340665882,-0.006684627727155046,-0.05772370851803399,-0.12477764680258197,0.03805810236203972,0.02713397684851274,0.025985203600600398,0.0386522754641477,0.0386522754641477,0.0386522754641477,-0.001863642013977235,0.021331071382562083,0.011885237326788365,0.11460459638301299,0.07518935536393288,0.036838633745515714,0.035611414838444454,0.03606539611400384,0.06742013047705187,0.034210092305980294,0.0342100923059805,0.03573674374964395,0.03618336645446231,0.02013192573269452,-0.0285170598759691,0.22890640456605846,0.03051836045800688
HOUSING_LIVINGAPARTMENTS,0.0006961117810380477,0.07019820743849361,0.04998865631212939,0.07341842156587951,0.008608435592390199,0.08720276459125482,0.013518277281974406,0.013518277281974406,0.015014333779877707,0.008062480110108771,0.03633212028399146,0.012282898950609826,0.015960277706669905,0.015960277706669905,0.006949096351385355,0.03390119709391839,0.014595251251616662,0.014816551293300577,0.006823924141695828,-0.006973400588255713,0.014566740030330488,0.033788619308544605,-0.005805430491954551,0.0175217449457715,0.01369380313952701,0.007958946869186953,0.017620023531232126,0.16081029449661702,0.08558698687439242,0.13038167357054883,0.018633617205638227,0.018633617205638227,0.0004551643943576945,0.012700759356423971,0.025859999613759038,0.010054886399246246,0.010054886399246246,0.008365289441163853,0.012840247376044769,0.008012658341664267,0.11104601840315763,0.020161092591941977,-0.013216683167573467,-0.0048652968823097165,-0.004846214785726824,0.010430859227534721,0.00026480893719695015,-0.00010165370002033942,0.1728882389773142,0.030099405442851824,0.6500271147003619,-0.0013636313666841537,3.8433612706747964e-05,0.5660939692628548,0.005822638650658702,0.033848619375030385,0.033848619375030385,0.5161974368553671,-0.0007362432625575726,-0.00018268050460433662,-0.004696780021652234,0.5708104709457452,-0.0016672858581227867,0.42880224287119517,0.6054728891507292,0.6856004263596011,0.062285232856589684,0.0005591535496907234,-0.01550953151464726,-0.0009354146358113306,0.5545485099686234,-0.012739308146202654,0.5038768242849575,0.5037582573402464,0.5260178831356569,0.5195038919822084,0.5206106113262102,-0.0017244222966954477,0.11087570568347689,0.5089216710088375,0.554202567144581,0.5258318344193553,0.5519556883242192,-0.01730708921893178,0.6346291345078533,0.5220571187221276,0.5623630257513539,0.521762899480864,0.047583911713499114,-0.000735561719519138,0.009465070562658856,0.04396595167419782,-0.003948495935043786,0.5873205038781935,0.01116144660249729,-0.0024837829212378607,0.5177577744552014,0.0024223302972957734,-0.00011635388283885005,-0.006131690537095229,-0.0005269535422797988,0.009952752568417026,0.014361279356576367,0.576583049993246,0.039937012997277435,0.05127649226321643,0.020087921587902898,0.0007083589772208586,0.020208379648477343,0.6168658304200586,0.0371478479858989,1.0,0.010382252346900525,0.011202225953477035,0.0035993687679679305,0.00869657035528131,0.723034229392673,0.03159985009395184,0.12877616925255392,0.018105742346851493,0.018105742346851493,0.018105742346851493,0.011527770943430481,0.003092061750850264,0.001984085948209438,0.024994171191284296,0.02287127627057679,0.7278161818587439,0.7414024853979305,0.7726182301497534,0.0874251013910412,0.01581698720625741,0.015816987206258067,0.7503492051875225,0.7193520069686274,0.029690923039253705,-0.018857814765359665,0.026155099484801603,0.0375202153640863
POS_DPD_TREND_MEAN,-0.0020038763073553165,0.0317163358345444,0.031629330081754004,0.022294548298627936,0.036249088881144684,0.018825944274887305,-0.01597663180844391,-0.01597663180844391,-0.004431287131094144,-0.01405978333075049,0.01937982278737249,-0.0099376820825784,-0.0026332148590474946,-0.0026332148590474946,-0.0039007346494599952,-0.037670291819813906,0.013990380729942057,-0.016881782810311205,0.04624674515263656,-0.008393449234801724,0.4201514944737349,0.016067338951779968,0.003311871497149473,0.004086604910049096,0.37864934643488624,0.06708710181762109,0.516468257860146,0.001015771475937258,0.01785784248370706,0.0004166696061412128,-0.07735520936457227,-0.07735520936457227,0.0031006810132446615,-0.20064055967994476,-0.01800383832435966,-0.005755152517951841,-0.005755152517951841,0.3469182141206566,0.4441935357834124,0.018192817634114514,0.00867326230270603,0.41620284884665665,0.0036733085931163353,0.003925657394130168,0.003934509676386394,0.3940684770566397,-0.014874491709060697,-0.024346298396205394,0.0067221698761529,0.017606782528836365,0.015222116996683178,0.011365755153601751,0.028785412224079085,0.016559299250136092,-0.004205792251079319,-0.001883336085508156,-0.001883336085508156,0.01397592995549451,0.0379021654408562,0.02211616036753997,-0.045231775533209485,0.014421548121587783,0.04226052232259932,0.009908120403878104,0.012005116606354756,0.015165922310244634,0.010059213900857716,-0.04612239462916894,0.009101823023187247,0.029167868256278234,0.01777772338650606,-0.13127740208478206,0.017627212308335808,0.017707899744357568,0.01800940319138519,0.017463299283813197,0.010798630414629782,-0.07771631511198265,-0.0026848998004881768,0.017261187750293165,0.016587180603141398,0.01684026761558517,0.006757659244335203,-0.00672675178950012,0.014344313684374983,0.014588788100692874,0.016136136171071506,0.016991888585205003,-0.003612128119362492,0.011364071727331322,0.7850831889992789,0.013408284361315689,0.03393094486238841,0.015162830361270176,0.026371610931604964,0.012274458843177327,0.010865885571973015,0.0034462267439759396,0.020252516930066546,-0.11394737148913316,-0.04266787832097417,0.7612737583053779,-0.009212303544411372,0.015006044883931643,0.010011679460455579,-0.001194263967887837,0.030169990308536634,0.035121071457495365,0.028716117342576317,0.01023775268481834,-0.0843275340665882,0.010382252346900525,1.0,0.019447408224999036,-0.02805083026179201,0.8897512229289586,0.012097385435152297,-0.004066799930041377,0.009996855879971959,-0.008138218710570235,-0.008138218710570235,-0.008138218710570235,0.015529968622058478,-0.0056910665904250975,0.0037958895679513155,-0.006072485936966472,-0.004482715995569947,0.011730320857754882,0.008514240846750638,0.011162311432264982,0.00831082839192346,-0.007768215788412101,-0.00776821578841197,0.010552228914613142,0.011292175232042855,-0.001149999048241984,0.0038167576484958395,0.043564418110829686,0.014154063962781023
DEF_30_CNT_SOCIAL_CIRCLE,-0.000112102575872566,0.04517366504899485,0.0383216954745334,0.03930326077367692,0.0324147000773556,0.03377249121079509,0.010897076845433645,0.010897076845433645,0.014996850710648057,0.005391737495658659,0.02291254831382894,0.011758159083371415,0.0024595082696310918,0.0024595082696310918,0.015499183184368348,0.013778485047212493,0.011536648576704275,0.01919913286987863,0.021796808277981968,0.011413463889504441,0.038200238300376575,0.021059665792045042,-0.00995099034633513,-0.0030300267662017664,0.031603780133634456,0.026290613046879505,0.04130282706458548,0.018193470856114932,0.03397824599796673,0.021069324777117038,-0.0015020617429666347,-0.0015020617429666347,0.013546376705842184,-0.010868616639072553,0.00370428345466487,0.004761909158168263,0.004761909158168263,0.028312929483984447,0.04054186574499007,0.010866442101058383,0.026623883674006848,0.04267372695738154,-0.017370255135811148,-0.017159899178929627,-0.0171218198068623,0.03244234901599838,0.0006987869449436577,-0.0018413907814496784,3.443619755007757e-05,0.01828203214204908,0.01738710042532005,-0.0008695241951912877,0.002294338667720759,0.01908950820399243,0.010398068347044733,0.0032139643137586178,0.0032139643137586178,0.022542243302889495,0.007284142059077346,0.002798492080135302,-0.003890477611144434,0.01946435710874299,0.008041361855030267,0.011225266856795202,0.016062353779935715,0.014393920437195302,0.01226064064537527,0.005968004350487979,0.003685770746351849,0.007140981704707458,0.01066501068952718,-0.02044220945329269,0.011609601430868862,0.011764294609842444,0.010275172098211287,0.010492416307256511,0.011076513460797351,-0.007871850755935486,0.008605440084999286,0.01119166397355128,0.008288823969394492,0.009879544665846653,0.009355752332993936,-0.005169643313503715,0.01031440007402027,0.009560103648504925,0.007485405943005424,0.010479303149236155,0.0035237445506017683,0.01313477878789719,0.02618841145180054,0.004310651904025361,0.003278044043835828,0.009534792815420221,0.014148737141087747,0.0012068599509789703,0.009850382147866,-1.6493098791652417e-06,0.007262694047187282,-0.01807785549823883,0.003355886532120895,0.027972191973619397,-0.0034709756441862667,0.01011271040332506,0.0008892709851016244,0.004566611986528777,0.008510604875374604,0.009942167308895748,0.006959996657394146,0.016344421501831206,-0.006684627727155046,0.011202225953477035,0.019447408224999036,1.0,0.006714580273188726,0.02075736227649227,0.009182144429465865,-0.000712497324732021,-0.005174312301891346,-0.0013463332700246523,-0.0013463332700246523,-0.0013463332700246523,0.8415775076341421,-0.0021080446713319977,0.0065915415516304135,0.0063056307694988245,0.00620440905556613,0.009172282992172247,0.009780786032963867,0.007975815546278811,0.027488055971495645,-0.0023583782082987927,-0.0023583782082987645,0.008169048614551772,0.0076499794304819135,0.0005356669344508666,0.007949673201931682,0.021901072875207706,-0.00734810545918534
PREV_DAYS_DECISION_MAX,-0.0015504229009561663,0.07987816147345408,0.06991170370792048,0.06903156861234278,0.10110125850227751,0.03677385819803496,0.03632324665280431,0.03632324665280431,0.00024375014388890097,0.03597683530228474,0.030360248659379526,-0.0030136306385594863,-0.012662231471359609,-0.012662231471359609,0.04989873018383196,0.035423017032361906,0.002945256172898356,0.08212985745992724,0.09423551870479888,0.3503009621322951,-0.06388686725218924,0.03607873358264413,-0.006536004577640162,-0.0009719923704352698,-0.08180749102966171,0.238328740487966,-0.04593165950752159,0.019290223743782316,0.012697181514618966,0.021355608846267787,0.09614293908001668,0.09614293908001668,-0.03431082502174129,0.10092597496276866,-0.012890262722761217,0.014510546846052784,0.014510546846052784,-0.04514584562441706,-0.010904752887798273,0.013574639779294427,0.009698086232248477,-0.004734236761293244,-0.024060317136001094,-0.024337848598011316,-0.024316613481749766,-0.03021597657453605,-0.08239816427049833,-0.0871730122922061,-0.005511550812289253,0.016701059274758977,0.009965668914438239,-0.1000953392768707,-0.04354678760564017,0.006826555526578618,0.00967901806024865,0.012552436869406887,0.012552436869406887,0.010433119744442306,0.03660693134618928,-0.037184052855010356,-0.04012935414162816,0.010695255803695798,0.04039212832841176,0.005794917417215223,0.008675740024947542,0.007376643480434178,0.041371478724833474,0.07839117468012685,0.02679325263655582,0.0658422053624487,0.0049331038860413925,-0.2300312613011373,0.0040848446663546995,0.004218833390940447,0.0048238490377336615,0.004212724127835032,0.0043687426118496995,-0.06717615034862544,0.005374758125500466,0.004306035954334974,0.005077840199900443,0.003973916047307168,-0.0003943260760410656,-0.007561596503443756,0.004724933724093745,0.007937213477155097,0.006545838330363322,0.0044191618055455725,0.005555565499643262,0.0923923322584628,-0.04242794461670493,-0.061308229359649385,-0.07033893630741855,0.005396985909885299,0.32301555912553714,-0.011289383492227335,0.004970194624196162,0.01102430675555409,0.08948444638243644,-0.12549260822809433,0.029802452290914914,-0.02063248256146437,-0.0015291300645990014,0.005939011913278396,-0.05623100415378324,-0.004489980404324995,-0.03792124537091476,0.12440155662837149,-0.044018578746829684,0.006559466018666776,-0.05772370851803399,0.0035993687679679305,-0.02805083026179201,0.006714580273188726,1.0,-0.016747325963584542,0.002909294900498081,-0.01807760592511127,-0.010449014172798964,-0.011379027018138527,-0.011379027018138527,-0.011379027018138527,0.009208125086671742,-0.011771555761214792,0.01592502922595811,0.03243402372773779,0.035215976624624,0.003621887568939679,0.002970387008094052,0.0036702333532635475,0.0012623318814320673,-0.01246975199004591,-0.012469751990046391,0.004318495950295239,0.00361603791908134,-0.007094386627435121,-0.006932465284954661,0.2297413167225449,-0.048181025836517566
POS_DPD_TREND_MAX,-9.650650357133294e-05,0.031158516822471487,0.03243821002370644,0.020774148872573495,0.041421565066716334,0.01525480514233688,-0.021966179453860733,-0.021966179453860733,-0.003017162128258432,-0.01858980767199085,0.01764787681808019,-0.008709462416650713,-0.006992021347365683,-0.006992021347365683,-0.00308008162122504,-0.0440833069236717,0.01321719186149824,0.0037535357133722577,0.04698176043229019,-0.01607534699813271,0.4326229074944273,0.015668083037639537,0.0021143754991851545,0.001477402126751537,0.38567632295792503,0.08704877330564081,0.5123788802159057,-0.0002736595757885711,0.016676720984775247,-0.0006821628489329078,-0.08645812729568564,-0.08645812729568564,0.006952626400304204,-0.21565474115893257,-0.02337514362812056,-0.007412721326030059,-0.007412721326030059,0.35488417039704706,0.4547024525272301,0.018837626855373445,0.009055397542371155,0.4377136061870833,0.002520709168560749,0.002431128388336467,0.0024354211500231746,0.3970776291747301,-0.031202947847905706,-0.043515976542976814,0.005745462979691543,0.017913411622068033,0.013177437925700607,-0.00801504492536985,0.0114905011119451,0.014309902409705458,-0.0052230976269325175,-0.0026104408561052547,-0.0026104408561052547,0.011440596523670443,0.050166516041360056,0.005163585589855517,-0.06581746148725245,0.011558803270783308,0.05684634057897164,0.008793899929805614,0.009742441563642276,0.012622051668438878,0.008138537298380162,-0.035260399079764373,0.01714251004563065,0.0411311485355076,0.015630320468344932,-0.1816836265911169,0.015566934312159162,0.01567463643521693,0.015589090817880083,0.015268028050823732,0.009378990663686913,-0.10563399451227555,-0.003081484845359651,0.01499081154522425,0.014666620598285971,0.014524689717876573,0.005254813732851719,-0.009402768074091383,0.012060020858246522,0.012822477281170093,0.013656293920108748,0.014726466126928857,-0.009323904553527513,0.023710158787606943,0.7192865747389112,-0.01144291032885153,0.035276711683830446,0.013380535561288341,0.048672883067151194,-0.005615539931748915,0.008472373570688994,0.004414332309114375,0.03127754676405132,-0.16487255145842547,-0.07338379374779992,0.766168489762122,-0.012215528969212804,0.013601413112844376,-0.014481138305806019,-0.002351731277114425,0.030515672428551917,0.05864302563647626,0.03005942378636581,0.008484347933260661,-0.12477764680258197,0.00869657035528131,0.8897512229289586,0.02075736227649227,-0.016747325963584542,1.0,0.010204046082481984,-0.009670715815608055,0.008966474946453381,-0.012061609820354995,-0.012061609820354995,-0.012061609820354995,0.0161950680674439,-0.007457689186827082,0.00345754933314939,-0.014195980146270906,-0.011634190359172483,0.010123880268589463,0.006989651504279789,0.009553781324760617,0.0043280081737488525,-0.011290706981225886,-0.011290706981226188,0.008722290703199135,0.009137071445132932,-0.005644748401034645,0.010080697523292844,0.07327921472844066,0.011040772307454575
HOUSING_YEARS_BUILD_WAS_MISSING,-0.00017791863639496312,0.07002196710121632,0.04766935710885005,0.07648206903395277,0.01001373743593445,0.08644050681502079,0.018137874158334462,0.018137874158334462,0.017273846494905137,0.013122279049062322,0.033520899458650055,0.018065479961335083,0.018631959375112014,0.018631959375112014,0.0019734659121684933,0.04304522740387227,0.0038732021313595674,0.013297343989186583,0.006267969946344631,-0.010600804857478377,0.016817883321592054,0.030214014812516565,-0.0036188691709404005,0.014580505205499934,0.015783311007483373,0.004779004985952325,0.01983043595988112,0.15040243344901802,0.08236352161463353,0.12192736571377813,0.0262558007704337,0.0262558007704337,-0.0022244384815497294,0.020221768669840157,0.034708959232655774,0.011203449642592948,0.011203449642592948,0.009640551645376055,0.013921841694142617,0.007185793622513691,0.08407113682207148,0.02071867761822037,-0.013252132318892919,-0.005119418867672608,-0.005083491769485578,0.012391014643641925,0.0021420779488555567,0.0019029929139602107,0.20447062911236047,0.027206748537953546,0.5747929187380983,0.0011302159133925124,0.0016838458492775632,0.5313500791618602,0.010154784984053231,0.054710496325246355,0.054710496325246355,0.3672704965073183,-0.000804200530407097,0.0016878407105674871,-0.0047248300478155494,0.38884195939096783,-0.0019025335817324835,0.4899479608244239,0.4261491996137639,0.6090569713650406,0.06023006711300252,0.0011384910534234308,-0.02021553476089278,-0.000569317622898593,0.7485672577017901,-0.006714724910376551,0.6843719883778484,0.68444004651178,0.7113602865078147,0.7041207308149955,0.5477719214451944,-0.0015227643593248392,0.12143788072733659,0.6884790150992409,0.7369261378532618,0.7061184474336599,0.6633742945970038,-0.025330871737936772,0.6662106496238152,0.6667961960898808,0.7443722241616564,0.7034093909332529,0.051889608695025714,-0.002847753064096052,0.011596278409196392,0.041378387467732355,-0.005794439774033328,0.7766377779963995,0.009589658495032096,-0.0036287839708509626,0.52023027224734,0.004058112978949147,0.0008703617984055521,8.268287768864032e-05,-0.0019707530746087194,0.011291893914516942,0.017386739390934724,0.7582225304208776,0.03840454089045097,0.03169351998803132,0.022837049674105513,0.0002427010355184333,0.022592589112545934,0.47733650536216227,0.03805810236203972,0.723034229392673,0.012097385435152297,0.009182144429465865,0.002909294900498081,0.010204046082481984,1.0,0.03374753782566372,0.15786093342987578,0.021486791766340812,0.021486791766340812,0.021486791766340812,0.00797897386575466,0.003599842420901336,0.0014533812403588282,0.025803534831746272,0.022236068186816667,0.9533242614766039,0.7510206151727344,0.9364031738242817,0.07860770543171954,0.019213304040416258,0.01921330404041606,0.9178684099862163,0.9065732391708926,0.038681738396474756,-0.02266425861512722,0.021108811735817554,0.046587091085726035
AMT_REQ_CREDIT_BUREAU_MON,-3.5171035840520255e-05,0.04247158906569772,-0.05022849960610391,0.14475835010973728,0.05923381009246053,0.051959621463320754,0.057976017379592334,0.057976017379592334,0.07437276837408922,0.049820712870066126,0.03499523926521726,0.1022676723989488,0.014906214663055927,0.014906214663055927,0.05746512748928703,0.14538510535602536,0.0012753214340079646,0.011582271441435895,-0.03149923944889665,-0.03065228012465509,-0.0035311689754933947,0.02507240283453247,-0.0030685542771008837,-0.004752637944406353,0.0027307937150423747,-0.06122719469838531,-0.012260466171779248,0.024551934816553475,0.046215934291427375,0.025407973031750748,0.08009992570674693,0.08009992570674693,0.03668184684644018,0.08996683068126232,0.43862018619331206,0.054941183535035715,0.054941183535035715,-0.003787238521083213,-0.027349273111295116,0.02852601349459319,0.022090173762705834,-0.035459995285066326,-0.02809831363645421,-0.028467700831174884,-0.02845672566592388,0.0054011654022943145,0.028929403771253442,0.035188728578763755,0.021801924010152275,0.00498718733907709,0.046441012151249184,0.02217669862500706,-0.010522029281478152,0.04532770334998804,-0.01949213496078213,0.0023169724782557796,0.0023169724782557796,0.03934629231472499,-0.002205857413536124,-0.010835596809340719,0.0004896416442878623,0.038662716727342734,-0.006568086736808665,0.03966841130377344,0.03827984999388579,0.0456763671956352,0.11087037758398817,-0.013906508516508565,-0.16951287558319755,0.0004752824557796339,0.04875032770692136,0.08357351983521508,0.04749713964685145,0.04738432390353908,0.047566245587739205,0.047340235174867754,0.03640991727547851,0.04182850589766679,0.022265546632773473,0.047291025796541625,0.04774528106840237,0.04617919922356841,0.03110909977733164,0.02383112686614776,0.03884370612008923,0.04311646957678727,0.046213682089034265,0.04732376354685269,0.5061756452745607,-0.03199545204158055,-0.0037852457278048385,0.0393802216473101,-0.004448731643135456,0.040994903498669244,0.13649669801176398,-0.013036661520944398,0.03699729787976733,0.1287158681298189,-0.0063721301192193325,0.07860632577713547,-0.010624127512629783,-0.01205614324310371,0.5067379116670729,0.04096937791713285,0.039363843634771765,0.02105095113210184,-0.027769909394189028,-0.013710899061269873,-0.031233366021430838,0.027081633893446602,0.02713397684851274,0.03159985009395184,-0.004066799930041377,-0.000712497324732021,-0.01807760592511127,-0.009670715815608055,0.03374753782566372,1.0,0.012414428701221744,0.6121873502590753,0.6121873502590753,0.6121873502590753,0.0026204137543266374,0.5487018955039765,0.004329890602843479,0.0028016999809881383,0.011080663564311689,0.031150797425675357,0.03076310710614943,0.03161188872480385,0.06580911363767326,0.5937303585652388,0.593730358565223,0.031460082721258664,0.030645295557660154,0.37432747036037717,-0.2928232707156854,-0.06516134499500688,0.01076721481845186
LIVE_CITY_NOT_WORK_CITY,-6.570319327334136e-05,0.08724662456506979,0.07032786294291284,0.08084606073033972,0.04126891940248873,0.0632671454961108,0.0829870991318732,0.0829870991318732,0.03388319650307254,0.08437091124880217,0.023766388553661498,0.0303298066545268,0.16008390364930414,0.16008390364930414,0.0006123390715999122,0.03403496194082371,0.01334795348052221,0.004327732221857664,0.01223022438640686,0.001739467015141475,0.01462730560589942,0.012414213136107093,0.18703625858533257,0.1909399068200937,0.01431962152800823,0.003722624760947016,0.015303812232361273,-0.0014838670744292018,0.031178086727947207,-0.016617254697223697,0.02324020200401061,0.02324020200401061,0.011341572587842652,0.017342395091486898,0.03191692426989124,0.06072732132498873,0.06072732132498873,0.009869346861816106,0.011580278325448947,0.008727859408734879,-0.028270060293009464,0.011935304495227528,0.21877429753319108,0.21923405326790216,0.21921892868604825,0.008560103105590446,-6.74553622873835e-05,0.0015421118722688983,0.8255747229688764,0.020986976113218873,0.18504309768613006,0.0030430350653570764,0.0066365535112849075,0.18161469746499737,0.010595696816719482,0.07678720978917088,0.07678720978917088,0.13339642763299042,0.0030093856158947365,0.0072195685413047744,0.002907238299844707,0.13674275543106992,0.004271178503557498,0.14204287693708748,0.14203580339461222,0.1857573772942837,-0.010162494746913804,-0.01624482288574736,-0.006882669994786799,0.0026663570015060356,0.20800143991356387,0.015589164577150311,0.2058132008029169,0.20600833184092707,0.20222751466962935,0.20311682225810268,0.1459033705869134,0.007674788992815394,0.028111842304170465,0.2047003711710996,0.1950502662005293,0.19949328163613403,0.113281156282276,0.025489913592078195,0.16298040781564538,0.17677407104602585,0.19229168897938853,0.20217034030983044,0.01585002968606357,0.008687992926121255,0.010208438422086555,0.02458527391584804,0.00751388045030075,0.17998509445079341,-0.001124027624219957,0.004598106460040607,0.15444871493708204,0.0067177189072997485,-0.00020860393302830302,0.008649942789526023,0.00354062273039871,0.007521464164741579,0.009993723840116108,0.1792256123740815,0.02101056721996381,0.03406535413007069,0.004999048520197327,-0.0008835585003603614,0.0011400866431074328,0.10054361534208697,0.025985203600600398,0.12877616925255392,0.009996855879971959,-0.005174312301891346,-0.010449014172798964,0.008966474946453381,0.15786093342987578,0.012414428701221744,1.0,0.01515002641572426,0.01515002641572426,0.01515002641572426,-0.0049754113757635105,0.00978944257314373,0.0033193940901897682,0.014618904728582226,0.013371618098222215,0.1526217578516263,0.12516404013171842,0.14964977702730523,-0.004399614036980122,0.013063805252281504,0.013063805252281272,0.1468634510117161,0.14701071411214936,-0.0020962390320343094,0.0129075562460715,-0.0027317861599323425,0.10988999691118123
AMT_REQ_CREDIT_BUREAU_HOUR,-0.0011297634152454387,0.05329578601512417,-0.08434513031488719,0.20747353141722863,0.1196907744312909,0.040932981197386475,0.07019390176918355,0.07019390176918355,0.1053133830299139,0.0609798863018489,0.022393402717930166,0.10371396011255758,0.0426509136750223,0.0426509136750223,0.10515624722872148,0.10646596915139958,0.0026615655501920073,0.019832448854311704,-0.03054072569615388,-0.029915472296836124,-0.007882925125179852,0.013898757540992974,0.026659926427794075,0.009591527306520782,0.002082119718358656,-0.04864769193503945,-0.01624592446388926,-0.007815411181000579,0.038482613245690654,-0.0076008459446115905,0.07948402835003797,0.07948402835003797,0.11207360780584653,0.09754647360937448,0.6199238011146043,0.08115200186461126,0.08115200186461126,-0.003027111624058628,-0.02688962595522102,0.048003265770724626,-0.009400970464400563,-0.026449496199489917,-0.002202724235450234,-0.004621250178053437,-0.004655026931807217,0.0015800030832514552,0.028642218956743723,0.03429326158464779,0.028059798944967313,-0.007972210788820005,0.02220841329567224,0.01849287630440162,-0.014983571794373974,0.02217675897856905,-0.029531795357772266,0.002172731917896582,0.002172731917896582,0.013427332165886189,-0.002677107729749636,-0.01550619035866076,-0.005657705400077039,0.013709954314712006,-0.006908424633729712,0.02727337577010299,0.018169180982060367,0.023473402457446522,0.14751748952636046,-0.008103587748839831,-0.19019324221534917,0.0005240968037679409,0.02786419149398588,0.06922918679904184,0.027695869345895675,0.02763880871987064,0.027438238484762293,0.02778253890876384,0.027672274120048346,0.03780152419084287,0.029646542421086212,0.027406009947607057,0.026397770336327075,0.02670833590039166,0.02867450881277538,0.04481895638057151,0.022922818397114863,0.023367191217647798,0.025413591014716262,0.026629651977112735,0.759750774475859,-0.014266577962137825,-0.0039702880102408,0.016349852081244346,-0.01861500247389084,0.02460097532344489,0.24131260510370295,-0.0173550028703734,0.02286862865807027,0.26518043914799794,0.0018186713167831373,0.07216259097105157,-0.015189741355347602,-0.011011668171427657,0.8309132995015602,0.0254662553170102,0.01632692552679059,0.034155379045626905,-0.010596921854769188,-0.006696487816749788,-0.01641523148274852,0.011168426433833513,0.0386522754641477,0.018105742346851493,-0.008138218710570235,-0.0013463332700246523,-0.011379027018138527,-0.012061609820354995,0.021486791766340812,0.6121873502590753,0.01515002641572426,1.0,1.0,1.0,0.0019811945536740106,0.9255915965590605,0.0038383530308283946,0.012142291900047753,0.006571250582731901,0.01976110430627899,0.019095105603133947,0.020474407416190336,0.04423447139918572,0.9666005294514535,0.9666005294514685,0.020410137425890294,0.019676380855152713,0.5660815031302394,-0.41648675087512316,-0.030797041522669807,0.010918460220524636
AMT_REQ_CREDIT_BUREAU_WEEK,-0.0011297634152454387,0.05329578601512417,-0.08434513031488719,0.20747353141722863,0.1196907744312909,0.040932981197386475,0.07019390176918355,0.07019390176918355,0.1053133830299139,0.0609798863018489,0.022393402717930166,0.10371396011255758,0.0426509136750223,0.0426509136750223,0.10515624722872148,0.10646596915139958,0.0026615655501920073,0.019832448854311704,-0.03054072569615388,-0.029915472296836124,-0.007882925125179852,0.013898757540992974,0.026659926427794075,0.009591527306520782,0.002082119718358656,-0.04864769193503945,-0.01624592446388926,-0.007815411181000579,0.038482613245690654,-0.0076008459446115905,0.07948402835003797,0.07948402835003797,0.11207360780584653,0.09754647360937448,0.6199238011146043,0.08115200186461126,0.08115200186461126,-0.003027111624058628,-0.02688962595522102,0.048003265770724626,-0.009400970464400563,-0.026449496199489917,-0.002202724235450234,-0.004621250178053437,-0.004655026931807217,0.0015800030832514552,0.028642218956743723,0.03429326158464779,0.028059798944967313,-0.007972210788820005,0.02220841329567224,0.01849287630440162,-0.014983571794373974,0.02217675897856905,-0.029531795357772266,0.002172731917896582,0.002172731917896582,0.013427332165886189,-0.002677107729749636,-0.01550619035866076,-0.005657705400077039,0.013709954314712006,-0.006908424633729712,0.02727337577010299,0.018169180982060367,0.023473402457446522,0.14751748952636046,-0.008103587748839831,-0.19019324221534917,0.0005240968037679409,0.02786419149398588,0.06922918679904184,0.027695869345895675,0.02763880871987064,0.027438238484762293,0.02778253890876384,0.027672274120048346,0.03780152419084287,0.029646542421086212,0.027406009947607057,0.026397770336327075,0.02670833590039166,0.02867450881277538,0.04481895638057151,0.022922818397114863,0.023367191217647798,0.025413591014716262,0.026629651977112735,0.759750774475859,-0.014266577962137825,-0.0039702880102408,0.016349852081244346,-0.01861500247389084,0.02460097532344489,0.24131260510370295,-0.0173550028703734,0.02286862865807027,0.26518043914799794,0.0018186713167831373,0.07216259097105157,-0.015189741355347602,-0.011011668171427657,0.8309132995015602,0.0254662553170102,0.01632692552679059,0.034155379045626905,-0.010596921854769188,-0.006696487816749788,-0.01641523148274852,0.011168426433833513,0.0386522754641477,0.018105742346851493,-0.008138218710570235,-0.0013463332700246523,-0.011379027018138527,-0.012061609820354995,0.021486791766340812,0.6121873502590753,0.01515002641572426,1.0,1.0,1.0,0.0019811945536740106,0.9255915965590605,0.0038383530308283946,0.012142291900047753,0.006571250582731901,0.01976110430627899,0.019095105603133947,0.020474407416190336,0.04423447139918572,0.9666005294514535,0.9666005294514685,0.020410137425890294,0.019676380855152713,0.5660815031302394,-0.41648675087512316,-0.030797041522669807,0.010918460220524636
AMT_REQ_CREDIT_BUREAU_DAY,-0.0011297634152454387,0.05329578601512417,-0.08434513031488719,0.20747353141722863,0.1196907744312909,0.040932981197386475,0.07019390176918355,0.07019390176918355,0.1053133830299139,0.0609798863018489,0.022393402717930166,0.10371396011255758,0.0426509136750223,0.0426509136750223,0.10515624722872148,0.10646596915139958,0.0026615655501920073,0.019832448854311704,-0.03054072569615388,-0.029915472296836124,-0.007882925125179852,0.013898757540992974,0.026659926427794075,0.009591527306520782,0.002082119718358656,-0.04864769193503945,-0.01624592446388926,-0.007815411181000579,0.038482613245690654,-0.0076008459446115905,0.07948402835003797,0.07948402835003797,0.11207360780584653,0.09754647360937448,0.6199238011146043,0.08115200186461126,0.08115200186461126,-0.003027111624058628,-0.02688962595522102,0.048003265770724626,-0.009400970464400563,-0.026449496199489917,-0.002202724235450234,-0.004621250178053437,-0.004655026931807217,0.0015800030832514552,0.028642218956743723,0.03429326158464779,0.028059798944967313,-0.007972210788820005,0.02220841329567224,0.01849287630440162,-0.014983571794373974,0.02217675897856905,-0.029531795357772266,0.002172731917896582,0.002172731917896582,0.013427332165886189,-0.002677107729749636,-0.01550619035866076,-0.005657705400077039,0.013709954314712006,-0.006908424633729712,0.02727337577010299,0.018169180982060367,0.023473402457446522,0.14751748952636046,-0.008103587748839831,-0.19019324221534917,0.0005240968037679409,0.02786419149398588,0.06922918679904184,0.027695869345895675,0.02763880871987064,0.027438238484762293,0.02778253890876384,0.027672274120048346,0.03780152419084287,0.029646542421086212,0.027406009947607057,0.026397770336327075,0.02670833590039166,0.02867450881277538,0.04481895638057151,0.022922818397114863,0.023367191217647798,0.025413591014716262,0.026629651977112735,0.759750774475859,-0.014266577962137825,-0.0039702880102408,0.016349852081244346,-0.01861500247389084,0.02460097532344489,0.24131260510370295,-0.0173550028703734,0.02286862865807027,0.26518043914799794,0.0018186713167831373,0.07216259097105157,-0.015189741355347602,-0.011011668171427657,0.8309132995015602,0.0254662553170102,0.01632692552679059,0.034155379045626905,-0.010596921854769188,-0.006696487816749788,-0.01641523148274852,0.011168426433833513,0.0386522754641477,0.018105742346851493,-0.008138218710570235,-0.0013463332700246523,-0.011379027018138527,-0.012061609820354995,0.021486791766340812,0.6121873502590753,0.01515002641572426,1.0,1.0,1.0,0.0019811945536740106,0.9255915965590605,0.0038383530308283946,0.012142291900047753,0.006571250582731901,0.01976110430627899,0.019095105603133947,0.020474407416190336,0.04423447139918572,0.9666005294514535,0.9666005294514685,0.020410137425890294,0.019676380855152713,0.5660815031302394,-0.41648675087512316,-0.030797041522669807,0.010918460220524636
DEF_60_CNT_SOCIAL_CIRCLE,-0.001290787820568381,0.04529258853675284,0.03858000895205576,0.039729023584047264,0.030720532897473257,0.0355692787445753,0.011624619448327959,0.011624619448327959,0.013116477923614294,0.006281028159094442,0.02218513425234635,0.010825104794926307,0.004230556923822467,0.004230556923822467,0.015018854506165968,0.013893704295069385,0.009452948330848839,0.018051825305447678,0.02126311172558897,0.012475276732433456,0.029045249566072257,0.020635213720961217,-0.006531966531636332,-0.0015186456608934176,0.02368230920672211,0.025738807647609836,0.031894453935698126,0.020565045198974546,0.03216120806563774,0.022668906934381543,0.0009085216111345979,0.0009085216111345979,0.01332873862132165,-0.0060338089603006444,0.005211366977179832,0.007307544148739344,0.007307544148739344,0.021082171693153285,0.031195930430421168,0.011482488257093148,0.02706923660260048,0.032654338672639366,-0.014610418308782494,-0.01453037392471943,-0.014498319290706252,0.024969320995865962,0.000546783331648759,-0.0008996150533593583,0.0011343969685572023,0.015451076387139823,0.0181463165622032,-0.0007737571520918544,0.00019814902499955267,0.020391477076281715,0.007827297429920568,0.004347296810630457,0.004347296810630457,0.02304694331030585,0.005658632183921343,0.001296895091018253,-0.0024935390584887385,0.020558492207028708,0.0062567201459036315,0.012432840537221213,0.017312186544754384,0.01549485349839857,0.014212815276432747,0.0035817648362166258,0.0030952689266255753,0.0063701691280641315,0.010975152095969302,-0.017951444154812906,0.011826088807877307,0.011929486194022025,0.010654196443831884,0.010781240335400481,0.010235850856685588,-0.005939989933337762,0.008794594608001092,0.01136783440803177,0.00860845874003122,0.010470156351937229,0.009824345636917755,-0.001985450069167885,0.011504702627719162,0.010163729110249717,0.007777303727322017,0.01050294211225494,0.00697551006204543,0.009845993790415298,0.021725128535858344,0.007206650354850194,0.0009181572420338712,0.009713733633951326,0.014395055770287803,-0.000179017544329002,0.011223201150003909,0.0005046000985093716,0.005703855296941068,-0.01476938014548656,0.0009263423805270488,0.022204118307244294,7.608455928393512e-05,0.009121624837497223,0.003121610645459734,0.006333203197374658,0.005552089914902,0.008845393822960247,0.0037214650118248963,0.01610416607774268,-0.001863642013977235,0.011527770943430481,0.015529968622058478,0.8415775076341421,0.009208125086671742,0.0161950680674439,0.00797897386575466,0.0026204137543266374,-0.0049754113757635105,0.0019811945536740106,0.0019811945536740106,0.0019811945536740106,1.0,0.0003860588094994762,0.006189869387589931,0.006360522446650826,0.005887387894870156,0.007611263149617641,0.009051559245614333,0.00681425749085828,0.0275550235338523,0.0008464146228435325,0.0008464146228435399,0.007069901432075568,0.006652733603461476,0.0019113452626097161,0.00399325644221259,0.020971229527343788,-0.006180199147674161
BUREAU_N_CREDIT_TYPES,-0.0021174134264068515,0.057615842703916655,-0.06799048515234088,0.19629729402574994,0.1506061020194199,0.023976714282493858,0.049070292496257044,0.049070292496257044,0.12789454472257009,0.04300829753637025,0.012305797159508114,0.128114942435144,0.036225630826155535,0.036225630826155535,0.16341305137502385,0.016486475985033427,0.001245476585024445,0.019695615749051286,-0.013663541864893918,-0.01568717434735121,-0.0044955537586801085,0.007554529282767283,0.026224991099222696,0.011214714211230254,0.0017540758454243639,-0.025601070728600933,-0.009972944310436816,-0.015449640439411182,0.01657177137589443,-0.014762873683092596,0.049112415444628355,0.049112415444628355,0.20947280353472533,0.06717381153158658,0.5297883182632687,0.058539741726213755,0.058539741726213755,-0.002036709840228384,-0.015371684085334267,0.04840938250459479,-0.015861261090220208,-0.014995486332611831,0.009721290793386368,0.007863518172292352,0.007799756686233414,0.002558601360632354,0.02796463455588619,0.031071857931122392,0.019617914612890103,-0.005821159394976935,0.0007857345975904095,0.01993961162501489,-0.0032501511651089783,0.0015861061532440241,-0.01734758700323666,0.005149600204560562,0.005149600204560562,-0.004073154758365324,0.0005591829863475679,-0.003971753733310516,0.0023959812670992357,-0.003620804687076764,-0.0023038462296497302,0.008679974587693847,0.0010474848481836154,0.0021367038367085312,0.09989682648919747,0.0063651733265064365,-0.08807119357353141,0.0027334259249314464,0.0048198587676343005,0.05222987442496145,0.0053389293408044715,0.005237873359157206,0.005052601128816164,0.005321119855084001,0.010059831396218983,0.031039717854537196,0.023284170658782282,0.005072141555698981,0.003980223266796216,0.004475574294163603,0.012888745572302478,0.03598892926820013,0.004153641258314869,0.0031024883928258452,0.003638293967312778,0.004744435891918327,0.6780458328871203,0.0014053555806014925,-0.001666254593959619,0.0027006528605910602,-0.011104760828719844,0.00398581577148294,0.22766199010399474,-0.006525297891979844,0.005474868124295115,0.2522980106229344,0.003106513546020409,0.05257605597261454,-0.007104979243082204,-0.006420621891784669,0.7724245029525846,0.005999516464492219,0.0021613317606075898,0.025479823535461802,-0.005862816672755774,-0.0015924031773360905,-0.011071326197573114,-0.0013074056234673335,0.021331071382562083,0.003092061750850264,-0.0056910665904250975,-0.0021080446713319977,-0.011771555761214792,-0.007457689186827082,0.003599842420901336,0.5487018955039765,0.00978944257314373,0.9255915965590605,0.9255915965590605,0.9255915965590605,0.0003860588094994762,1.0,0.0038924110989564686,0.006071419411204269,0.00205307158531652,0.002520243795959799,0.004324457909418567,0.003628737965426529,0.015476664808656195,0.9575740632837755,0.9575740632837568,0.00379317558153601,0.0031774361711063618,0.5133048532550507,-0.3172119473475098,-0.01790945293428103,0.00978261500931955
CREDIT_INCOME_RATIO,-0.0004552714828029723,0.029240222315690078,0.02350313878295001,0.026987648019905518,0.03262091661897887,0.010419927012244604,0.021039226656086426,0.021039226656086426,0.010341307059530253,0.020129134981916704,0.3120674377221873,0.01373164550512611,0.015999301747881983,0.015999301747881983,0.010995254056871611,0.014741579693538088,0.08366619698230315,0.020024526498345595,0.03014493828997755,0.0340051132162963,0.011924869028630544,0.3884680517347266,0.028930320075167236,0.019206604840419937,0.009934549037546737,0.03055436404600855,0.008985241870580214,-0.006144288364909476,0.006975603750789603,-0.006824583066037077,0.012186681434104054,0.012186681434104054,0.010746774732373562,0.017449857958868033,0.012904534217427405,0.009935686155211159,0.009935686155211159,0.008359438095280808,0.008405648031941274,0.0032295832280590975,-0.00036676334213125506,0.011550933172103692,0.01662399934660027,0.01413112623243238,0.014120790358459822,0.013456574875954997,0.015140191529993028,0.015688277172118466,0.00794665714798274,0.12963193874582024,-0.0007864178285683347,0.012133546002460714,0.001339423112850628,-0.003096358121983392,0.14421416584358504,0.008397244260367639,0.008397244260367639,0.0004258619466942474,0.009547631410519472,0.00042952633456347464,0.0026253319738519312,0.0007275897918906891,0.010504054966532535,0.0027648896592655926,0.0020301324278161168,-0.002234524219532879,0.007092766600340659,0.009638643717257594,-0.0007830333856833124,0.010288622131408945,-0.0038375904821081244,0.017153920311024536,-0.00492479732185376,-0.00490011080149895,-0.004706592959911035,-0.005311731408986349,0.003271171501549771,0.01092786699262778,0.007931960722937479,-0.005058248538113176,-0.0036552565788852227,-0.004015543646659302,0.006590432471417357,0.028626884300506417,0.0010424006048266772,-0.000479331139878269,-0.0013736392747128925,-0.003558704752573167,0.008268151892594609,0.015644673282301364,0.007562633069180778,-0.0019385222669583311,0.0007911302564197368,-0.0007893271394383321,0.019580191999289114,-0.0022480485833244546,-0.002187720755774402,0.00245081808212357,0.009073285243981263,0.019126645901715613,-0.002088340000409478,0.005961931142544712,0.00478736489681053,-0.001581710601325267,-0.0024052268161889314,0.004786765391465182,0.013957261315131975,0.014231053492282904,0.006274187972438978,0.0004836791066200128,0.011885237326788365,0.001984085948209438,0.0037958895679513155,0.0065915415516304135,0.01592502922595811,0.00345754933314939,0.0014533812403588282,0.004329890602843479,0.0033193940901897682,0.0038383530308283946,0.0038383530308283946,0.0038383530308283946,0.006189869387589931,0.0038924110989564686,1.0,0.002097337419027199,0.003708002279555329,0.0007885009184245613,0.0017213239567156265,0.0018167732672897039,-0.023443430823797278,0.003681581330449982,0.0036815813304500577,0.002472353981126138,0.0015049666067945726,0.0035299247538475185,0.0015375726526503336,0.0156921940673362,-0.03285539047419237
INST_AMT_PAYMENT_SUM_60D,0.0006205214721571612,0.0794929607956584,0.06865408215665382,0.06843844666937275,0.04024877090942501,0.06057828938263129,0.05854771768643944,0.05854771768643944,0.04730410759523907,0.0389504055922097,0.050711152240050704,0.04986251028297116,0.07445231326711955,0.07445231326711955,0.041011166051322795,0.04812125258514589,0.0038535024816321243,-0.011357981342239082,-0.001709463830168615,-0.027825790209174858,-0.000724446430168419,0.02460179031612857,0.011563333540549888,0.042935377447418176,0.03202034624265514,-0.04680138240455717,-0.00917003973632911,0.05582165392994541,0.03380843105406235,0.05066928588616515,0.08338493158311568,0.08338493158311568,0.03540886553163577,0.102839630212907,0.031673307701955464,0.02096294966269348,0.02096294966269348,0.0036865612485055786,-0.039453057856112916,0.017999598186837936,0.056904179915093465,-0.035234598401648026,0.014339738191326211,0.016377317721961653,0.016370015866693517,0.02363980052111888,0.03719707262715922,0.051781496901450355,0.02694988005501791,0.00911326450602515,0.03470841731819142,0.025140904172596047,-0.022059985514432775,0.034342235789624156,0.001505204379882993,0.023187070685460817,0.023187070685460817,0.03667417764576993,-0.2854573308268503,-0.019950534252289195,-0.0360278628433078,0.0351321171810364,-0.2455598586861905,0.030461131638924017,0.029782981007368207,0.03077595113899245,0.04357662957174049,-0.08378098513730214,0.01823900923647443,-0.31919169958877325,0.030280283441445004,0.12415155352041937,0.029934439061355986,0.029869337676690578,0.03054559541613606,0.030240139180093772,0.02854496824675408,0.0748718298664747,0.02444640855008788,0.02954400954069004,0.029477260623621354,0.0291182351693237,0.031015755174074337,0.03193925609740177,0.0257034032803344,0.026661394760158594,0.027368059084458884,0.028142600656745526,0.03295680112445377,-0.01194762906320325,-0.003718722002491744,0.2308114202912129,-0.1776733769226852,0.027389050552104735,-0.09548023080078945,-0.02624486467220935,0.023449159968801352,-0.013958040678517216,-0.2400693337310214,0.11357547631673678,-0.0012530321455472867,-0.018215323348722258,0.010337283158265584,0.02458072846607651,0.1903613626003701,0.025714922262836833,-0.05262212129843184,-0.19410010536095976,-0.04882563451220219,0.027485689541548425,0.11460459638301299,0.024994171191284296,-0.006072485936966472,0.0063056307694988245,0.03243402372773779,-0.014195980146270906,0.025803534831746272,0.0028016999809881383,0.014618904728582226,0.012142291900047753,0.012142291900047753,0.012142291900047753,0.006360522446650826,0.006071419411204269,0.002097337419027199,1.0,0.7438581168810434,0.024901781870405672,0.02347332965784535,0.023911152365836793,0.12854889637443762,0.009724273404359617,0.009724273404359413,0.023473855231328913,0.02239371443841369,0.0006872608540763925,0.011748621848640313,-0.06434555814785117,0.02706014486482397
INST_AMT_PAYMENT_SUM_30D,0.001064638627743479,0.07433342865292555,0.0651745081202439,0.06321743304094977,0.03856303927960848,0.055434487197377244,0.054971071326135115,0.054971071326135115,0.047546687560305126,0.03696964366403261,0.04506238603909306,0.04684128582516221,0.07007806010071103,0.07007806010071103,0.03931772169872104,0.045179749652396975,0.007058727688359309,0.002267215043484427,0.007542276520110131,-0.012674221437857503,-0.005476697206903263,0.024078431361784905,0.011700892560135994,0.04015492251330986,0.019045327596516823,-0.02597875741327839,-0.005845339357640682,0.04932139727709233,0.033643246417448404,0.04508994148066407,0.0670260135193499,0.0670260135193499,0.03627579629260223,0.0793971402999533,0.026851005361290033,0.019935352824180175,0.019935352824180175,-0.003213109351380266,-0.024240547997091397,0.01656907625464332,0.050768512606764966,-0.020741119104395772,0.014912501965699598,0.016327413391419028,0.016325807863898034,0.01555764258245011,0.03291704895441379,0.043364668142586646,0.02364153601122892,0.011874421112419358,0.0323526117580739,0.02715413594213071,-0.004246052603627667,0.031591717122759426,0.005786939596514513,0.024898163744892853,0.024898163744892853,0.03537366049214457,-0.18995188197544735,-0.003671599621188034,-0.015108380142102171,0.03338700885485799,-0.16314082099035268,0.027098935301182243,0.028743018535183285,0.028942885797719173,0.037353160592207224,-0.06254356430795484,0.020493545774443952,-0.2062955395467929,0.027292336198867485,0.10076594842365036,0.026787576352239863,0.026749852187569523,0.027750613250244666,0.027731631421116034,0.02624446913223381,0.06132897632922439,0.02114317963011699,0.02644158822089601,0.027140236635274782,0.026472297671840478,0.025978500963130046,0.028796023054868305,0.023307398449073327,0.02370823613485776,0.02510476956365897,0.02528595040667494,0.024651700033064654,0.037933113514143614,-0.0035803942170238357,0.19958261695165336,-0.0714215460551968,0.024386354814870982,-0.06529646138564996,-0.010310947158702493,0.022261342605675517,-0.012576210673558595,-0.24625133789580075,0.08693362943247783,0.005911002166811975,-0.015329797708755689,0.0071888657651106745,0.022104539343040186,0.15673981776247586,0.022132512204842636,-0.039945203877335723,-0.12286540343694413,-0.037656151032985745,0.026493025627460552,0.07518935536393288,0.02287127627057679,-0.004482715995569947,0.00620440905556613,0.035215976624624,-0.011634190359172483,0.022236068186816667,0.011080663564311689,0.013371618098222215,0.006571250582731901,0.006571250582731901,0.006571250582731901,0.005887387894870156,0.00205307158531652,0.003708002279555329,0.7438581168810434,1.0,0.0215398168993942,0.020666771105059416,0.02044880863263866,0.12032948805988959,0.004384759613748246,0.0043847596137482105,0.0201832211828736,0.018686436044072167,-0.0037154208110166463,0.016573180497975345,-0.04681000136501582,0.023161499800747134
HOUSING_FLOORSMIN_WAS_MISSING,-2.010764223415614e-05,0.06713497464830628,0.045491228577933626,0.0736200434372593,0.009672380370811482,0.08253459798460121,0.017516105732730675,0.017516105732730675,0.017290647301125114,0.012700385652473717,0.032035648104023755,0.017739438641384633,0.018043232134612116,0.018043232134612116,0.0024868657424669182,0.042014205625281235,0.002777925966481871,0.013549998039597748,0.006203485903143043,-0.009742872507832892,0.016797026566048066,0.028510006497044743,-0.0032032151404406068,0.01336808643009558,0.016448565707575098,0.004958637664488633,0.019731939063516835,0.14533681571084087,0.0786388216763463,0.11457155436375237,0.025857515227721912,0.025857515227721912,-0.0017740041827453495,0.019647326555482063,0.03351823050844404,0.010226827080790998,0.010226827080790998,0.00965566504927505,0.014154052800986312,0.007114572734567761,0.08177939382605331,0.020630144115043277,-0.012867506904100908,-0.004955818380863323,-0.004916592602902998,0.012408419667484061,0.002074456892669649,0.0018373628359463713,0.19789901237151106,0.025976919795551848,0.5617839732511847,0.0017513285151988447,0.0008609663200180759,0.5009633092059024,0.007921535402193593,0.05163302441767647,0.05163302441767647,0.3605442291598265,-0.00016855052703210042,0.0008799155119743588,-0.0047379606486114625,0.38074267031977665,-0.0016503351972372254,0.47711003584168565,0.4188694352619912,0.5955705310128958,0.05806632990749598,0.0009046591588036324,-0.019481681187541587,-0.00019193959003729652,0.7282863188779197,-0.00639037024358663,0.6635625125365969,0.6637911102621384,0.6915847385665022,0.6837178339806341,0.5408823456139769,-0.0009475342638474022,0.11790527702927181,0.667814949298125,0.7232733557963242,0.687961037572052,0.6344866437516218,-0.024382032337409314,0.6531427611382091,0.6536919377352078,0.7314119515247377,0.6833059045925153,0.049668345521293344,-0.0018230179027343846,0.011023252191109318,0.0407361026437415,-0.005012702167657474,0.761455032021619,0.00916410617886761,-0.00415507834450111,0.5074995132912614,0.0036091901757625716,0.0007744745353165502,-0.00014811890142634837,-0.0012094289851599745,0.010988416185294132,0.01625516088948915,0.7432274936113826,0.037245724935185,0.0317332112334075,0.02223684430735754,0.0006285597672017448,0.021890414089734734,0.4988458536839583,0.036838633745515714,0.7278161818587439,0.011730320857754882,0.009172282992172247,0.003621887568939679,0.010123880268589463,0.9533242614766039,0.031150797425675357,0.1526217578516263,0.01976110430627899,0.01976110430627899,0.01976110430627899,0.007611263149617641,0.002520243795959799,0.0007885009184245613,0.024901781870405672,0.0215398168993942,1.0,0.7545721443216149,0.940837824037138,0.07693808037870652,0.017594678967409738,0.017594678967410408,0.9278615608021205,0.9112391880447775,0.03781192902229407,-0.02108883378644128,0.020491605706509385,0.04637975279720656
HOUSING_COMMONAREA,0.001087766145783468,0.06265482506454782,0.042430031159442806,0.06751697341723566,0.008720232722805884,0.07361251908251086,0.016676312946630103,0.016676312946630103,0.014960932561019486,0.011092610970348304,0.033193234347474516,0.014228370355416449,0.01975634000117512,0.01975634000117512,0.004185625617360665,0.03695936843272,0.007146068005994047,0.014967316073809155,0.0032665450714615997,-0.008755017406297649,0.013589384190611368,0.030788200237183604,-0.003033812147916435,0.014939740938918648,0.013453579086795427,0.0034409677650427775,0.016539826996206916,0.13490015588070747,0.08259861654709394,0.10424956075228477,0.02150014896043408,0.02150014896043408,-0.0007994426108560297,0.015100387905020754,0.029533033137588816,0.011362779819002685,0.011362779819002685,0.007212240168598015,0.011773089064702877,0.0062296814883820864,0.08987744960398956,0.017798606845068017,-0.009913757894700346,-0.0017816830866395133,-0.0017487841641635675,0.009437517740413248,0.00029642442474655395,0.00022024160766957377,0.1726726216352888,0.027126641637511224,0.5551167584079247,-0.0008857750267999456,-0.001988658364999855,0.4711184923710893,0.0053006550169385535,0.03457656599517266,0.03457656599517266,0.4111414286139721,-0.0012720636422358773,-0.001811001917334851,-0.004629410749663556,0.44430019581822117,-0.0025203516141644477,0.41758054383788346,0.47405439583192366,0.5611626922742481,0.062033980483774,-0.0012592499852066847,-0.01878308335103791,-0.001074413915407562,0.5732874036371673,-0.008322644735075985,0.5209385428373513,0.5201621580630618,0.5435830699718011,0.5367225565142982,0.5054693842403789,-0.0015771048438303638,0.11501100263725751,0.5261980942646864,0.5732969705027682,0.5436814949143949,0.5637248371942702,-0.015010510206960408,0.607267762538726,0.535236958038097,0.5915990893628721,0.5415525726836155,0.05012106594267637,-0.002295786807138093,0.00862467710044506,0.043214757694457775,-0.004389346955273787,0.6206765319433238,0.00976304056741179,-0.0025658743892016346,0.43966634944860716,0.0034019640898394,0.00048334788155982364,-0.0026091201325367823,-0.0014928659732828219,0.00893091146347782,0.015898922708801923,0.6068280664558,0.03951525129001403,0.060209367058716275,0.017007071630327393,0.00016256270197795316,0.017956217607889995,0.5049631304323077,0.035611414838444454,0.7414024853979305,0.008514240846750638,0.009780786032963867,0.002970387008094052,0.006989651504279789,0.7510206151727344,0.03076310710614943,0.12516404013171842,0.019095105603133947,0.019095105603133947,0.019095105603133947,0.009051559245614333,0.004324457909418567,0.0017213239567156265,0.02347332965784535,0.020666771105059416,0.7545721443216149,1.0,0.7702713290266701,0.07983795293609595,0.01751758870409679,0.017517588704097035,0.7650407098012747,0.8286568897655403,0.03344831032658776,-0.02198832594274814,0.021468622014637062,0.03556470326743067
HOUSING_LIVINGAPARTMENTS_WAS_MISSING,0.0008295568059548346,0.06411476526862232,0.04261226725876244,0.07116077664656985,0.009086120254982174,0.07867537655751969,0.01708526603663582,0.01708526603663582,0.01672444693937013,0.012510739603084464,0.03230493208306337,0.017589736784677526,0.016862785900079332,0.016862785900079332,0.002323274840780628,0.04165644821225326,0.0035204768629592586,0.0139259980290312,0.006275727707949982,-0.009137122000784455,0.016902558148310532,0.02923883985906469,-0.0030989630610350678,0.013578393735718642,0.016388640624920844,0.0055303582243604425,0.019490743484272786,0.13988174230286876,0.07750414874987673,0.10596650952069024,0.02550691831231255,0.02550691831231255,-0.0020698299723667687,0.01858623379431528,0.03394809754595426,0.01103617122716981,0.01103617122716981,0.009613547766419015,0.013779996767804765,0.006077111371912654,0.07525132353741819,0.020555793852369216,-0.012516654938771033,-0.005170175613666638,-0.005129662118457877,0.012951791422090549,0.0018824950768187422,0.0018108605404835488,0.19420614379232576,0.026472830428155358,0.5504880915826625,0.0008786453534929044,0.00026485180394840473,0.47909680990662823,0.008244860859699416,0.05007670453957712,0.05007670453957712,0.35184759610671534,-0.0015827225381633658,0.00041747516313231137,-0.005283805385184652,0.3719319611735419,-0.0029635441335114704,0.4773358159095569,0.408579342221316,0.5873621049305261,0.05728468560131784,0.0015868982923929239,-0.019823720055955785,-0.0019723875467646526,0.7206669321940926,-0.00721215376397037,0.6560202478826838,0.6561001032560638,0.6834063113002722,0.6757042232523875,0.5369621066684768,-0.0014516094915107722,0.1159107657852883,0.6615390274153484,0.714786117803235,0.6833292337112047,0.627832639456287,-0.023743774227240246,0.6465382734786068,0.6478681290771066,0.7266432185902499,0.6788322926786019,0.049749342976270795,-0.002415458224357015,0.010837316388496663,0.038652130202186226,-0.005845324230612993,0.7560307648117536,0.009921862687704803,-0.003873657326213869,0.4965920582666076,0.004355907329144661,-0.0007903913032434467,-0.00018326084880487201,-0.0015478546842838542,0.010770360164880557,0.01679638855718883,0.7417218297077708,0.03524961540364226,0.0302733475848703,0.020907409050669293,0.0001944714887467399,0.020645226593430464,0.4732131534553361,0.03606539611400384,0.7726182301497534,0.011162311432264982,0.007975815546278811,0.0036702333532635475,0.009553781324760617,0.9364031738242817,0.03161188872480385,0.14964977702730523,0.020474407416190336,0.020474407416190336,0.020474407416190336,0.00681425749085828,0.003628737965426529,0.0018167732672897039,0.023911152365836793,0.02044880863263866,0.940837824037138,0.7702713290266701,1.0,0.07574938523477903,0.01833022013911852,0.018330220139119037,0.9701364846648372,0.928458340330504,0.03804845070103493,-0.021587136649953653,0.02108616932073446,0.04298090760707191
AMT_INCOME_TOTAL,0.00013046311359594888,0.08280979610732171,0.04939220769777021,0.09779169136534176,-0.033720683158408586,0.13646401079847503,0.04348599829303808,0.04348599829303808,-0.023967928605963813,0.02596260038142889,0.19218292104295737,-0.026778791735805597,-0.013485136424708775,-0.013485136424708775,0.0147301939807008,0.0651835061447558,0.07047908795738053,0.04584547314376956,-0.028037660575784534,-0.0340897246191115,-0.002370564830076592,0.19458077484281414,-0.06491179228036426,0.014974637583760343,0.017998155367719128,-0.03314651146111543,0.002054113151361292,0.2191975500047377,0.19875804225248997,0.2095571533767907,0.038252292488279736,0.038252292488279736,-0.06314322464621501,0.017145713469237753,0.05924680680103186,-0.0015042250854173152,-0.0015042250854173152,0.008371410548854749,-0.012198439608519797,-3.4301405838483285e-05,0.21440490278344373,-0.0004603281357744282,-0.08662665045032922,-0.0752262395811875,-0.07517726943046683,0.004643512100456844,-0.005013840927001815,-0.0008001561167160965,0.005439934663295617,0.1898355816817966,0.11998096996218666,-0.008737679137064793,-0.026601073361800506,0.11298345626391379,-0.011651247943789274,-0.04379760936244187,-0.04379760936244187,0.1373411536720802,-0.036608016323926115,-0.026195279059191452,-0.027136570082829426,0.1280000597420252,-0.037104130738324546,0.09635879689748676,0.10584608021992038,0.10311365662438383,0.27465546126009827,-0.037783650164958146,-0.10085485831204045,-0.0342874711117233,0.08947541411536965,0.0023318586499192894,0.08714058540520982,0.08713272684231167,0.08703042971529477,0.08659951854487413,0.06811790636627382,0.001621437536162394,0.0034825274099743635,0.08597765283687958,0.08744316944728672,0.08582328114987542,0.07710942805440872,0.0020149477245199813,0.08270065007677273,0.0918661627703933,0.08543799099498035,0.08298350067886692,0.18188882587003405,-0.017180035931456644,0.009185047153328673,0.16057387537676285,-0.027827283578455146,0.0811327931428745,-0.0018433703626175248,-0.02650948130204416,0.07036673597831822,0.02131734918848742,-0.026512488905238125,0.009861659993290387,-0.017821131309887838,0.004477905101683152,0.04021831916852381,0.06879310720011718,0.13941177394758708,0.027690158041325172,-0.007902128849254975,-0.03693652663482787,-0.008099810609640478,0.09957206824850401,0.06742013047705187,0.0874251013910412,0.00831082839192346,0.027488055971495645,0.0012623318814320673,0.0043280081737488525,0.07860770543171954,0.06580911363767326,-0.004399614036980122,0.04423447139918572,0.04423447139918572,0.04423447139918572,0.0275550235338523,0.015476664808656195,-0.023443430823797278,0.12854889637443762,0.12032948805988959,0.07693808037870652,0.07983795293609595,0.07574938523477903,1.0,0.04435044121478614,0.04435044121478444,0.0736946240736799,0.07284864999777431,0.05859679003325859,-0.13772873737101954,0.013093583034667677,0.02720798309571198
HAS_BUREAU_HISTORY,-0.001441585425073593,0.04104668636123575,-0.09306879088345325,0.19377601952428936,0.10700210859854212,0.036780367494537294,0.06884368236896955,0.06884368236896955,0.10895233327637029,0.061332923447013084,0.021091968429811085,0.1072976446344531,0.03120311457410685,0.03120311457410685,0.10878976787690789,0.11014474532909409,0.0026686377062225667,0.019424633327761443,-0.033616018444730146,-0.03128918025267537,-0.008506937866186426,0.013038700353378967,0.023441132979548602,0.004946026606496803,0.0012427215326957397,-0.05325034429092159,-0.016613725326030983,-0.01439127057771056,0.03960851988712136,-0.014406902836315672,0.07813743505736095,0.07813743505736095,0.11594614775293334,0.0951610832723548,0.6413443632876678,0.07011071935095195,0.07011071935095195,-0.0035114631147470537,-0.027210362174925562,0.049564549104221166,-0.0156469161796133,-0.028115464542593355,-0.007759519225517902,-0.01046930669086082,-0.010523565815100755,0.0016888073489219162,0.02863101169267713,0.03425903219402855,0.02472618199590508,-0.008724831006818217,0.01924713135629527,0.018439931321960423,-0.015878830692014644,0.019301174710576782,-0.0317876032059609,-0.004413879702917305,-0.004413879702917305,0.010531341010170926,-0.003593796891741043,-0.016474966538356933,-0.0065930695857034935,0.010820193903536963,-0.007743631334352899,0.02514278433721623,0.01566258771556444,0.02044394645732705,0.15261474107621054,-0.007737804370469454,-0.19676509211440385,-0.00028205669896552493,0.025044827277907477,0.07105213576405801,0.02497733637794907,0.02490598562469764,0.024652338587513777,0.024908556308446777,0.02470245123187644,0.03682002580346591,0.027008314700219322,0.024661353397338156,0.023526239438022924,0.02393940998752201,0.025865881080350848,0.0429457980019485,0.020645684415560694,0.021260240975817146,0.023023644678619372,0.024084135049693638,0.7860028536369811,-0.015793206750813256,-0.0037538376372087626,0.015020253285032377,-0.019319314921581284,0.022243243020498377,0.2326339539930124,-0.018713147662356936,0.020527628635657862,0.2579572017208502,0.0008076378118935139,0.07414210397632431,-0.017077480597210024,-0.010808014603606602,0.8596242958537204,0.02367694836307747,0.015092764240127558,0.03039475274098374,-0.010019833482006793,-0.00805246819817712,-0.015755347189691623,0.009078503959184152,0.034210092305980294,0.01581698720625741,-0.007768215788412101,-0.0023583782082987927,-0.01246975199004591,-0.011290706981225886,0.019213304040416258,0.5937303585652388,0.013063805252281504,0.9666005294514535,0.9666005294514535,0.9666005294514535,0.0008464146228435325,0.9575740632837755,0.003681581330449982,0.009724273404359617,0.004384759613748246,0.017594678967409738,0.01751758870409679,0.01833022013911852,0.04435044121478614,1.0,0.9999999999999957,0.018373480046586746,0.01797523384807808,0.5670831331416337,-0.43087784269211005,-0.03632252343665248,0.007339375029081497
BUREAU_HAS_BAD_DEBT,-0.0014415854250754375,0.041046686361236,-0.09306879088345267,0.19377601952429024,0.10700210859854223,0.036780367494536156,0.06884368236896578,0.06884368236896578,0.10895233327636997,0.06133292344701279,0.021091968429811203,0.10729764463445528,0.031203114574107876,0.031203114574107876,0.10878976787690917,0.11014474532909357,0.0026686377062225346,0.019424633327761353,-0.03361601844473084,-0.031289180252675436,-0.008506937866186644,0.013038700353379031,0.023441132979548817,0.0049460266064969075,0.0012427215326957669,-0.0532503442909206,-0.01661372532603044,-0.014391270577711066,0.039608519887121586,-0.014406902836315313,0.07813743505736213,0.07813743505736213,0.11594614775293614,0.09516108327235656,0.6413443632876769,0.07011071935095167,0.07011071935095167,-0.003511463114747199,-0.027210362174924663,0.04956454910422007,-0.015646916179612936,-0.02811546454259313,-0.0077595192255179414,-0.010469306690860778,-0.010523565815100461,0.0016888073489219277,0.028631011692676723,0.03425903219402846,0.02472618199590539,-0.008724831006817937,0.019247131356295123,0.018439931321960604,-0.01587883069201494,0.019301174710576352,-0.031787603205961655,-0.004413879702917355,-0.004413879702917355,0.010531341010171015,-0.003593796891740988,-0.016474966538356426,-0.006593069585703374,0.010820193903536755,-0.007743631334352847,0.025142784337216544,0.015662587715564218,0.020443946457326813,0.1526147410762088,-0.00773780437046964,-0.1967650921144023,-0.00028205669896555946,0.025044827277907317,0.07105213576405851,0.02497733637794865,0.024905985624698052,0.024652338587513596,0.024908556308447335,0.024702451231876168,0.036820025803466105,0.027008314700219516,0.024661353397338333,0.023526239438022876,0.023939409987522014,0.02586588108035131,0.04294579800194707,0.020645684415560302,0.02126024097581652,0.02302364467861901,0.02408413504969386,0.7860028536369866,-0.015793206750813565,-0.0037538376372088108,0.01502025328503215,-0.019319314921581697,0.02224324302049785,0.23263395399300468,-0.01871314766235716,0.0205276286356584,0.2579572017208445,0.0008076378118934592,0.07414210397632447,-0.017077480597209725,-0.010808014603606132,0.8596242958537195,0.02367694836307772,0.015092764240127284,0.030394752740983976,-0.010019833482006866,-0.00805246819817706,-0.015755347189691307,0.009078503959184395,0.0342100923059805,0.015816987206258067,-0.00776821578841197,-0.0023583782082987645,-0.012469751990046391,-0.011290706981226188,0.01921330404041606,0.593730358565223,0.013063805252281272,0.9666005294514685,0.9666005294514685,0.9666005294514685,0.0008464146228435399,0.9575740632837568,0.0036815813304500577,0.009724273404359413,0.0043847596137482105,0.017594678967410408,0.017517588704097035,0.018330220139119037,0.04435044121478444,0.9999999999999957,1.0,0.018373480046587093,0.017975233848077213,0.5670831331416121,-0.43087784269212426,-0.036322523436652356,0.007339375029081614
HOUSING_NONLIVINGAPARTMENTS_WAS_MISSING,-0.00023116392641377804,0.06213107613346357,0.04110008083553062,0.06916777098423231,0.008317958384191507,0.07633490448005531,0.01689330914139058,0.01689330914139058,0.016522537285608,0.012195237685033248,0.031080634952185344,0.017377212655921494,0.016768878597703946,0.016768878597703946,0.00163796901878061,0.04090652746683751,0.0037892173383285693,0.014102107365587636,0.006591722550311259,-0.009411710126064256,0.015241862912792581,0.028811171553966834,-0.0030150784245939126,0.01320096487588057,0.014623148287880946,0.005657892371184474,0.018301759979572656,0.1344499976940519,0.07603872959674547,0.10234538125090921,0.02468530748761138,0.02468530748761138,-0.0019694004397715265,0.018342397100419485,0.033949775124704734,0.011097745155773043,0.011097745155773043,0.007822394455677669,0.012896336603609058,0.005865823601528303,0.07674497115812447,0.019473680262315447,-0.013006587039723292,-0.0056248567501822125,-0.005581545817970514,0.011379051650610204,0.001193441163428123,0.001110353879323635,0.19066452368537679,0.026054853677049884,0.5378286563057343,0.0006448676336817251,0.00031642483430831573,0.45830675068167753,0.0076593214586565825,0.0496284400505522,0.0496284400505522,0.3453372738967069,-0.002142134330023276,0.00042306011514839023,-0.005483205301466843,0.36426414072508284,-0.003488477655322947,0.4654821046967642,0.4004990396863138,0.5770575985487345,0.056441617342130435,0.0010138310045609987,-0.019764005429112275,-0.0024175239252580325,0.7035941787090381,-0.007827757658026553,0.6399937049539031,0.6398026694329919,0.6670194209869326,0.6593074586806568,0.5289346612028759,-0.0018677078307653121,0.11372718969937153,0.6456427001092776,0.7018088755284151,0.6707899962231473,0.6149063271204301,-0.022709262218551695,0.637989234692487,0.6417710583361297,0.7216011760241255,0.662686613060895,0.0494171469027603,-0.002699725949776221,0.01001489932758686,0.037348651385534705,-0.0056852703837099805,0.7468502744993532,0.009692614224776158,-0.0037130834338583137,0.4851000017886705,0.004710858928416294,-0.0009008155050441725,-0.0006836295262613607,-0.0014752812643921453,0.010047735351154186,0.016880814264270853,0.7309361918698775,0.03391614335875547,0.029623352607949165,0.020905818900579652,-5.482304502492006e-05,0.02042425577681272,0.4667181151534794,0.03573674374964395,0.7503492051875225,0.010552228914613142,0.008169048614551772,0.004318495950295239,0.008722290703199135,0.9178684099862163,0.031460082721258664,0.1468634510117161,0.020410137425890294,0.020410137425890294,0.020410137425890294,0.007069901432075568,0.00379317558153601,0.002472353981126138,0.023473855231328913,0.0201832211828736,0.9278615608021205,0.7650407098012747,0.9701364846648372,0.0736946240736799,0.018373480046586746,0.018373480046587093,1.0,0.9259834629644993,0.03753803404561191,-0.021317792788985247,0.020972131141752986,0.04213865673581876
HOUSING_COMMONAREA_WAS_MISSING,0.0006279917569003274,0.0600411955203905,0.039678243028688547,0.06679779349233239,0.007404513041520753,0.07340287046889048,0.017248543674133213,0.017248543674133213,0.015768622703234494,0.012463690251522027,0.030660708996777523,0.015779182587926748,0.0170061642107419,0.0170061642107419,0.0013147734018291678,0.039496122155550296,0.0009028772841128881,0.012622828742998379,0.005475538029912142,-0.009230830533027852,0.015640458208865768,0.027545714174879325,-0.0038529842134767196,0.01203671765990289,0.015431819999104222,0.004452519275571598,0.018647405940549887,0.13202203553585698,0.07470989660877149,0.09696521772473574,0.026314807213336875,0.026314807213336875,-0.003213806108414455,0.019690572148515512,0.032361781577371004,0.010325293766788759,0.010325293766788759,0.00879809579333834,0.01313959463510093,0.005372038579571576,0.07025286913958852,0.019283583401459675,-0.013056016693195808,-0.005292308635541123,-0.00524787811423711,0.011943518060107816,0.0011957294777885888,0.00118820442072967,0.19105207209708314,0.024933372807738,0.5378597330382455,0.00010065756850364967,-0.00021211386548974153,0.4563555609031958,0.006676181026005757,0.049728274001219125,0.049728274001219125,0.34160279273283867,-0.00239249007457797,-0.00027040741380618725,-0.005708472219644496,0.36115884699694867,-0.003828874931941919,0.4538249506039933,0.4049123635437129,0.5704752614579873,0.05643622401346006,0.0012446435817670355,-0.020476560818306615,-0.002334799600874688,0.6961824395668653,-0.005922927416937855,0.6340447102600355,0.6331880755758329,0.6602347287089603,0.6524338150529577,0.5307220031910658,-0.0009555601497921023,0.1140709347489569,0.6396070633227786,0.6926341685328756,0.6597892579546897,0.6023952076694526,-0.02391432826420406,0.64131717622223,0.637054245562066,0.7154695498517306,0.658111310864824,0.04923012382100123,-0.0033134685446880503,0.01108924489331284,0.037872068529472794,-0.006670491093920857,0.7467920396200596,0.009113852846174686,-0.004018548413553011,0.4851585308125571,0.003569214969731032,-0.0007686631833516086,0.0006858516359085076,-0.0013033853802671127,0.010694142474777462,0.01622791591970386,0.7313422017945348,0.034532301048596885,0.03016002311116448,0.020016592801861684,-0.0011732861357326085,0.02014275880566133,0.45881070486680203,0.03618336645446231,0.7193520069686274,0.011292175232042855,0.0076499794304819135,0.00361603791908134,0.009137071445132932,0.9065732391708926,0.030645295557660154,0.14701071411214936,0.019676380855152713,0.019676380855152713,0.019676380855152713,0.006652733603461476,0.0031774361711063618,0.0015049666067945726,0.02239371443841369,0.018686436044072167,0.9112391880447775,0.8286568897655403,0.928458340330504,0.07284864999777431,0.01797523384807808,0.017975233848077213,0.9259834629644993,1.0,0.03654827626999625,-0.021962646618184967,0.01981503870479972,0.04196791917635033
EXT_SOURCE_NAN_COUNT,-2.8511817049911772e-05,0.02466892039607984,-0.20110306244691728,0.2956776928826455,0.07314580101819423,0.06218433423753116,0.012264653438413719,0.012264653438413719,-0.007341800502469034,0.030348465982335794,0.02192288522813296,0.044618525663925906,-0.15563053496963544,-0.15563053496963544,-0.019427874957649693,0.09018825167483392,0.013799855866330401,0.04145794240942029,-0.031026862146156603,-0.02061680791208219,-0.0014094999217378098,0.020100679427226698,-0.06980411511789698,-0.08021179729040157,0.005045595274548527,-0.04723437465951196,-0.00406084464224102,-0.0103785871862489,0.11478853093257087,-0.010070523440764251,0.09771842854309631,0.09771842854309631,-0.04471965660548478,0.07027192100544434,0.4316232440467785,0.004379436115704999,0.004379436115704999,0.0002599591723544346,-0.016576126934177853,0.05339195986246771,-0.004216937292494812,-0.020433485477860627,-0.13061798389297533,-0.1335899702999794,-0.13354314794089228,0.008638319345446899,0.033750454746333904,0.038869918368332354,-0.009392206191163668,0.009622164929776541,0.035049722008041705,0.021860250235430836,-0.0115713160765916,0.035244816208626656,-0.032672207377765355,-0.08538004501897789,-0.08538004501897789,0.024613644452135642,-0.01830595018498154,-0.012893674710410398,-0.008376647670118203,0.021075248219997927,-0.021456949263291898,0.03524084403686648,0.027164843448555864,0.03466687704115607,0.13219414656390793,0.01664268415941729,-0.18255935351356198,-0.01483023386964797,0.04170203733444086,0.060763567020826664,0.04096074404402626,0.04104916661923902,0.04086034727343454,0.04068238707241938,0.019922348666106017,0.03142175998560246,-0.01054727481561106,0.040436381325386,0.03903026493125106,0.03939127613310936,0.02108284027735143,-0.005503743523245103,0.03561126451931886,0.03705854034761604,0.03839218079206608,0.04011952849393784,0.5154250648634412,-0.028264145473465188,0.0031359412656273853,0.01121230974528614,-0.02830149883348042,0.041216247167433336,0.1468560367650909,-0.012767492551544891,0.029752856392959433,0.16233451127979817,-0.009852402514526825,0.06834248371791561,-0.019783656637822562,-0.0032095728234806495,0.5268341183947206,0.04038492787703754,0.013195579779211,-0.019003971718975398,0.008915337037267386,-0.017666034409401243,0.006978799902023152,0.020541796736396698,0.02013192573269452,0.029690923039253705,-0.001149999048241984,0.0005356669344508666,-0.007094386627435121,-0.005644748401034645,0.038681738396474756,0.37432747036037717,-0.0020962390320343094,0.5660815031302394,0.5660815031302394,0.5660815031302394,0.0019113452626097161,0.5133048532550507,0.0035299247538475185,0.0006872608540763925,-0.0037154208110166463,0.03781192902229407,0.03344831032658776,0.03804845070103493,0.05859679003325859,0.5670831331416337,0.5670831331416121,0.03753803404561191,0.03654827626999625,1.0,-0.3518526600856434,-0.03557372318730258,-0.03410741437883518
BUREAU_DEBT_SUM,-0.0004819277904271472,0.12353589640017794,0.17825947044540283,0.025967646890008363,0.22183533796045113,-0.027985028525468914,-0.07917234503867805,-0.07917234503867805,0.5619190645296129,-0.07750318278577571,-0.01742154751897232,0.287700328262327,0.026954555077160172,0.026954555077160172,0.27757633824778893,-0.11984858574412213,0.019262856177733063,0.026378362096734647,0.09333112166897407,0.07860690371968582,0.020020553877595392,-0.007465131387946074,-0.008694453412638206,0.019496394243204724,0.008599120826856687,0.12049881670544318,0.0239790865644491,0.00980405702750898,-0.0790791232014187,0.01248166143616192,-0.09094739691240734,-0.09094739691240734,0.45905842351722426,-0.07335205588403991,-0.34449836145475937,-0.014117961209103637,-0.014117961209103637,0.007402026500302465,0.04076989852243945,-0.007169558358462731,0.00823428184656711,0.04817701699378783,0.05870349033724728,0.06431093553212204,0.06435216259852192,0.003466005623650106,0.020681324111618653,0.010167484736919054,0.004337113642152979,0.025683264705435166,-0.018322356183539498,0.031100199064973848,0.07910818340194721,-0.016396607190107236,0.08986504828469045,0.047707171608432776,0.047707171608432776,-0.01547580473456844,0.010650446652609525,0.07914099509927029,0.06515769279918944,-0.014352186569139145,0.016090096777194925,-0.026308065305842624,-0.013981453821190235,-0.016872875123660896,-0.3525448617245088,0.08175229816327571,0.46271299654102527,0.0053108973591832484,-0.019009125066951956,-0.04371773265432585,-0.018383063885585017,-0.01815082230812173,-0.017355287105071927,-0.017535249807922152,-0.018750392346799948,-0.003265182852475491,-0.011995702534745608,-0.018012949593624036,-0.017316850818624465,-0.01812067987713379,-0.027397796526786932,-0.05409742014641902,-0.017083168625205702,-0.017704509375908922,-0.018731153098433227,-0.017252994909905128,-0.5928417764648498,0.059809095613077366,0.0024239406343163055,-0.04563762761257578,0.035950425815207764,-0.020017943593258775,-0.07733906508388096,0.07089893723689887,-0.013917178563860022,-0.09942336912507588,0.0010225710379210247,-0.06598495075350069,0.055133548592536614,0.010649442404252713,-0.433631745828743,-0.019573306435224914,-0.044430659138072745,-0.020264654501884156,0.019408317558057962,0.018317298447317658,0.024082240141218483,-0.012398965009744644,-0.0285170598759691,-0.018857814765359665,0.0038167576484958395,0.007949673201931682,-0.006932465284954661,0.010080697523292844,-0.02266425861512722,-0.2928232707156854,0.0129075562460715,-0.41648675087512316,-0.41648675087512316,-0.41648675087512316,0.00399325644221259,-0.3172119473475098,0.0015375726526503336,0.011748621848640313,0.016573180497975345,-0.02108883378644128,-0.02198832594274814,-0.021587136649953653,-0.13772873737101954,-0.43087784269211005,-0.43087784269212426,-0.021317792788985247,-0.021962646618184967,-0.3518526600856434,1.0,0.06911996097851429,0.021525605737540324
PREV_APP_COUNT,-0.0020318668913330523,0.05903613698027361,0.0611252071716109,0.03889603062474018,0.07175876856372038,0.0338331081186958,-0.041187820088005665,-0.041187820088005665,0.013159647114252595,-0.03223115129821031,0.042799115491673825,-0.033748064568286086,-0.054724402474231715,-0.054724402474231715,0.05704487866863529,-0.05707888388795473,0.023851451055254748,0.08620768082737904,0.18881489535098206,0.25608495467283265,0.025485133986881084,0.05878660425647635,-0.018975847208023013,-0.0033621296256072905,-0.008678503366695756,0.5216159949761074,0.05679981979982299,0.042579004934033826,0.08855589885382509,0.044497251599607435,-0.17495635357469877,-0.17495635357469877,0.05389503800704676,-0.15827616942295875,-0.09470423828919926,-0.012879350560726746,-0.012879350560726746,0.027055113321315036,0.11883694718566694,0.020125707760714154,0.04624515722483385,0.2678414210985375,-0.035532345008905376,-0.03373456428128037,-0.03370378919004856,-0.01859461317594222,-0.0019551263118861325,-0.026274464366766833,-0.007185222169155891,0.049551997273720554,0.037752096901236994,-0.0317120599175087,-0.011436206731776232,0.03355420412928851,-0.022473518289098833,-0.011848518626841395,-0.011848518626841395,0.042387083978738284,0.0934953318849045,-0.01019013115940943,-0.01749068098110783,0.04009250375377177,0.09901289989138815,0.029107564584551538,0.035565591477744456,0.031856562605888816,0.047251033039799405,0.1174749582547885,0.09333941335478285,0.10932262553786407,0.024121972956257558,-0.491336605228215,0.023036288617745586,0.023219327662537797,0.0230641186919549,0.023279112076821554,0.018995463279409992,-0.09060060022223897,-0.011322458394596127,0.022683823505571896,0.024336568773297842,0.022403407767369963,0.01661797017588921,-0.03261384842513811,0.027038435841359447,0.025873032922454364,0.023587742307636,0.022555857965419417,-0.04515666769521433,0.16849124515027025,0.03387092655909269,-0.10005011434892079,0.02662042774344258,0.023429324267435322,0.3958299827559948,0.0025557828358096163,0.02191539314648065,-0.03916336604276414,0.11500404523252994,-0.4485757744490229,0.02677880020461796,0.0821395711555657,-0.02952198336882134,0.023464811293022265,-0.08781565112690976,-0.017016679572002757,0.07698584653574155,0.17320869292383737,0.07695831085906957,0.031786425622013906,0.22890640456605846,0.026155099484801603,0.043564418110829686,0.021901072875207706,0.2297413167225449,0.07327921472844066,0.021108811735817554,-0.06516134499500688,-0.0027317861599323425,-0.030797041522669807,-0.030797041522669807,-0.030797041522669807,0.020971229527343788,-0.01790945293428103,0.0156921940673362,-0.06434555814785117,-0.04681000136501582,0.020491605706509385,0.021468622014637062,0.02108616932073446,0.013093583034667677,-0.03632252343665248,-0.036322523436652356,0.020972131141752986,0.01981503870479972,-0.03557372318730258,0.06911996097851429,1.0,-0.028747328583246304
FLAG_WORK_PHONE,0.0004138324155317684,0.05949964463938781,0.05709856899089062,0.04560483419470077,0.055699076665574734,0.018449910961659596,-0.002159904487558905,-0.002159904487558905,0.03227197868847775,-0.006369702599840932,0.004562271963579819,0.027125518350631418,0.17298147351133264,0.17298147351133264,0.018527160883062884,0.022059125282905632,-0.12315878975982353,-0.03897568747186648,0.04007342779055192,-0.016457210698001056,0.026443936590035404,-0.038277488502501476,0.17281797957300662,0.20261123631699274,0.031903277702009576,0.010016298281778118,0.022610592261628124,0.0140064188124373,-0.0032214470930939172,0.008679125845545288,-0.03313367927578876,-0.03313367927578876,0.01750984120856898,0.0028911822576753064,0.011810832132762383,0.050390093740704474,0.050390093740704474,0.021362969975932275,0.0093091910599657,0.009580841369565236,0.014030173833567942,0.005646006685737206,0.22489539696943953,0.23383376428599098,0.2338011264524329,0.019924874304904458,0.002248887301846145,0.005869818066596852,0.12099976730227018,-0.011255378237341225,0.05087810044929437,0.007836433484053672,0.006406878384856823,0.05197496659672047,-0.026162227773339198,0.06177864186757137,0.06177864186757137,0.0384011534274784,-0.0010158194356243665,0.005222491790439695,0.00446670352238274,0.03845791756918231,0.00034843945613601565,0.03717286746832574,0.038194529399504185,0.05095231489310484,-0.00655081528927279,-0.030047968762264447,0.021386112844842854,-0.004791850604689378,0.05929646709138882,0.037231231768212365,0.05933204807117479,0.05941766596755218,0.05826644615778339,0.05903827100184563,0.043929270503179116,0.015545586009776572,0.04594772487776651,0.058626841042894486,0.05677892654828382,0.05684178538941534,0.03594622078709305,0.030708997574139304,0.04422890609197281,0.04795997842193127,0.05330312870897476,0.056072651094833066,0.0020729889455820658,-0.01268680480672449,0.01648287789296346,0.04194956390911791,0.01694944156787109,0.05078392795185126,-0.0627186930486493,0.0023351817497858298,0.042684201615619685,-0.010555831868987002,-0.010380321415076214,0.017504184207575647,0.006948896708812799,0.010668384065751558,0.006391569142335674,0.049657617612051244,0.03975686786503811,0.02612258190692645,0.03364692723704867,-0.019785260809452428,0.028671266232831213,0.029781316289199698,0.03051836045800688,0.0375202153640863,0.014154063962781023,-0.00734810545918534,-0.048181025836517566,0.011040772307454575,0.046587091085726035,0.01076721481845186,0.10988999691118123,0.010918460220524636,0.010918460220524636,0.010918460220524636,-0.006180199147674161,0.00978261500931955,-0.03285539047419237,0.02706014486482397,0.023161499800747134,0.04637975279720656,0.03556470326743067,0.04298090760707191,0.02720798309571198,0.007339375029081497,0.007339375029081614,0.04213865673581876,0.04196791917635033,-0.03410741437883518,0.021525605737540324,-0.028747328583246304,1.0
